Name,Extension,Size_MB,RelativePath,WebsiteCategory,Subcategory,PlannedUse,TargetFolder
backblue.gif,.gif,0.004,backblue.gif,UI_TECHNICAL,UI/technical asset,Archive/reference; not core website content,ARCHIVE/REFERENCE
fade.gif,.gif,0.001,fade.gif,UI_TECHNICAL,UI/technical asset,Archive/reference; not core website content,ARCHIVE/REFERENCE
003_-_Front_View_45º_FIXED_LAYERS_(5)-JIMNY_5-DOORS2705.webp,.webp,0.068,cms.suzukihyperlocal.com\003_-_Front_View_45º_FIXED_LAYERS_(5)-JIMNY_5-DOORS2705.webp,JIMNY_5,Product/interior/exterior/color,Product page + catalog,PRODUCTS/JIMNY
003_COLORIZE_BLUISH_BLACK_FIXED_LAYERS-JIMNY_5-DOORSf5d8.webp,.webp,0.069,cms.suzukihyperlocal.com\003_COLORIZE_BLUISH_BLACK_FIXED_LAYERS-JIMNY_5-DOORSf5d8.webp,JIMNY_5,Product/interior/exterior/color,Product page + catalog,PRODUCTS/JIMNY
003_COLORIZE_GRANITE_GRAY_FIXED_LAYERS-JIMNY_5-DOORS804a.webp,.webp,0.071,cms.suzukihyperlocal.com\003_COLORIZE_GRANITE_GRAY_FIXED_LAYERS-JIMNY_5-DOORS804a.webp,JIMNY_5,Product/interior/exterior/color,Product page + catalog,PRODUCTS/JIMNY
003_COLORIZE_JUNGLE_GREEN_FIXED_LAYERS-JIMNY_5-DOORS3e08.webp,.webp,0.071,cms.suzukihyperlocal.com\003_COLORIZE_JUNGLE_GREEN_FIXED_LAYERS-JIMNY_5-DOORS3e08.webp,JIMNY_5,Product/interior/exterior/color,Product page + catalog,PRODUCTS/JIMNY
003_COLORIZE_KINETIC_YELLOW_FIXED_LAYERS-JIMNY_5-DOORS05cf.webp,.webp,0.076,cms.suzukihyperlocal.com\003_COLORIZE_KINETIC_YELLOW_FIXED_LAYERS-JIMNY_5-DOORS05cf.webp,JIMNY_5,Product/interior/exterior/color,Product page + catalog,PRODUCTS/JIMNY
003_COLORIZE_METALLIC_CHIFFON_IVORY_FIXED_LAYERS-JIMNY_5-DOORS2120.webp,.webp,0.074,cms.suzukihyperlocal.com\003_COLORIZE_METALLIC_CHIFFON_IVORY_FIXED_LAYERS-JIMNY_5-DOORS2120.webp,JIMNY_5,Product/interior/exterior/color,Product page + catalog,PRODUCTS/JIMNY
01_Suzuki FRONX GL Exterior 45┬║ front side - FLIP [COOL BLACK]-GLd57e.png,.png,0.434,cms.suzukihyperlocal.com\01_Suzuki FRONX GL Exterior 45┬║ front side - FLIP [COOL BLACK]-GLd57e.png,FRONX,Exterior/variant/color,Product page + homepage,PRODUCTS/FRONX
01_Suzuki FRONX GL Exterior 45┬║ front side - FLIP [MAGMA GREY]-GLe73f.png,.png,0.477,cms.suzukihyperlocal.com\01_Suzuki FRONX GL Exterior 45┬║ front side - FLIP [MAGMA GREY]-GLe73f.png,FRONX,Exterior/variant/color,Product page + homepage,PRODUCTS/FRONX
01_Suzuki FRONX GL Exterior 45┬║ front side - FLIP [SNOW WHITE]-GLda52.png,.png,0.46,cms.suzukihyperlocal.com\01_Suzuki FRONX GL Exterior 45┬║ front side - FLIP [SNOW WHITE]-GLda52.png,FRONX,Exterior/variant/color,Product page + homepage,PRODUCTS/FRONX
01_Suzuki FRONX GX Exterior 45┬║ front side - FLIP [COOL BLACK] copy-GX8429.png,.png,0.438,cms.suzukihyperlocal.com\01_Suzuki FRONX GX Exterior 45┬║ front side - FLIP [COOL BLACK] copy-GX8429.png,FRONX,Exterior/variant/color,Product page + homepage,PRODUCTS/FRONX
01_Suzuki FRONX GX Exterior 45┬║ front side - FLIP [MAGMA GREY] copy-GX7bb4.png,.png,0.48,cms.suzukihyperlocal.com\01_Suzuki FRONX GX Exterior 45┬║ front side - FLIP [MAGMA GREY] copy-GX7bb4.png,FRONX,Exterior/variant/color,Product page + homepage,PRODUCTS/FRONX
01_Suzuki FRONX GX Exterior 45┬║ front side - FLIP [SAVANA IVORY] copy-GX349b.png,.png,0.479,cms.suzukihyperlocal.com\01_Suzuki FRONX GX Exterior 45┬║ front side - FLIP [SAVANA IVORY] copy-GX349b.png,FRONX,Exterior/variant/color,Product page + homepage,PRODUCTS/FRONX
01_Suzuki FRONX GX Exterior 45┬║ front side - FLIP [SNOW WHITE] copy-GX3659.png,.png,0.463,cms.suzukihyperlocal.com\01_Suzuki FRONX GX Exterior 45┬║ front side - FLIP [SNOW WHITE] copy-GX3659.png,FRONX,Exterior/variant/color,Product page + homepage,PRODUCTS/FRONX
01_Suzuki FRONX SGX Exterior 45┬║ front side - FLIP [COOL BLACK] copy-SGX5bc7.png,.png,0.434,cms.suzukihyperlocal.com\01_Suzuki FRONX SGX Exterior 45┬║ front side - FLIP [COOL BLACK] copy-SGX5bc7.png,FRONX,Exterior/variant/color,Product page + homepage,PRODUCTS/FRONX
01_Suzuki FRONX SGX Exterior 45┬║ front side - FLIP [SAVANA IVORY] copy-SGX2792.png,.png,0.467,cms.suzukihyperlocal.com\01_Suzuki FRONX SGX Exterior 45┬║ front side - FLIP [SAVANA IVORY] copy-SGX2792.png,FRONX,Exterior/variant/color,Product page + homepage,PRODUCTS/FRONX
01_Suzuki FRONX SGX Exterior 45┬║ front side - FLIP [SNOW WHITE] copy-SGXc61c.png,.png,0.454,cms.suzukihyperlocal.com\01_Suzuki FRONX SGX Exterior 45┬║ front side - FLIP [SNOW WHITE] copy-SGXc61c.png,FRONX,Exterior/variant/color,Product page + homepage,PRODUCTS/FRONX
01_Suzuki FRONX SGX Exterior 45┬║ front side [ICE GRAYISH BLUE] copy-SGX5513.png,.png,0.462,cms.suzukihyperlocal.com\01_Suzuki FRONX SGX Exterior 45┬║ front side [ICE GRAYISH BLUE] copy-SGX5513.png,FRONX,Exterior/variant/color,Product page + homepage,PRODUCTS/FRONX
11. Head-Up Displaye1cd.png,.png,0.788,cms.suzukihyperlocal.com\11. Head-Up Displaye1cd.png,FEATURE_SAFETY,Feature/safety,Relevant product page,FEATURES_SAFETY
111a95.jpg,.jpg,0.029,cms.suzukihyperlocal.com\111a95.jpg,ARCHIVE_UNIDENTIFIED,Unnamed/hash/timestamp asset,Archive until contextual source is confirmed,ARCHIVE/UNPUBLISHED
13. ELECTRONIC STABILITY PROGRAM (ESP®️)____b2ca.png,.png,0.33,cms.suzukihyperlocal.com\13. ELECTRONIC STABILITY PROGRAM (ESP®️)____b2ca.png,FEATURE_SAFETY,Feature/safety,Relevant product page,FEATURES_SAFETY
1583137774-Recoveredfe3e.jpg,.jpg,0.938,cms.suzukihyperlocal.com\1583137774-Recoveredfe3e.jpg,ARTICLE_MEDIA,Article image,Blog/SEO article,ARTICLES
16b719.jpg,.jpg,0.432,cms.suzukihyperlocal.com\16b719.jpg,ARCHIVE_UNIDENTIFIED,Unnamed/hash/timestamp asset,Archive until contextual source is confirmed,ARCHIVE/UNPUBLISHED
17137861602feb.webp,.webp,0.035,cms.suzukihyperlocal.com\17137861602feb.webp,ARTICLE_MEDIA,Article image,Blog/SEO article,ARTICLES
17155963419779.webp,.webp,0.022,cms.suzukihyperlocal.com\17155963419779.webp,ARTICLE_MEDIA,Article image,Blog/SEO article,ARTICLES
17161923277f1c.webp,.webp,0.01,cms.suzukihyperlocal.com\17161923277f1c.webp,ARTICLE_MEDIA,Article image,Blog/SEO article,ARTICLES
1716799842c56b.webp,.webp,0.034,cms.suzukihyperlocal.com\1716799842c56b.webp,ARTICLE_MEDIA,Article image,Blog/SEO article,ARTICLES
171696450608f2.webp,.webp,0.139,cms.suzukihyperlocal.com\171696450608f2.webp,ARTICLE_MEDIA,Article image,Blog/SEO article,ARTICLES
171774887880c0.webp,.webp,0.012,cms.suzukihyperlocal.com\171774887880c0.webp,ARTICLE_MEDIA,Article image,Blog/SEO article,ARTICLES
17183596835e90.webp,.webp,0.023,cms.suzukihyperlocal.com\17183596835e90.webp,ARTICLE_MEDIA,Article image,Blog/SEO article,ARTICLES
17189530829d64.webp,.webp,0.02,cms.suzukihyperlocal.com\17189530829d64.webp,ARTICLE_MEDIA,Article image,Blog/SEO article,ARTICLES
17207736751b91.webp,.webp,0.025,cms.suzukihyperlocal.com\17207736751b91.webp,ARTICLE_MEDIA,Article image,Blog/SEO article,ARTICLES
1721267161b821.webp,.webp,0.099,cms.suzukihyperlocal.com\1721267161b821.webp,ARTICLE_MEDIA,Article image,Blog/SEO article,ARTICLES
1721398724cdb1.webp,.webp,0.089,cms.suzukihyperlocal.com\1721398724cdb1.webp,ARTICLE_MEDIA,Article image,Blog/SEO article,ARTICLES
1721987785a5e0.webp,.webp,0.031,cms.suzukihyperlocal.com\1721987785a5e0.webp,ARTICLE_MEDIA,Article image,Blog/SEO article,ARTICLES
17231885607423.webp,.webp,0.014,cms.suzukihyperlocal.com\17231885607423.webp,ARTICLE_MEDIA,Article image,Blog/SEO article,ARTICLES
17237207855f09.webp,.webp,0.024,cms.suzukihyperlocal.com\17237207855f09.webp,ARTICLE_MEDIA,Article image,Blog/SEO article,ARTICLES
17244248259f5a.webp,.webp,0.039,cms.suzukihyperlocal.com\17244248259f5a.webp,ARTICLE_MEDIA,Article image,Blog/SEO article,ARTICLES
1726142830773b.webp,.webp,0.029,cms.suzukihyperlocal.com\1726142830773b.webp,ARTICLE_MEDIA,Article image,Blog/SEO article,ARTICLES
1727081711a7a9.webp,.webp,0.01,cms.suzukihyperlocal.com\1727081711a7a9.webp,ARTICLE_MEDIA,Article image,Blog/SEO article,ARTICLES
1727355217edb9.webp,.webp,0.013,cms.suzukihyperlocal.com\1727355217edb9.webp,ARTICLE_MEDIA,Article image,Blog/SEO article,ARTICLES
1728568099ca48.webp,.webp,0.02,cms.suzukihyperlocal.com\1728568099ca48.webp,ARTICLE_MEDIA,Article image,Blog/SEO article,ARTICLES
17295240035279.webp,.webp,0.05,cms.suzukihyperlocal.com\17295240035279.webp,ARTICLE_MEDIA,Article image,Blog/SEO article,ARTICLES
173106476802e3.webp,.webp,0.023,cms.suzukihyperlocal.com\173106476802e3.webp,ARTICLE_MEDIA,Article image,Blog/SEO article,ARTICLES
1731998294465f.webp,.webp,0.027,cms.suzukihyperlocal.com\1731998294465f.webp,ARTICLE_MEDIA,Article image,Blog/SEO article,ARTICLES
173225867612cc.webp,.webp,0.027,cms.suzukihyperlocal.com\173225867612cc.webp,ARTICLE_MEDIA,Article image,Blog/SEO article,ARTICLES
1734089703049c.webp,.webp,0.024,cms.suzukihyperlocal.com\1734089703049c.webp,ARTICLE_MEDIA,Article image,Blog/SEO article,ARTICLES
1734620944ffd3.webp,.webp,0.029,cms.suzukihyperlocal.com\1734620944ffd3.webp,ARTICLE_MEDIA,Article image,Blog/SEO article,ARTICLES
173554239008a0.webp,.webp,0.034,cms.suzukihyperlocal.com\173554239008a0.webp,ARTICLE_MEDIA,Article image,Blog/SEO article,ARTICLES
17365013026750.webp,.webp,0.045,cms.suzukihyperlocal.com\17365013026750.webp,ARTICLE_MEDIA,Article image,Blog/SEO article,ARTICLES
17374715481a68.webp,.webp,0.028,cms.suzukihyperlocal.com\17374715481a68.webp,ARTICLE_MEDIA,Article image,Blog/SEO article,ARTICLES
1738159733facd.webp,.webp,0.033,cms.suzukihyperlocal.com\1738159733facd.webp,ARTICLE_MEDIA,Article image,Blog/SEO article,ARTICLES
1738915910de22.webp,.webp,0.723,cms.suzukihyperlocal.com\1738915910de22.webp,ARTICLE_MEDIA,Article image,Blog/SEO article,ARTICLES
1739888867992c.webp,.webp,0.02,cms.suzukihyperlocal.com\1739888867992c.webp,ARTICLE_MEDIA,Article image,Blog/SEO article,ARTICLES
1739957442a875.webp,.webp,0.123,cms.suzukihyperlocal.com\1739957442a875.webp,ARTICLE_MEDIA,Article image,Blog/SEO article,ARTICLES
17409250779db7.webp,.webp,0.022,cms.suzukihyperlocal.com\17409250779db7.webp,ARTICLE_MEDIA,Article image,Blog/SEO article,ARTICLES
17411633055913.webp,.webp,0.034,cms.suzukihyperlocal.com\17411633055913.webp,ARTICLE_MEDIA,Article image,Blog/SEO article,ARTICLES
1742477237b75c.webp,.webp,0.016,cms.suzukihyperlocal.com\1742477237b75c.webp,ARTICLE_MEDIA,Article image,Blog/SEO article,ARTICLES
17429665458c99.webp,.webp,0.009,cms.suzukihyperlocal.com\17429665458c99.webp,ARTICLE_MEDIA,Article image,Blog/SEO article,ARTICLES
17430682476294.webp,.webp,0.044,cms.suzukihyperlocal.com\17430682476294.webp,ARTICLE_MEDIA,Article image,Blog/SEO article,ARTICLES
174391.jpg,.jpg,1.7,cms.suzukihyperlocal.com\174391.jpg,ARTICLE_MEDIA,Article image,Blog/SEO article,ARTICLES
1744168060_bannera1fd.webp,.webp,0.251,cms.suzukihyperlocal.com\1744168060_bannera1fd.webp,PROMO_HERO_BANNER,Banner/hero,Homepage/promo,HOME/PROMO
1744168115_bannerbf69.webp,.webp,0.212,cms.suzukihyperlocal.com\1744168115_bannerbf69.webp,PROMO_HERO_BANNER,Banner/hero,Homepage/promo,HOME/PROMO
1744169444_banner6a80.webp,.webp,0.275,cms.suzukihyperlocal.com\1744169444_banner6a80.webp,PROMO_HERO_BANNER,Banner/hero,Homepage/promo,HOME/PROMO
1744172397_bannerff0d.webp,.webp,0.137,cms.suzukihyperlocal.com\1744172397_bannerff0d.webp,PROMO_HERO_BANNER,Banner/hero,Homepage/promo,HOME/PROMO
17448176243cee.webp,.webp,0.017,cms.suzukihyperlocal.com\17448176243cee.webp,ARTICLE_MEDIA,Article image,Blog/SEO article,ARTICLES
17454813042bd6.webp,.webp,0.038,cms.suzukihyperlocal.com\17454813042bd6.webp,ARTICLE_MEDIA,Article image,Blog/SEO article,ARTICLES
174556769082d9.webp,.webp,0.019,cms.suzukihyperlocal.com\174556769082d9.webp,ARTICLE_MEDIA,Article image,Blog/SEO article,ARTICLES
1746762745a7eb.webp,.webp,0.056,cms.suzukihyperlocal.com\1746762745a7eb.webp,ARTICLE_MEDIA,Article image,Blog/SEO article,ARTICLES
1747627755657c.webp,.webp,0.057,cms.suzukihyperlocal.com\1747627755657c.webp,ARTICLE_MEDIA,Article image,Blog/SEO article,ARTICLES
174797409118c7.webp,.webp,0.012,cms.suzukihyperlocal.com\174797409118c7.webp,ARTICLE_MEDIA,Article image,Blog/SEO article,ARTICLES
1748336665a51c.png,.png,1.412,cms.suzukihyperlocal.com\1748336665a51c.png,ARTICLE_MEDIA,Article image,Blog/SEO article,ARTICLES
17483366691f79.png,.png,1.355,cms.suzukihyperlocal.com\17483366691f79.png,ARTICLE_MEDIA,Article image,Blog/SEO article,ARTICLES
17483366806906.png,.png,1.437,cms.suzukihyperlocal.com\17483366806906.png,ARTICLE_MEDIA,Article image,Blog/SEO article,ARTICLES
1748336684aaf0.png,.png,1.135,cms.suzukihyperlocal.com\1748336684aaf0.png,ARTICLE_MEDIA,Article image,Blog/SEO article,ARTICLES
1748336688e325.png,.png,1.262,cms.suzukihyperlocal.com\1748336688e325.png,ARTICLE_MEDIA,Article image,Blog/SEO article,ARTICLES
1748336697718e.png,.png,1.19,cms.suzukihyperlocal.com\1748336697718e.png,ARTICLE_MEDIA,Article image,Blog/SEO article,ARTICLES
1748336733f835.png,.png,1.276,cms.suzukihyperlocal.com\1748336733f835.png,ARTICLE_MEDIA,Article image,Blog/SEO article,ARTICLES
17483367400a87.png,.png,1.189,cms.suzukihyperlocal.com\17483367400a87.png,ARTICLE_MEDIA,Article image,Blog/SEO article,ARTICLES
17483367515c37.png,.png,1.223,cms.suzukihyperlocal.com\17483367515c37.png,ARTICLE_MEDIA,Article image,Blog/SEO article,ARTICLES
174833675602e3.png,.png,1.266,cms.suzukihyperlocal.com\174833675602e3.png,ARTICLE_MEDIA,Article image,Blog/SEO article,ARTICLES
1748336762b4fb.png,.png,1.676,cms.suzukihyperlocal.com\1748336762b4fb.png,ARTICLE_MEDIA,Article image,Blog/SEO article,ARTICLES
1748336772735f.png,.png,1.677,cms.suzukihyperlocal.com\1748336772735f.png,ARTICLE_MEDIA,Article image,Blog/SEO article,ARTICLES
17483367793dcd.png,.png,1.448,cms.suzukihyperlocal.com\17483367793dcd.png,ARTICLE_MEDIA,Article image,Blog/SEO article,ARTICLES
1748337408a46b.png,.png,1.149,cms.suzukihyperlocal.com\1748337408a46b.png,ARTICLE_MEDIA,Article image,Blog/SEO article,ARTICLES
1748338524ecb5.png,.png,0.654,cms.suzukihyperlocal.com\1748338524ecb5.png,ARTICLE_MEDIA,Article image,Blog/SEO article,ARTICLES
1748338559032d.png,.png,1.328,cms.suzukihyperlocal.com\1748338559032d.png,ARTICLE_MEDIA,Article image,Blog/SEO article,ARTICLES
17494558062ca1.webp,.webp,0.032,cms.suzukihyperlocal.com\17494558062ca1.webp,ARTICLE_MEDIA,Article image,Blog/SEO article,ARTICLES
1750047538a037.webp,.webp,0.036,cms.suzukihyperlocal.com\1750047538a037.webp,ARTICLE_MEDIA,Article image,Blog/SEO article,ARTICLES
1750403708769b.webp,.webp,0.037,cms.suzukihyperlocal.com\1750403708769b.webp,ARTICLE_MEDIA,Article image,Blog/SEO article,ARTICLES
17522076380f03.webp,.webp,0.045,cms.suzukihyperlocal.com\17522076380f03.webp,ARTICLE_MEDIA,Article image,Blog/SEO article,ARTICLES
17524636385117.webp,.webp,0.496,cms.suzukihyperlocal.com\17524636385117.webp,ARTICLE_MEDIA,Article image,Blog/SEO article,ARTICLES
1752464513_banner5495.webp,.webp,0.167,cms.suzukihyperlocal.com\1752464513_banner5495.webp,PROMO_HERO_BANNER,Banner/hero,Homepage/promo,HOME/PROMO
175308107233e1.webp,.webp,0.062,cms.suzukihyperlocal.com\175308107233e1.webp,ARTICLE_MEDIA,Article image,Blog/SEO article,ARTICLES
1753430941b335.webp,.webp,0.041,cms.suzukihyperlocal.com\1753430941b335.webp,ARTICLE_MEDIA,Article image,Blog/SEO article,ARTICLES
175489013692e6.webp,.webp,0.04,cms.suzukihyperlocal.com\175489013692e6.webp,ARTICLE_MEDIA,Article image,Blog/SEO article,ARTICLES
17555016862f5d.webp,.webp,0.08,cms.suzukihyperlocal.com\17555016862f5d.webp,ARTICLE_MEDIA,Article image,Blog/SEO article,ARTICLES
1756104763ae20.webp,.webp,0.033,cms.suzukihyperlocal.com\1756104763ae20.webp,ARTICLE_MEDIA,Article image,Blog/SEO article,ARTICLES
1757663211d5f0.webp,.webp,0.021,cms.suzukihyperlocal.com\1757663211d5f0.webp,ARTICLE_MEDIA,Article image,Blog/SEO article,ARTICLES
17582538854baf.webp,.webp,0.144,cms.suzukihyperlocal.com\17582538854baf.webp,ARTICLE_MEDIA,Article image,Blog/SEO article,ARTICLES
17585274262416.webp,.webp,0.026,cms.suzukihyperlocal.com\17585274262416.webp,ARTICLE_MEDIA,Article image,Blog/SEO article,ARTICLES
17591287683fd6.webp,.webp,0.033,cms.suzukihyperlocal.com\17591287683fd6.webp,ARTICLE_MEDIA,Article image,Blog/SEO article,ARTICLES
17599137550a35.webp,.webp,0.057,cms.suzukihyperlocal.com\17599137550a35.webp,ARTICLE_MEDIA,Article image,Blog/SEO article,ARTICLES
1760078936d696.webp,.webp,0.015,cms.suzukihyperlocal.com\1760078936d696.webp,ARTICLE_MEDIA,Article image,Blog/SEO article,ARTICLES
17609436870a23.webp,.webp,0.036,cms.suzukihyperlocal.com\17609436870a23.webp,ARTICLE_MEDIA,Article image,Blog/SEO article,ARTICLES
17615301815def.webp,.webp,0.07,cms.suzukihyperlocal.com\17615301815def.webp,ARTICLE_MEDIA,Article image,Blog/SEO article,ARTICLES
1761538698a7a4.webp,.webp,0.021,cms.suzukihyperlocal.com\1761538698a7a4.webp,ARTICLE_MEDIA,Article image,Blog/SEO article,ARTICLES
17627475773994.webp,.webp,0.047,cms.suzukihyperlocal.com\17627475773994.webp,ARTICLE_MEDIA,Article image,Blog/SEO article,ARTICLES
17633565182528.webp,.webp,0.015,cms.suzukihyperlocal.com\17633565182528.webp,ARTICLE_MEDIA,Article image,Blog/SEO article,ARTICLES
1763722609c6f2.png,.png,1.134,cms.suzukihyperlocal.com\1763722609c6f2.png,ARTICLE_MEDIA,Article image,Blog/SEO article,ARTICLES
1763722682400b.png,.png,0.995,cms.suzukihyperlocal.com\1763722682400b.png,ARTICLE_MEDIA,Article image,Blog/SEO article,ARTICLES
1763722761-GX78ff.png,.png,0.25,cms.suzukihyperlocal.com\1763722761-GX78ff.png,ARTICLE_MEDIA,Article image,Blog/SEO article,ARTICLES
1763722778-GX69a8.png,.png,0.28,cms.suzukihyperlocal.com\1763722778-GX69a8.png,ARTICLE_MEDIA,Article image,Blog/SEO article,ARTICLES
1763722840-GX5fea.png,.png,0.321,cms.suzukihyperlocal.com\1763722840-GX5fea.png,ARTICLE_MEDIA,Article image,Blog/SEO article,ARTICLES
1763722854-GX52b3.png,.png,0.282,cms.suzukihyperlocal.com\1763722854-GX52b3.png,ARTICLE_MEDIA,Article image,Blog/SEO article,ARTICLES
1763957007aa33.webp,.webp,0.032,cms.suzukihyperlocal.com\1763957007aa33.webp,ARTICLE_MEDIA,Article image,Blog/SEO article,ARTICLES
1765524414af97.webp,.webp,0.043,cms.suzukihyperlocal.com\1765524414af97.webp,ARTICLE_MEDIA,Article image,Blog/SEO article,ARTICLES
17663929511479.webp,.webp,0.036,cms.suzukihyperlocal.com\17663929511479.webp,ARTICLE_MEDIA,Article image,Blog/SEO article,ARTICLES
17665563019eb9.webp,.webp,0.015,cms.suzukihyperlocal.com\17665563019eb9.webp,ARTICLE_MEDIA,Article image,Blog/SEO article,ARTICLES
17682064131ff5.webp,.webp,0.03,cms.suzukihyperlocal.com\17682064131ff5.webp,ARTICLE_MEDIA,Article image,Blog/SEO article,ARTICLES
176888735431fe.webp,.webp,0.024,cms.suzukihyperlocal.com\176888735431fe.webp,ARTICLE_MEDIA,Article image,Blog/SEO article,ARTICLES
17694020307cf2.webp,.webp,0.015,cms.suzukihyperlocal.com\17694020307cf2.webp,ARTICLE_MEDIA,Article image,Blog/SEO article,ARTICLES
1770247025dd25.png,.png,0.355,cms.suzukihyperlocal.com\1770247025dd25.png,ARTICLE_MEDIA,Article image,Blog/SEO article,ARTICLES
177035362959fe.webp,.webp,0.009,cms.suzukihyperlocal.com\177035362959fe.webp,ARTICLE_MEDIA,Article image,Blog/SEO article,ARTICLES
17709722652a8c.webp,.webp,0.042,cms.suzukihyperlocal.com\17709722652a8c.webp,ARTICLE_MEDIA,Article image,Blog/SEO article,ARTICLES
17718228191d05.webp,.webp,0.023,cms.suzukihyperlocal.com\17718228191d05.webp,ARTICLE_MEDIA,Article image,Blog/SEO article,ARTICLES
1773031806e7ea.webp,.webp,0.035,cms.suzukihyperlocal.com\1773031806e7ea.webp,ARTICLE_MEDIA,Article image,Blog/SEO article,ARTICLES
177365205230b5.webp,.webp,0.031,cms.suzukihyperlocal.com\177365205230b5.webp,ARTICLE_MEDIA,Article image,Blog/SEO article,ARTICLES
17748558694ef2.webp,.webp,0.031,cms.suzukihyperlocal.com\17748558694ef2.webp,ARTICLE_MEDIA,Article image,Blog/SEO article,ARTICLES
1776061809bd7e.webp,.webp,0.01,cms.suzukihyperlocal.com\1776061809bd7e.webp,ARTICLE_MEDIA,Article image,Blog/SEO article,ARTICLES
17767578352a16.webp,.webp,0.069,cms.suzukihyperlocal.com\17767578352a16.webp,ARTICLE_MEDIA,Article image,Blog/SEO article,ARTICLES
1777282697b6fa.webp,.webp,0.053,cms.suzukihyperlocal.com\1777282697b6fa.webp,ARTICLE_MEDIA,Article image,Blog/SEO article,ARTICLES
1778558988fd95.webp,.webp,0.049,cms.suzukihyperlocal.com\1778558988fd95.webp,ARTICLE_MEDIA,Article image,Blog/SEO article,ARTICLES
17792627947743.webp,.webp,0.026,cms.suzukihyperlocal.com\17792627947743.webp,ARTICLE_MEDIA,Article image,Blog/SEO article,ARTICLES
17796990421342.webp,.webp,0.043,cms.suzukihyperlocal.com\17796990421342.webp,ARTICLE_MEDIA,Article image,Blog/SEO article,ARTICLES
178097557822c0.webp,.webp,0.02,cms.suzukihyperlocal.com\178097557822c0.webp,ARTICLE_MEDIA,Article image,Blog/SEO article,ARTICLES
1781679124371d.webp,.webp,0.025,cms.suzukihyperlocal.com\1781679124371d.webp,ARTICLE_MEDIA,Article image,Blog/SEO article,ARTICLES
1782270256155e.webp,.webp,0.035,cms.suzukihyperlocal.com\1782270256155e.webp,ARTICLE_MEDIA,Article image,Blog/SEO article,ARTICLES
1783678528_6a50c6401d445dc66.webp,.webp,0.022,cms.suzukihyperlocal.com\1783678528_6a50c6401d445dc66.webp,ARTICLE_MEDIA,Article image,Blog/SEO article,ARTICLES
1784621908_6a5f2b54cf4fcb824.webp,.webp,0.02,cms.suzukihyperlocal.com\1784621908_6a5f2b54cf4fcb824.webp,ARTICLE_MEDIA,Article image,Blog/SEO article,ARTICLES
1785135079_6a66ffe7e30bb70f9.webp,.webp,0.031,cms.suzukihyperlocal.com\1785135079_6a66ffe7e30bb70f9.webp,ARTICLE_MEDIA,Article image,Blog/SEO article,ARTICLES
1785320004_6a69d244ef0d5cb2c.jpg,.jpg,0.736,cms.suzukihyperlocal.com\1785320004_6a69d244ef0d5cb2c.jpg,ARTICLE_MEDIA,Article image,Blog/SEO article,ARTICLES
1785320247_6a69d3376753d58a5.jpg,.jpg,0.312,cms.suzukihyperlocal.com\1785320247_6a69d3376753d58a5.jpg,ARTICLE_MEDIA,Article image,Blog/SEO article,ARTICLES
1785332527_6a6a032fcc56d9eb7.png,.png,0.303,cms.suzukihyperlocal.com\1785332527_6a6a032fcc56d9eb7.png,ARTICLE_MEDIA,Article image,Blog/SEO article,ARTICLES
1785332693_6a6a03d5d02aaadbb.png,.png,0.306,cms.suzukihyperlocal.com\1785332693_6a6a03d5d02aaadbb.png,ARTICLE_MEDIA,Article image,Blog/SEO article,ARTICLES
1785332746_6a6a040ac7028a1d0.png,.png,0.253,cms.suzukihyperlocal.com\1785332746_6a6a040ac7028a1d0.png,ARTICLE_MEDIA,Article image,Blog/SEO article,ARTICLES
1785332800_6a6a0440b71285a6c.png,.png,0.288,cms.suzukihyperlocal.com\1785332800_6a6a0440b71285a6c.png,ARTICLE_MEDIA,Article image,Blog/SEO article,ARTICLES
1785332936_6a6a04c89f5e9ca33.png,.png,0.262,cms.suzukihyperlocal.com\1785332936_6a6a04c89f5e9ca33.png,ARTICLE_MEDIA,Article image,Blog/SEO article,ARTICLES
1785332986_6a6a04fa01c65082d.png,.png,0.308,cms.suzukihyperlocal.com\1785332986_6a6a04fa01c65082d.png,ARTICLE_MEDIA,Article image,Blog/SEO article,ARTICLES
1785333076_6a6a055437992e75e.png,.png,0.303,cms.suzukihyperlocal.com\1785333076_6a6a055437992e75e.png,ARTICLE_MEDIA,Article image,Blog/SEO article,ARTICLES
1785333133_6a6a058d58737d24f.png,.png,0.306,cms.suzukihyperlocal.com\1785333133_6a6a058d58737d24f.png,ARTICLE_MEDIA,Article image,Blog/SEO article,ARTICLES
1785333150_6a6a059e9ab68465b.png,.png,0.301,cms.suzukihyperlocal.com\1785333150_6a6a059e9ab68465b.png,ARTICLE_MEDIA,Article image,Blog/SEO article,ARTICLES
1785333166_6a6a05aee5a0ae292.png,.png,0.259,cms.suzukihyperlocal.com\1785333166_6a6a05aee5a0ae292.png,ARTICLE_MEDIA,Article image,Blog/SEO article,ARTICLES
1785334200_6a6a09b861fcce5ef.png,.png,0.857,cms.suzukihyperlocal.com\1785334200_6a6a09b861fcce5ef.png,ARTICLE_MEDIA,Article image,Blog/SEO article,ARTICLES
1785334213_6a6a09c501fc818c5.png,.png,1.193,cms.suzukihyperlocal.com\1785334213_6a6a09c501fc818c5.png,ARTICLE_MEDIA,Article image,Blog/SEO article,ARTICLES
1785334359_6a6a0a572a53096ae.png,.png,1.132,cms.suzukihyperlocal.com\1785334359_6a6a0a572a53096ae.png,ARTICLE_MEDIA,Article image,Blog/SEO article,ARTICLES
1785334371_6a6a0a633a8f98533.png,.png,0.314,cms.suzukihyperlocal.com\1785334371_6a6a0a633a8f98533.png,ARTICLE_MEDIA,Article image,Blog/SEO article,ARTICLES
1785334386_6a6a0a726c40e387b.png,.png,1.141,cms.suzukihyperlocal.com\1785334386_6a6a0a726c40e387b.png,ARTICLE_MEDIA,Article image,Blog/SEO article,ARTICLES
1785334479_6a6a0acfc3dfeb636.png,.png,0.443,cms.suzukihyperlocal.com\1785334479_6a6a0acfc3dfeb636.png,ARTICLE_MEDIA,Article image,Blog/SEO article,ARTICLES
1785334491_6a6a0adbe6b9fac99.png,.png,1.007,cms.suzukihyperlocal.com\1785334491_6a6a0adbe6b9fac99.png,ARTICLE_MEDIA,Article image,Blog/SEO article,ARTICLES
1785334503_6a6a0ae769cce6569.png,.png,0.863,cms.suzukihyperlocal.com\1785334503_6a6a0ae769cce6569.png,ARTICLE_MEDIA,Article image,Blog/SEO article,ARTICLES
1785334515_6a6a0af38835eea7d.png,.png,0.585,cms.suzukihyperlocal.com\1785334515_6a6a0af38835eea7d.png,ARTICLE_MEDIA,Article image,Blog/SEO article,ARTICLES
1785334528_6a6a0b005c9b2912f.png,.png,0.514,cms.suzukihyperlocal.com\1785334528_6a6a0b005c9b2912f.png,ARTICLE_MEDIA,Article image,Blog/SEO article,ARTICLES
1785334539_6a6a0b0b206d26789.png,.png,0.989,cms.suzukihyperlocal.com\1785334539_6a6a0b0b206d26789.png,ARTICLE_MEDIA,Article image,Blog/SEO article,ARTICLES
1785334624_6a6a0b602c456a38d.png,.png,0.647,cms.suzukihyperlocal.com\1785334624_6a6a0b602c456a38d.png,ARTICLE_MEDIA,Article image,Blog/SEO article,ARTICLES
1785334639_6a6a0b6fb584ba57a.png,.png,0.824,cms.suzukihyperlocal.com\1785334639_6a6a0b6fb584ba57a.png,ARTICLE_MEDIA,Article image,Blog/SEO article,ARTICLES
1785334779_6a6a0bfb9c2ab05cd.png,.png,0.657,cms.suzukihyperlocal.com\1785334779_6a6a0bfb9c2ab05cd.png,ARTICLE_MEDIA,Article image,Blog/SEO article,ARTICLES
1785334799_6a6a0c0f577b125f8.png,.png,0.571,cms.suzukihyperlocal.com\1785334799_6a6a0c0f577b125f8.png,ARTICLE_MEDIA,Article image,Blog/SEO article,ARTICLES
1785334847_6a6a0c3f1f21c4882.png,.png,0.481,cms.suzukihyperlocal.com\1785334847_6a6a0c3f1f21c4882.png,ARTICLE_MEDIA,Article image,Blog/SEO article,ARTICLES
1785334873_6a6a0c59adffbeeee.png,.png,0.5,cms.suzukihyperlocal.com\1785334873_6a6a0c59adffbeeee.png,ARTICLE_MEDIA,Article image,Blog/SEO article,ARTICLES
1785334902_6a6a0c76d8c44bbe0.png,.png,0.583,cms.suzukihyperlocal.com\1785334902_6a6a0c76d8c44bbe0.png,ARTICLE_MEDIA,Article image,Blog/SEO article,ARTICLES
1785334923_6a6a0c8b7ea05fae2.png,.png,0.668,cms.suzukihyperlocal.com\1785334923_6a6a0c8b7ea05fae2.png,ARTICLE_MEDIA,Article image,Blog/SEO article,ARTICLES
1785335036_6a6a0cfcb704f03bd.png,.png,0.4,cms.suzukihyperlocal.com\1785335036_6a6a0cfcb704f03bd.png,ARTICLE_MEDIA,Article image,Blog/SEO article,ARTICLES
1785566869_6a6d96951c15798d4.png,.png,0.287,cms.suzukihyperlocal.com\1785566869_6a6d96951c15798d4.png,ARTICLE_MEDIA,Article image,Blog/SEO article,ARTICLES
1785567056_6a6d9750e349a977d.png,.png,7.799,cms.suzukihyperlocal.com\1785567056_6a6d9750e349a977d.png,ARTICLE_MEDIA,Article image,Blog/SEO article,ARTICLES
1785567092_6a6d9774c843ae973.png,.png,7.618,cms.suzukihyperlocal.com\1785567092_6a6d9774c843ae973.png,ARTICLE_MEDIA,Article image,Blog/SEO article,ARTICLES
1785567099_6a6d977b6bfa12d61.png,.png,6.096,cms.suzukihyperlocal.com\1785567099_6a6d977b6bfa12d61.png,ARTICLE_MEDIA,Article image,Blog/SEO article,ARTICLES
1785567108_6a6d97840d3bc4479.png,.png,8.674,cms.suzukihyperlocal.com\1785567108_6a6d97840d3bc4479.png,ARTICLE_MEDIA,Article image,Blog/SEO article,ARTICLES
1785567144_6a6d97a8e51a0a480.png,.png,0.803,cms.suzukihyperlocal.com\1785567144_6a6d97a8e51a0a480.png,ARTICLE_MEDIA,Article image,Blog/SEO article,ARTICLES
1785567210_6a6d97eaf14a9b7e1.png,.png,0.544,cms.suzukihyperlocal.com\1785567210_6a6d97eaf14a9b7e1.png,ARTICLE_MEDIA,Article image,Blog/SEO article,ARTICLES
1785567211_6a6d97eb59d8289ef.png,.png,0.568,cms.suzukihyperlocal.com\1785567211_6a6d97eb59d8289ef.png,ARTICLE_MEDIA,Article image,Blog/SEO article,ARTICLES
1785567211_6a6d97ebf3b33da60.png,.png,0.508,cms.suzukihyperlocal.com\1785567211_6a6d97ebf3b33da60.png,ARTICLE_MEDIA,Article image,Blog/SEO article,ARTICLES
1785567212_6a6d97ec9d7aec907.png,.png,0.653,cms.suzukihyperlocal.com\1785567212_6a6d97ec9d7aec907.png,ARTICLE_MEDIA,Article image,Blog/SEO article,ARTICLES
1785567213_6a6d97ed6366f451f.png,.png,1.087,cms.suzukihyperlocal.com\1785567213_6a6d97ed6366f451f.png,ARTICLE_MEDIA,Article image,Blog/SEO article,ARTICLES
1785997934_6a742a6e07c2ad75b.webp,.webp,0.179,cms.suzukihyperlocal.com\1785997934_6a742a6e07c2ad75b.webp,ARTICLE_MEDIA,Article image,Blog/SEO article,ARTICLES
1785999887_6a74320f27ff56f08.webp,.webp,0.182,cms.suzukihyperlocal.com\1785999887_6a74320f27ff56f08.webp,ARTICLE_MEDIA,Article image,Blog/SEO article,ARTICLES
1786155183_6a7690af74b515c57.webp,.webp,0.202,cms.suzukihyperlocal.com\1786155183_6a7690af74b515c57.webp,ARTICLE_MEDIA,Article image,Blog/SEO article,ARTICLES
1786421738_6a7aa1ea9033ee68d.webp,.webp,0.035,cms.suzukihyperlocal.com\1786421738_6a7aa1ea9033ee68d.webp,ARTICLE_MEDIA,Article image,Blog/SEO article,ARTICLES
1786430243_6a7ac323ccdeb6e1f.webp,.webp,0.17,cms.suzukihyperlocal.com\1786430243_6a7ac323ccdeb6e1f.webp,ARTICLE_MEDIA,Article image,Blog/SEO article,ARTICLES
1__Ertiga09209d63.jpg,.jpg,0.077,cms.suzukihyperlocal.com\1__Ertiga09209d63.jpg,ERTIGA_HYBRID,Product/color/interior,Product page + catalog,PRODUCTS/ERTIGA_HYBRID
210242439_532934317845553_2673374354614852231_n3ee6.jpg,.jpg,1.231,cms.suzukihyperlocal.com\210242439_532934317845553_2673374354614852231_n3ee6.jpg,ARTICLE_MEDIA,Article image,Blog/SEO article,ARTICLES
248db1.jpg,.jpg,0.338,cms.suzukihyperlocal.com\248db1.jpg,ARCHIVE_UNIDENTIFIED,Unnamed/hash/timestamp asset,Archive until contextual source is confirmed,ARCHIVE/UNPUBLISHED
2721929477f81.jpg,.jpg,0.029,cms.suzukihyperlocal.com\2721929477f81.jpg,ARTICLE_MEDIA,Article image,Blog/SEO article,ARTICLES
336a99.jpg,.jpg,0.692,cms.suzukihyperlocal.com\336a99.jpg,ARCHIVE_UNIDENTIFIED,Unnamed/hash/timestamp asset,Archive until contextual source is confirmed,ARCHIVE/UNPUBLISHED
35d061.jpg,.jpg,0.618,cms.suzukihyperlocal.com\35d061.jpg,ARCHIVE_UNIDENTIFIED,Unnamed/hash/timestamp asset,Archive until contextual source is confirmed,ARCHIVE/UNPUBLISHED
60x80-pamerran-r3-xl7-Recoveredc161.jpg,.jpg,0.921,cms.suzukihyperlocal.com\60x80-pamerran-r3-xl7-Recoveredc161.jpg,XL7_HYBRID,Product asset,Homepage hero + product page,PRODUCTS/XL7_HYBRID
61264-giias-2022-suzuki-s-pressoa192.jpg,.jpg,0.053,cms.suzukihyperlocal.com\61264-giias-2022-suzuki-s-pressoa192.jpg,S_PRESSO,Product asset,Product page + catalog,PRODUCTS/S_PRESSO
9. 360° View Camera7de1.png,.png,0.608,cms.suzukihyperlocal.com\9. 360° View Camera7de1.png,FEATURE_SAFETY,Feature/safety,Relevant product page,FEATURES_SAFETY
a355f7254db665a9b35e1897d8c561104716.jpg,.jpg,0.057,cms.suzukihyperlocal.com\a355f7254db665a9b35e1897d8c561104716.jpg,ARCHIVE_UNIDENTIFIED,Unnamed/hash/timestamp asset,Archive until contextual source is confirmed,ARCHIVE/UNPUBLISHED
air_radiator_mobil_dealer_suzuki4136.jpg,.jpg,0.044,cms.suzukihyperlocal.com\air_radiator_mobil_dealer_suzuki4136.jpg,ARTICLE_MEDIA,Article / educational / maintenance image,"Blog/SEO article; optional, not homepage",ARTICLES
air_radiator_mobil_habis_dealer_suzukie9d5.JPG,.jpg,0.035,cms.suzukihyperlocal.com\air_radiator_mobil_habis_dealer_suzukie9d5.JPG,ARTICLE_MEDIA,Article / educational / maintenance image,"Blog/SEO article; optional, not homepage",ARTICLES
aksesoris_mobil_dealer_suzuki6e3b.png,.png,0.185,cms.suzukihyperlocal.com\aksesoris_mobil_dealer_suzuki6e3b.png,ARTICLE_MEDIA,Article / educational / maintenance image,"Blog/SEO article; optional, not homepage",ARTICLES
ANE-BARUd40c.jpg,.jpg,1.18,cms.suzukihyperlocal.com\ANE-BARUd40c.jpg,ARCHIVE_UNIDENTIFIED,Unclear legacy asset,Archive until contextual source is confirmed,ARCHIVE/UNPUBLISHED
ANE_CRUISE_BLACK-CRUISEd36f.webp,.webp,0.052,cms.suzukihyperlocal.com\ANE_CRUISE_BLACK-CRUISEd36f.webp,ARCHIVE_UNIDENTIFIED,Unclear legacy asset,Archive until contextual source is confirmed,ARCHIVE/UNPUBLISHED
Asset_1_16934.webp,.webp,0.051,cms.suzukihyperlocal.com\Asset_1_16934.webp,ARCHIVE_UNIDENTIFIED,Unclear legacy asset,Archive until contextual source is confirmed,ARCHIVE/UNPUBLISHED
Asset_1_17633.webp,.webp,0.09,cms.suzukihyperlocal.com\Asset_1_17633.webp,ARCHIVE_UNIDENTIFIED,Unclear legacy asset,Archive until contextual source is confirmed,ARCHIVE/UNPUBLISHED
auto3d82.jpg,.jpg,0.475,cms.suzukihyperlocal.com\auto3d82.jpg,ASSET_REFERENCE,Generic/technical visual,Archive/reference; not core content,ARCHIVE/REFERENCE
ball_joint_dealer_suzuki4761.jpg,.jpg,0.058,cms.suzukihyperlocal.com\ball_joint_dealer_suzuki4761.jpg,ARTICLE_MEDIA,Article / educational / maintenance image,"Blog/SEO article; optional, not homepage",ARTICLES
banner-29875.jpg,.jpg,0.327,cms.suzukihyperlocal.com\banner-29875.jpg,PROMO_HERO_BANNER,Banner/hero,Homepage/promo,HOME/PROMO
bearingd3af.jpg,.jpg,0.082,cms.suzukihyperlocal.com\bearingd3af.jpg,ARTICLE_MEDIA,Article / educational / maintenance image,"Blog/SEO article; optional, not homepage",ARTICLES
beli-xl7-dan-all-new-ertiga-di-suzuki-finance-dapatkan-potongan-3x-angsuran-dan-asuransi-banjir-gratis_thumb9cfe.png,.png,0.282,cms.suzukihyperlocal.com\beli-xl7-dan-all-new-ertiga-di-suzuki-finance-dapatkan-potongan-3x-angsuran-dan-asuransi-banjir-gratis_thumb9cfe.png,XL7_HYBRID,Product asset,Homepage hero + product page,PRODUCTS/XL7_HYBRID
bensin6068.jpg,.jpg,0.161,cms.suzukihyperlocal.com\bensin6068.jpg,ARTICLE_MEDIA,Article / educational / maintenance image,"Blog/SEO article; optional, not homepage",ARTICLES
berkendara-aman-di-musim-hujan-agar-tenang-sampai-tujuan_thumb72b9.png,.png,0.339,cms.suzukihyperlocal.com\berkendara-aman-di-musim-hujan-agar-tenang-sampai-tujuan_thumb72b9.png,ARTICLE_MEDIA,Article image,Blog/SEO article,ARTICLES
best80cf.jpg,.jpg,0.23,cms.suzukihyperlocal.com\best80cf.jpg,ARCHIVE_UNIDENTIFIED,Unclear legacy asset,Archive until contextual source is confirmed,ARCHIVE/UNPUBLISHED
bg-maina406.webp,.webp,0.119,cms.suzukihyperlocal.com\bg-maina406.webp,UI_TECHNICAL,UI/technical asset,Archive/reference; not core website content,ARCHIVE/REFERENCE
big_braket_kit_dealer_suzuki4ed3.png,.png,0.19,cms.suzukihyperlocal.com\big_braket_kit_dealer_suzuki4ed3.png,ARCHIVE_UNIDENTIFIED,Unclear legacy asset,Archive until contextual source is confirmed,ARCHIVE/UNPUBLISHED
black-APV_ARENA4c67.webp,.webp,0.046,cms.suzukihyperlocal.com\black-APV_ARENA4c67.webp,LEGACY_PRODUCT_ARCHIVE,APV product asset,Archive only; not current primary lineup,ARCHIVE/UNPUBLISHED
Bluish_Black_Pearl-JIMNY_3-DOORS1136.webp,.webp,0.033,cms.suzukihyperlocal.com\Bluish_Black_Pearl-JIMNY_3-DOORS1136.webp,JIMNY,Product/interior/exterior/color,Product page + catalog,PRODUCTS/JIMNY
Brave-Khaki-ALL_NEW_ERTIGA6e30.webp,.webp,0.054,cms.suzukihyperlocal.com\Brave-Khaki-ALL_NEW_ERTIGA6e30.webp,ERTIGA_HYBRID,Product/color/interior,Product page + catalog,PRODUCTS/ERTIGA_HYBRID
brisk_blue_metallic-JIMNY_3-DOORS12ce.webp,.webp,0.037,cms.suzukihyperlocal.com\brisk_blue_metallic-JIMNY_3-DOORS12ce.webp,JIMNY,Product/interior/exterior/color,Product page + catalog,PRODUCTS/JIMNY
buhing_arm_mobil_rusak_dealer_suzukicb03.png,.png,0.215,cms.suzukihyperlocal.com\buhing_arm_mobil_rusak_dealer_suzukicb03.png,ARTICLE_MEDIA,Article / educational / maintenance image,"Blog/SEO article; optional, not homepage",ARTICLES
cara-membersihkan-velg-mobil27ea.jpg,.jpg,0.062,cms.suzukihyperlocal.com\cara-membersihkan-velg-mobil27ea.jpg,ARTICLE_MEDIA,Article / educational / maintenance image,"Blog/SEO article; optional, not homepage",ARTICLES
cara-mudah-bersihkan-dashboard-tanpa-harus-ke-salon-mobil-p0irSOtzSM35b4.jpg,.jpg,0.089,cms.suzukihyperlocal.com\cara-mudah-bersihkan-dashboard-tanpa-harus-ke-salon-mobil-p0irSOtzSM35b4.jpg,ARTICLE_MEDIA,Article / educational / maintenance image,"Blog/SEO article; optional, not homepage",ARTICLES
cara_mengkilapkan_cat_mobil_dealer_suzukie1ae.jpg,.jpg,0.079,cms.suzukihyperlocal.com\cara_mengkilapkan_cat_mobil_dealer_suzukie1ae.jpg,ARTICLE_MEDIA,Article / educational / maintenance image,"Blog/SEO article; optional, not homepage",ARTICLES
Carrye522.webp,.webp,0.175,cms.suzukihyperlocal.com\Carrye522.webp,NEW_CARRY,Product/color,Product page + catalog,PRODUCTS/NEW_CARRY
CARRY_WEBSITE_NEW_(1)6385.webp,.webp,0.309,cms.suzukihyperlocal.com\CARRY_WEBSITE_NEW_(1)6385.webp,NEW_CARRY,Product/color,Product page + catalog,PRODUCTS/NEW_CARRY
chiffon_ivory_metallic-JIMNY_3-DOORS2ed7.webp,.webp,0.035,cms.suzukihyperlocal.com\chiffon_ivory_metallic-JIMNY_3-DOORS2ed7.webp,JIMNY,Product/interior/exterior/color,Product page + catalog,PRODUCTS/JIMNY
COLORINGa08e.jpg,.jpg,0.344,cms.suzukihyperlocal.com\COLORINGa08e.jpg,ASSET_REFERENCE,Generic/technical visual,Archive/reference; not core content,ARCHIVE/REFERENCE
Cool-Black-Metalic-ALL_NEW_ERTIGAd0d0.webp,.webp,0.051,cms.suzukihyperlocal.com\Cool-Black-Metalic-ALL_NEW_ERTIGAd0d0.webp,ERTIGA_HYBRID,Product/color/interior,Product page + catalog,PRODUCTS/ERTIGA_HYBRID
dddddddddddddddddddddddddd3402.jpg,.jpg,0.517,cms.suzukihyperlocal.com\dddddddddddddddddddddddddd3402.jpg,ARCHIVE_UNIDENTIFIED,Unnamed/hash/timestamp asset,Archive until contextual source is confirmed,ARCHIVE/UNPUBLISHED
defogger_dealer_suzuki69a7.jpg,.jpg,0.113,cms.suzukihyperlocal.com\defogger_dealer_suzuki69a7.jpg,ARTICLE_MEDIA,Article / educational / maintenance image,"Blog/SEO article; optional, not homepage",ARTICLES
Desktop_Banner_39274.webp,.webp,0.096,cms.suzukihyperlocal.com\Desktop_Banner_39274.webp,PROMO_HERO_BANNER,Banner/hero,Homepage/promo,HOME/PROMO
dongkrak-hidrolikdd86.jpg,.jpg,0.075,cms.suzukihyperlocal.com\dongkrak-hidrolikdd86.jpg,ARTICLE_MEDIA,Article / educational / maintenance image,"Blog/SEO article; optional, not homepage",ARTICLES
DP-MALL-Xl-Recoverede411.jpg,.jpg,0.19,cms.suzukihyperlocal.com\DP-MALL-Xl-Recoverede411.jpg,PROMO,Promo,Promo section/articles,PROMO
Eksterior01-JIMNY_5-DOORS9ff4.webp,.webp,0.009,cms.suzukihyperlocal.com\Eksterior01-JIMNY_5-DOORS9ff4.webp,JIMNY_5,Product/interior/exterior/color,Product page + catalog,PRODUCTS/JIMNY
Eksterior01_(5)6a46.webp,.webp,0.027,cms.suzukihyperlocal.com\Eksterior01_(5)6a46.webp,ARCHIVE_UNIDENTIFIED,Unclear legacy asset,Archive until contextual source is confirmed,ARCHIVE/UNPUBLISHED
Eksterior02-JIMNY_5-DOORSde6b.webp,.webp,0.006,cms.suzukihyperlocal.com\Eksterior02-JIMNY_5-DOORSde6b.webp,JIMNY_5,Product/interior/exterior/color,Product page + catalog,PRODUCTS/JIMNY
Eksterior02_(5)0cca.webp,.webp,0.034,cms.suzukihyperlocal.com\Eksterior02_(5)0cca.webp,ARCHIVE_UNIDENTIFIED,Unclear legacy asset,Archive until contextual source is confirmed,ARCHIVE/UNPUBLISHED
Eksterior03-JIMNY_5-DOORS94f8.webp,.webp,0.004,cms.suzukihyperlocal.com\Eksterior03-JIMNY_5-DOORS94f8.webp,JIMNY_5,Product/interior/exterior/color,Product page + catalog,PRODUCTS/JIMNY
Eksterior03_(4)0c2f.webp,.webp,0.018,cms.suzukihyperlocal.com\Eksterior03_(4)0c2f.webp,ARCHIVE_UNIDENTIFIED,Unclear legacy asset,Archive until contextual source is confirmed,ARCHIVE/UNPUBLISHED
Eksterior03_(4)b028.webp,.webp,0.015,cms.suzukihyperlocal.com\Eksterior03_(4)b028.webp,ARCHIVE_UNIDENTIFIED,Unclear legacy asset,Archive until contextual source is confirmed,ARCHIVE/UNPUBLISHED
Eksterior04-JIMNY_5-DOORSb1b6.webp,.webp,0.006,cms.suzukihyperlocal.com\Eksterior04-JIMNY_5-DOORSb1b6.webp,JIMNY_5,Product/interior/exterior/color,Product page + catalog,PRODUCTS/JIMNY
Eksterior04_(4)115f.webp,.webp,0.016,cms.suzukihyperlocal.com\Eksterior04_(4)115f.webp,ARCHIVE_UNIDENTIFIED,Unclear legacy asset,Archive until contextual source is confirmed,ARCHIVE/UNPUBLISHED
Eksterior04_(4)f240.webp,.webp,0.015,cms.suzukihyperlocal.com\Eksterior04_(4)f240.webp,ARCHIVE_UNIDENTIFIED,Unclear legacy asset,Archive until contextual source is confirmed,ARCHIVE/UNPUBLISHED
Eksterior05-JIMNY_5-DOORS667d.webp,.webp,0.003,cms.suzukihyperlocal.com\Eksterior05-JIMNY_5-DOORS667d.webp,JIMNY_5,Product/interior/exterior/color,Product page + catalog,PRODUCTS/JIMNY
Eksterior05_(3)b653.webp,.webp,0.013,cms.suzukihyperlocal.com\Eksterior05_(3)b653.webp,ARCHIVE_UNIDENTIFIED,Unclear legacy asset,Archive until contextual source is confirmed,ARCHIVE/UNPUBLISHED
Ertiga8d36.jpg,.jpg,0.153,cms.suzukihyperlocal.com\Ertiga8d36.jpg,ERTIGA_HYBRID,Product/color/interior,Product page + catalog,PRODUCTS/ERTIGA_HYBRID
Ertiga_(2)b248.webp,.webp,0.213,cms.suzukihyperlocal.com\Ertiga_(2)b248.webp,ERTIGA_HYBRID,Product/color/interior,Product page + catalog,PRODUCTS/ERTIGA_HYBRID
ext01-JIMNY_3-DOORSb3d0.webp,.webp,0.005,cms.suzukihyperlocal.com\ext01-JIMNY_3-DOORSb3d0.webp,JIMNY,Product/interior/exterior/color,Product page + catalog,PRODUCTS/JIMNY
ext02-JIMNY_3-DOORS6a33.webp,.webp,0.004,cms.suzukihyperlocal.com\ext02-JIMNY_3-DOORS6a33.webp,JIMNY,Product/interior/exterior/color,Product page + catalog,PRODUCTS/JIMNY
ext03-JIMNY_3-DOORS8124.webp,.webp,0.005,cms.suzukihyperlocal.com\ext03-JIMNY_3-DOORS8124.webp,JIMNY,Product/interior/exterior/color,Product page + catalog,PRODUCTS/JIMNY
ext04-JIMNY_3-DOORSffe8.webp,.webp,0.004,cms.suzukihyperlocal.com\ext04-JIMNY_3-DOORSffe8.webp,JIMNY,Product/interior/exterior/color,Product page + catalog,PRODUCTS/JIMNY
ext05-JIMNY_3-DOORS5f3d.webp,.webp,0.004,cms.suzukihyperlocal.com\ext05-JIMNY_3-DOORS5f3d.webp,JIMNY,Product/interior/exterior/color,Product page + catalog,PRODUCTS/JIMNY
ext06-JIMNY_3-DOORSf7b5.webp,.webp,0.003,cms.suzukihyperlocal.com\ext06-JIMNY_3-DOORSf7b5.webp,JIMNY,Product/interior/exterior/color,Product page + catalog,PRODUCTS/JIMNY
ext07-JIMNY_3-DOORS4c2d.webp,.webp,0.007,cms.suzukihyperlocal.com\ext07-JIMNY_3-DOORS4c2d.webp,JIMNY,Product/interior/exterior/color,Product page + catalog,PRODUCTS/JIMNY
ext08-JIMNY_3-DOORS4d63.webp,.webp,0.006,cms.suzukihyperlocal.com\ext08-JIMNY_3-DOORS4d63.webp,JIMNY,Product/interior/exterior/color,Product page + catalog,PRODUCTS/JIMNY
ext09-JIMNY_3-DOORS085a.webp,.webp,0.007,cms.suzukihyperlocal.com\ext09-JIMNY_3-DOORS085a.webp,JIMNY,Product/interior/exterior/color,Product page + catalog,PRODUCTS/JIMNY
E_PMAgcVIAAJX4Z-Recovered-Recovered73be.jpg,.jpg,0.483,cms.suzukihyperlocal.com\E_PMAgcVIAAJX4Z-Recovered-Recovered73be.jpg,ARTICLE_MEDIA,Article image,Blog/SEO article,ARTICLES
FD5kbSQVQAQ-S3Ef613.jpg,.jpg,0.078,cms.suzukihyperlocal.com\FD5kbSQVQAQ-S3Ef613.jpg,ARCHIVE_UNIDENTIFIED,Unclear legacy asset,Archive until contextual source is confirmed,ARCHIVE/UNPUBLISHED
filter_dryer_ac_mobil_dealer_suzukia40e.png,.png,0.42,cms.suzukihyperlocal.com\filter_dryer_ac_mobil_dealer_suzukia40e.png,ARTICLE_MEDIA,Article / educational / maintenance image,"Blog/SEO article; optional, not homepage",ARTICLES
fitur_esp_mobil_dealer_suzukif3aa.jpg,.jpg,0.059,cms.suzukihyperlocal.com\fitur_esp_mobil_dealer_suzukif3aa.jpg,FEATURE_SAFETY,Feature/safety,Relevant product page,FEATURES_SAFETY
Frame_31550ab58.webp,.webp,0.077,cms.suzukihyperlocal.com\Frame_31550ab58.webp,ASSET_REFERENCE,Generic/technical visual,Archive/reference; not core content,ARCHIVE/REFERENCE
fuel_filter_dealer_suzukia41a.jpg,.jpg,0.419,cms.suzukihyperlocal.com\fuel_filter_dealer_suzukia41a.jpg,ARTICLE_MEDIA,Article / educational / maintenance image,"Blog/SEO article; optional, not homepage",ARTICLES
fuel_pump_mobil_dealer_suzuki2190.JPG,.jpg,0.027,cms.suzukihyperlocal.com\fuel_pump_mobil_dealer_suzuki2190.JPG,ARTICLE_MEDIA,Article / educational / maintenance image,"Blog/SEO article; optional, not homepage",ARTICLES
fungsi_bumper_mobil_Dealer_suzukib314.jpg,.jpg,0.124,cms.suzukihyperlocal.com\fungsi_bumper_mobil_Dealer_suzukib314.jpg,ARTICLE_MEDIA,Article / educational / maintenance image,"Blog/SEO article; optional, not homepage",ARTICLES
fungsi_cairan_engine_flush_dealer_suzuki135c.png,.png,0.231,cms.suzukihyperlocal.com\fungsi_cairan_engine_flush_dealer_suzuki135c.png,ARTICLE_MEDIA,Article / educational / maintenance image,"Blog/SEO article; optional, not homepage",ARTICLES
Fungsi_Catalytic_Converter_Dealer_suzuki6b29.JPG,.jpg,0.021,cms.suzukihyperlocal.com\Fungsi_Catalytic_Converter_Dealer_suzuki6b29.JPG,ARTICLE_MEDIA,Article / educational / maintenance image,"Blog/SEO article; optional, not homepage",ARTICLES
fungsi_distributor_mobil_dealer_suzuki8038.JPG,.jpg,0.035,cms.suzukihyperlocal.com\fungsi_distributor_mobil_dealer_suzuki8038.JPG,ARTICLE_MEDIA,Article / educational / maintenance image,"Blog/SEO article; optional, not homepage",ARTICLES
fungsi_filter_bensin_mobil_dealer_suzuki6739.png,.png,0.16,cms.suzukihyperlocal.com\fungsi_filter_bensin_mobil_dealer_suzuki6739.png,ARTICLE_MEDIA,Article / educational / maintenance image,"Blog/SEO article; optional, not homepage",ARTICLES
fungsi_fuse_mobil_dealer_suzuki5137.JPG,.jpg,0.028,cms.suzukihyperlocal.com\fungsi_fuse_mobil_dealer_suzuki5137.JPG,ARTICLE_MEDIA,Article / educational / maintenance image,"Blog/SEO article; optional, not homepage",ARTICLES
garasi-mobila1c5.jpg,.jpg,0.113,cms.suzukihyperlocal.com\garasi-mobila1c5.jpg,ARCHIVE_UNIDENTIFIED,Unclear legacy asset,Archive until contextual source is confirmed,ARCHIVE/UNPUBLISHED
gejala_piston_mobil_rusak_dealer_suzuki3567.JPG,.jpg,0.028,cms.suzukihyperlocal.com\gejala_piston_mobil_rusak_dealer_suzuki3567.JPG,ARTICLE_MEDIA,Article / educational / maintenance image,"Blog/SEO article; optional, not homepage",ARTICLES
Granite-S-PRESSO950b.webp,.webp,0.055,cms.suzukihyperlocal.com\Granite-S-PRESSO950b.webp,S_PRESSO,Product asset,Product page + catalog,PRODUCTS/S_PRESSO
hero-new8d3e.webp,.webp,0.437,cms.suzukihyperlocal.com\hero-new8d3e.webp,PROMO_HERO_BANNER,Banner/hero,Homepage/promo,HOME/PROMO
hero8e3d.webp,.webp,0.402,cms.suzukihyperlocal.com\hero8e3d.webp,PROMO_HERO_BANNER,Banner/hero,Homepage/promo after visual review,HOME/PROMO
IGe026.jpg,.jpg,0.513,cms.suzukihyperlocal.com\IGe026.jpg,ARCHIVE_UNIDENTIFIED,Unclear legacy asset,Archive until contextual source is confirmed,ARCHIVE/UNPUBLISHED
IGNIS1ab3.jpg,.jpg,0.113,cms.suzukihyperlocal.com\IGNIS1ab3.jpg,IGNIS_ARCHIVE,Archive only,Do not publish,ARCHIVE/UNPUBLISHED
IGNISS6149.jpg,.jpg,1.581,cms.suzukihyperlocal.com\IGNISS6149.jpg,IGNIS_ARCHIVE,Archive only,Do not publish,ARCHIVE/UNPUBLISHED
ignissssss355b.jpg,.jpg,0.869,cms.suzukihyperlocal.com\ignissssss355b.jpg,IGNIS_ARCHIVE,Archive only,Do not publish,ARCHIVE/UNPUBLISHED
IMG_20220727_212534_(1)5067.jpg,.jpg,1.12,cms.suzukihyperlocal.com\IMG_20220727_212534_(1)5067.jpg,ARCHIVE_UNIDENTIFIED,Unclear legacy asset,Archive until contextual source is confirmed,ARCHIVE/UNPUBLISHED
indikator_mobil2a51.png,.png,0.087,cms.suzukihyperlocal.com\indikator_mobil2a51.png,ARTICLE_MEDIA,Article / educational / maintenance image,"Blog/SEO article; optional, not homepage",ARTICLES
Ini_Cara_Mencegah_Kerusakan_Kaki-kaki_Mobil3b6a.webp,.webp,0.023,cms.suzukihyperlocal.com\Ini_Cara_Mencegah_Kerusakan_Kaki-kaki_Mobil3b6a.webp,ARTICLE_MEDIA,Article / educational / maintenance image,"Blog/SEO article; optional, not homepage",ARTICLES
Intake-Manifold380b.jpg,.jpg,0.07,cms.suzukihyperlocal.com\Intake-Manifold380b.jpg,ARTICLE_MEDIA,Article / educational / maintenance image,"Blog/SEO article; optional, not homepage",ARTICLES
interiiorr1b8eb.webp,.webp,0.026,cms.suzukihyperlocal.com\interiiorr1b8eb.webp,ARCHIVE_UNIDENTIFIED,Unclear legacy asset,Archive until contextual source is confirmed,ARCHIVE/UNPUBLISHED
Interior-18a7c.webp,.webp,0.018,cms.suzukihyperlocal.com\Interior-18a7c.webp,SHARED_INTERIOR,Interior,Relevant product page,COMMON/INTERIOR
Interior-2fd5b.webp,.webp,0.019,cms.suzukihyperlocal.com\Interior-2fd5b.webp,SHARED_INTERIOR,Interior,Relevant product page,COMMON/INTERIOR
Interior-3e0f4.webp,.webp,0.022,cms.suzukihyperlocal.com\Interior-3e0f4.webp,SHARED_INTERIOR,Interior,Relevant product page,COMMON/INTERIOR
Interior-467c9.webp,.webp,0.021,cms.suzukihyperlocal.com\Interior-467c9.webp,SHARED_INTERIOR,Interior,Relevant product page,COMMON/INTERIOR
Interior-57771.webp,.webp,0.02,cms.suzukihyperlocal.com\Interior-57771.webp,SHARED_INTERIOR,Interior,Relevant product page,COMMON/INTERIOR
Interior-62fe6.webp,.webp,0.017,cms.suzukihyperlocal.com\Interior-62fe6.webp,SHARED_INTERIOR,Interior,Relevant product page,COMMON/INTERIOR
Interior-77c22.webp,.webp,0.012,cms.suzukihyperlocal.com\Interior-77c22.webp,SHARED_INTERIOR,Interior,Relevant product page,COMMON/INTERIOR
Interior01_(2)-JIMNY_3-DOORS1f97.webp,.webp,0.019,cms.suzukihyperlocal.com\Interior01_(2)-JIMNY_3-DOORS1f97.webp,JIMNY,Product/interior/exterior/color,Product page + catalog,PRODUCTS/JIMNY
Interior02_(2)-JIMNY_3-DOORS8177.webp,.webp,0.023,cms.suzukihyperlocal.com\Interior02_(2)-JIMNY_3-DOORS8177.webp,JIMNY,Product/interior/exterior/color,Product page + catalog,PRODUCTS/JIMNY
Interior03_(2)-JIMNY_3-DOORSbbfe.webp,.webp,0.025,cms.suzukihyperlocal.com\Interior03_(2)-JIMNY_3-DOORSbbfe.webp,JIMNY,Product/interior/exterior/color,Product page + catalog,PRODUCTS/JIMNY
Interior04_(1)-JIMNY_3-DOORS4895.webp,.webp,0.018,cms.suzukihyperlocal.com\Interior04_(1)-JIMNY_3-DOORS4895.webp,JIMNY,Product/interior/exterior/color,Product page + catalog,PRODUCTS/JIMNY
Interior05_(1)1bc9.webp,.webp,0.022,cms.suzukihyperlocal.com\Interior05_(1)1bc9.webp,SHARED_INTERIOR,Interior,Relevant product page,COMMON/INTERIOR
interior20d3f.webp,.webp,0.015,cms.suzukihyperlocal.com\interior20d3f.webp,SHARED_INTERIOR,Interior,Relevant product page,COMMON/INTERIOR
interior3215d.webp,.webp,0.026,cms.suzukihyperlocal.com\interior3215d.webp,SHARED_INTERIOR,Interior,Relevant product page,COMMON/INTERIOR
interior40013.webp,.webp,0.019,cms.suzukihyperlocal.com\interior40013.webp,SHARED_INTERIOR,Interior,Relevant product page,COMMON/INTERIOR
Interior5a6a.webp,.webp,0.018,cms.suzukihyperlocal.com\Interior5a6a.webp,SHARED_INTERIOR,Interior,Relevant product page,COMMON/INTERIOR
interior7e2fe.webp,.webp,0.022,cms.suzukihyperlocal.com\interior7e2fe.webp,SHARED_INTERIOR,Interior,Relevant product page,COMMON/INTERIOR
interior8d4d5.webp,.webp,0.025,cms.suzukihyperlocal.com\interior8d4d5.webp,SHARED_INTERIOR,Interior,Relevant product page,COMMON/INTERIOR
interiorrr03e5c0.webp,.webp,0.196,cms.suzukihyperlocal.com\interiorrr03e5c0.webp,SHARED_INTERIOR,Interior,Relevant product page,COMMON/INTERIOR
interiorrr044c17.webp,.webp,0.31,cms.suzukihyperlocal.com\interiorrr044c17.webp,SHARED_INTERIOR,Interior,Relevant product page,COMMON/INTERIOR
Interior_1-JIMNY_5-DOORS0ec6.webp,.webp,0.003,cms.suzukihyperlocal.com\Interior_1-JIMNY_5-DOORS0ec6.webp,JIMNY_5,Product/interior/exterior/color,Product page + catalog,PRODUCTS/JIMNY
Interior_2-JIMNY_5-DOORS3999.webp,.webp,0.007,cms.suzukihyperlocal.com\Interior_2-JIMNY_5-DOORS3999.webp,JIMNY_5,Product/interior/exterior/color,Product page + catalog,PRODUCTS/JIMNY
Interior_3-JIMNY_5-DOORS71d6.webp,.webp,0.005,cms.suzukihyperlocal.com\Interior_3-JIMNY_5-DOORS71d6.webp,JIMNY_5,Product/interior/exterior/color,Product page + catalog,PRODUCTS/JIMNY
Interior_4-JIMNY_5-DOORS5857.webp,.webp,0.005,cms.suzukihyperlocal.com\Interior_4-JIMNY_5-DOORS5857.webp,JIMNY_5,Product/interior/exterior/color,Product page + catalog,PRODUCTS/JIMNY
Interior_5-JIMNY_5-DOORS9e39.webp,.webp,0.006,cms.suzukihyperlocal.com\Interior_5-JIMNY_5-DOORS9e39.webp,JIMNY_5,Product/interior/exterior/color,Product page + catalog,PRODUCTS/JIMNY
Interior_6-JIMNY_5-DOORS436f.webp,.webp,0.007,cms.suzukihyperlocal.com\Interior_6-JIMNY_5-DOORS436f.webp,JIMNY_5,Product/interior/exterior/color,Product page + catalog,PRODUCTS/JIMNY
Interior_7-JIMNY_5-DOORSba04.webp,.webp,0.008,cms.suzukihyperlocal.com\Interior_7-JIMNY_5-DOORSba04.webp,JIMNY_5,Product/interior/exterior/color,Product page + catalog,PRODUCTS/JIMNY
Interior_8-JIMNY_5-DOORS59ea.webp,.webp,0.005,cms.suzukihyperlocal.com\Interior_8-JIMNY_5-DOORS59ea.webp,JIMNY_5,Product/interior/exterior/color,Product page + catalog,PRODUCTS/JIMNY
interiot627d3.webp,.webp,0.022,cms.suzukihyperlocal.com\interiot627d3.webp,ARCHIVE_UNIDENTIFIED,Unclear legacy asset,Archive until contextual source is confirmed,ARCHIVE/UNPUBLISHED
Jenis_Pintu_Mobil_Dealer_Suzuki99f6.jpg,.jpg,0.362,cms.suzukihyperlocal.com\Jenis_Pintu_Mobil_Dealer_Suzuki99f6.jpg,ARTICLE_MEDIA,Article / educational / maintenance image,"Blog/SEO article; optional, not homepage",ARTICLES
jenis_sim_dealer_suzukiee2a.jpg,.jpg,0.06,cms.suzukihyperlocal.com\jenis_sim_dealer_suzukiee2a.jpg,ARTICLE_MEDIA,Article / educational / maintenance image,"Blog/SEO article; optional, not homepage",ARTICLES
kabel_busi_mobil_dealer_suzuki6404.png,.png,0.244,cms.suzukihyperlocal.com\kabel_busi_mobil_dealer_suzuki6404.png,ARCHIVE_UNIDENTIFIED,Unclear legacy asset,Archive until contextual source is confirmed,ARCHIVE/UNPUBLISHED
kartini-2c177.jpg,.jpg,0.46,cms.suzukihyperlocal.com\kartini-2c177.jpg,ARTICLE_OR_PROMO_ARCHIVE,Legacy article/promo asset,Archive; use only when content is intentionally republished,ARCHIVE/UNPUBLISHED
kilas-balik-suzuki-indonesia-2020-tetap-pacu-kinerja-meski-pandemi-melanda067f.jpg,.jpg,0.356,cms.suzukihyperlocal.com\kilas-balik-suzuki-indonesia-2020-tetap-pacu-kinerja-meski-pandemi-melanda067f.jpg,ARTICLE_OR_PROMO_ARCHIVE,Legacy article/promo asset,Archive; use only when content is intentionally republished,ARCHIVE/UNPUBLISHED
kinetic_yellow-JIMNY_3-DOORS5318.webp,.webp,0.034,cms.suzukihyperlocal.com\kinetic_yellow-JIMNY_3-DOORS5318.webp,JIMNY,Product/interior/exterior/color,Product page + catalog,PRODUCTS/JIMNY
KOMITMEN8064.jpg,.jpg,0.568,cms.suzukihyperlocal.com\KOMITMEN8064.jpg,ARCHIVE_UNIDENTIFIED,Unclear legacy asset,Archive until contextual source is confirmed,ARCHIVE/UNPUBLISHED
komponen_mobil_manual_dealer_suzuki26ad.png,.png,0.164,cms.suzukihyperlocal.com\komponen_mobil_manual_dealer_suzuki26ad.png,ARTICLE_MEDIA,Article / educational / maintenance image,"Blog/SEO article; optional, not homepage",ARTICLES
kontes-modifikasi-digital-suzuki-terus-berinovasi-berakhir-inilah-para-pemenangnya85dd.jpg,.jpg,0.287,cms.suzukihyperlocal.com\kontes-modifikasi-digital-suzuki-terus-berinovasi-berakhir-inilah-para-pemenangnya85dd.jpg,ARTICLE_OR_PROMO_ARCHIVE,Legacy article/promo asset,Archive; use only when content is intentionally republished,ARCHIVE/UNPUBLISHED
lokasi_latihan_mobil_dealer_suzuki3db1.png,.png,0.291,cms.suzukihyperlocal.com\lokasi_latihan_mobil_dealer_suzuki3db1.png,ARTICLE_MEDIA,Article / educational / maintenance image,"Blog/SEO article; optional, not homepage",ARTICLES
loker-1ed69.jpg,.jpg,0.483,cms.suzukihyperlocal.com\loker-1ed69.jpg,ARTICLE_OR_PROMO_ARCHIVE,Legacy article/promo asset,Archive; use only when content is intentionally republished,ARCHIVE/UNPUBLISHED
loker-20d07.jpg,.jpg,0.211,cms.suzukihyperlocal.com\loker-20d07.jpg,ARTICLE_OR_PROMO_ARCHIVE,Legacy article/promo asset,Archive; use only when content is intentionally republished,ARCHIVE/UNPUBLISHED
LOKER410f.jpg,.jpg,0.367,cms.suzukihyperlocal.com\LOKER410f.jpg,ARTICLE_OR_PROMO_ARCHIVE,Legacy article/promo asset,Archive; use only when content is intentionally republished,ARCHIVE/UNPUBLISHED
manfaat_mobil_listrik_dealer_suzuki4687.png,.png,0.203,cms.suzukihyperlocal.com\manfaat_mobil_listrik_dealer_suzuki4687.png,ARTICLE_MEDIA,Article / educational / maintenance image,"Blog/SEO article; optional, not homepage",ARTICLES
masker1b3dc.jpg,.jpg,0.14,cms.suzukihyperlocal.com\masker1b3dc.jpg,ARCHIVE_UNIDENTIFIED,Unclear legacy asset,Archive until contextual source is confirmed,ARCHIVE/UNPUBLISHED
mechanic-hand-checking-fixing-broken-car-car-service-garage_146671-19718177b.jpg,.jpg,0.076,cms.suzukihyperlocal.com\mechanic-hand-checking-fixing-broken-car-car-service-garage_146671-19718177b.jpg,ARCHIVE_UNIDENTIFIED,Unclear legacy asset,Archive until contextual source is confirmed,ARCHIVE/UNPUBLISHED
medium_grey-JIMNY_3-DOORS5cac.webp,.webp,0.033,cms.suzukihyperlocal.com\medium_grey-JIMNY_3-DOORS5cac.webp,JIMNY,Product/interior/exterior/color,Product page + catalog,PRODUCTS/JIMNY
mekanik-Handalcf74.jpg,.jpg,0.256,cms.suzukihyperlocal.com\mekanik-Handalcf74.jpg,ARCHIVE_UNIDENTIFIED,Unclear legacy asset,Archive until contextual source is confirmed,ARCHIVE/UNPUBLISHED
Mello-Deep-Red-ALL_NEW_ERTIGAd3d4.webp,.webp,0.055,cms.suzukihyperlocal.com\Mello-Deep-Red-ALL_NEW_ERTIGAd3d4.webp,ERTIGA_HYBRID,Product/color/interior,Product page + catalog,PRODUCTS/ERTIGA_HYBRID
menderek_mobil_mogok_dealer_suzuki972c.png,.png,0.121,cms.suzukihyperlocal.com\menderek_mobil_mogok_dealer_suzuki972c.png,ARTICLE_MEDIA,Article / educational / maintenance image,"Blog/SEO article; optional, not homepage",ARTICLES
mengatasi_storing_audio_mobil_dealer_suzukib152.jpg,.jpg,0.078,cms.suzukihyperlocal.com\mengatasi_storing_audio_mobil_dealer_suzukib152.jpg,ARTICLE_MEDIA,Article / educational / maintenance image,"Blog/SEO article; optional, not homepage",ARTICLES
mengemudi_dijalan_becek8bd7.jpg,.jpg,0.141,cms.suzukihyperlocal.com\mengemudi_dijalan_becek8bd7.jpg,ARTICLE_MEDIA,Article / educational / maintenance image,"Blog/SEO article; optional, not homepage",ARTICLES
menjaga-mobil-agar-tetap-amanc114.jpg,.jpg,0.06,cms.suzukihyperlocal.com\menjaga-mobil-agar-tetap-amanc114.jpg,ARTICLE_MEDIA,Article / educational / maintenance image,"Blog/SEO article; optional, not homepage",ARTICLES
merawat-pintu-mobil34bc.jpg,.jpg,0.046,cms.suzukihyperlocal.com\merawat-pintu-mobil34bc.jpg,ARTICLE_MEDIA,Article / educational / maintenance image,"Blog/SEO article; optional, not homepage",ARTICLES
Metalic-Magma-Gray-Primary-ALL_NEW_ERTIGAa908.webp,.webp,0.054,cms.suzukihyperlocal.com\Metalic-Magma-Gray-Primary-ALL_NEW_ERTIGAa908.webp,ERTIGA_HYBRID,Product/color/interior,Product page + catalog,PRODUCTS/ERTIGA_HYBRID
minyak-rem1edd.jpg,.jpg,0.041,cms.suzukihyperlocal.com\minyak-rem1edd.jpg,ARTICLE_MEDIA,Article / educational / maintenance image,"Blog/SEO article; optional, not homepage",ARTICLES
minyak_rem_dealer_suzuki081a.png,.png,0.252,cms.suzukihyperlocal.com\minyak_rem_dealer_suzuki081a.png,ARCHIVE_UNIDENTIFIED,Unclear legacy asset,Archive until contextual source is confirmed,ARCHIVE/UNPUBLISHED
mobil-suzuki-produksi-2021-kini-dilengkapi-alat-pemadam-api-ringan_thumb22aa.png,.png,0.066,cms.suzukihyperlocal.com\mobil-suzuki-produksi-2021-kini-dilengkapi-alat-pemadam-api-ringan_thumb22aa.png,ARTICLE_MEDIA,Article image,Blog/SEO article,ARTICLES
MOBILE50a2.jpg,.jpg,0.909,cms.suzukihyperlocal.com\MOBILE50a2.jpg,ARCHIVE_UNIDENTIFIED,Unclear legacy asset,Archive until contextual source is confirmed,ARCHIVE/UNPUBLISHED
mobl_berwarna_hitam_xl7_dealer_suzuki7ed5.png,.png,0.417,cms.suzukihyperlocal.com\mobl_berwarna_hitam_xl7_dealer_suzuki7ed5.png,XL7_HYBRID,Product asset,Homepage hero + product page,PRODUCTS/XL7_HYBRID
New-Prime-Graphite-Grey-NEW_CARRY_PICK-UP6209.webp,.webp,0.044,cms.suzukihyperlocal.com\New-Prime-Graphite-Grey-NEW_CARRY_PICK-UP6209.webp,NEW_CARRY,Product/color,Product page + catalog,PRODUCTS/NEW_CARRY
NKRI-22234.jpg,.jpg,0.197,cms.suzukihyperlocal.com\NKRI-22234.jpg,ARCHIVE_UNIDENTIFIED,Unclear legacy asset,Archive until contextual source is confirmed,ARCHIVE/UNPUBLISHED
off-road-tire-on-car-extreme-sport-SBI-30109074287fc.jpg,.jpg,0.146,cms.suzukihyperlocal.com\off-road-tire-on-car-extreme-sport-SBI-30109074287fc.jpg,ARCHIVE_UNIDENTIFIED,Unclear legacy asset,Archive until contextual source is confirmed,ARCHIVE/UNPUBLISHED
pajak_progresif_dealer_suzukiab47.jpg,.jpg,0.047,cms.suzukihyperlocal.com\pajak_progresif_dealer_suzukiab47.jpg,ARCHIVE_UNIDENTIFIED,Unclear legacy asset,Archive until contextual source is confirmed,ARCHIVE/UNPUBLISHED
PAKET-SERVIS-ARUS-BALIK5569.jpg,.jpg,1.316,cms.suzukihyperlocal.com\PAKET-SERVIS-ARUS-BALIK5569.jpg,ARTICLE_OR_PROMO_ARCHIVE,Legacy article/promo asset,Archive; use only when content is intentionally republished,ARCHIVE/UNPUBLISHED
paket-servis6cff.jpg,.jpg,0.234,cms.suzukihyperlocal.com\paket-servis6cff.jpg,ARTICLE_OR_PROMO_ARCHIVE,Legacy article/promo asset,Archive; use only when content is intentionally republished,ARCHIVE/UNPUBLISHED
parkir_mobil_matic_dealer_suzukie6e1.png,.png,0.081,cms.suzukihyperlocal.com\parkir_mobil_matic_dealer_suzukie6e1.png,ARTICLE_MEDIA,Article / educational / maintenance image,"Blog/SEO article; optional, not homepage",ARTICLES
Pearl-Snow-White-ALL_NEW_ERTIGA34e4.webp,.webp,0.054,cms.suzukihyperlocal.com\Pearl-Snow-White-ALL_NEW_ERTIGA34e4.webp,ERTIGA_HYBRID,Product/color/interior,Product page + catalog,PRODUCTS/ERTIGA_HYBRID
pearl-snow-white-SGX1d7b.png,.png,0.43,cms.suzukihyperlocal.com\pearl-snow-white-SGX1d7b.png,FRONX,Exterior/color/variant,Product page + catalog,PRODUCTS/FRONX
pearl_pure_white-JIMNY_3-DOORSf4bb.webp,.webp,0.034,cms.suzukihyperlocal.com\pearl_pure_white-JIMNY_3-DOORSf4bb.webp,JIMNY,Product/interior/exterior/color,Product page + catalog,PRODUCTS/JIMNY
PEARL_SNOW_WHITE-CRUISEa509.webp,.webp,0.096,cms.suzukihyperlocal.com\PEARL_SNOW_WHITE-CRUISEa509.webp,FRONX,Exterior/color/variant,Product page + catalog,PRODUCTS/FRONX
pedal_kopling_dealer_suzuki95eb.JPG,.jpg,0.029,cms.suzukihyperlocal.com\pedal_kopling_dealer_suzuki95eb.JPG,ARTICLE_MEDIA,Article / educational / maintenance image,"Blog/SEO article; optional, not homepage",ARTICLES
Pelanggan-482c0.jpg,.jpg,0.379,cms.suzukihyperlocal.com\Pelanggan-482c0.jpg,ARCHIVE_UNIDENTIFIED,Unclear legacy asset,Archive until contextual source is confirmed,ARCHIVE/UNPUBLISHED
pentingnya-fitur-smart-e-mirror-pada-suzuki-xl7_thumb404e.png,.png,0.327,cms.suzukihyperlocal.com\pentingnya-fitur-smart-e-mirror-pada-suzuki-xl7_thumb404e.png,XL7_HYBRID,Product asset,Homepage hero + product page,PRODUCTS/XL7_HYBRID
penyebab_bunyi_gluduk_dealer_suzuki8007.jpg,.jpg,0.049,cms.suzukihyperlocal.com\penyebab_bunyi_gluduk_dealer_suzuki8007.jpg,ARTICLE_MEDIA,Article / educational / maintenance image,"Blog/SEO article; optional, not homepage",ARTICLES
penyebab_kopling_mobil_keras_dealer_suzukib144.JPG,.jpg,0.023,cms.suzukihyperlocal.com\penyebab_kopling_mobil_keras_dealer_suzukib144.JPG,ARTICLE_MEDIA,Article / educational / maintenance image,"Blog/SEO article; optional, not homepage",ARTICLES
power_steering_mobil_dealer_suzukica1e.jpg,.jpg,0.102,cms.suzukihyperlocal.com\power_steering_mobil_dealer_suzukica1e.jpg,ARTICLE_MEDIA,Article / educational / maintenance image,"Blog/SEO article; optional, not homepage",ARTICLES
PPNBM-0-harga-naikb1ab.jpg,.jpg,0.328,cms.suzukihyperlocal.com\PPNBM-0-harga-naikb1ab.jpg,ARTICLE_OR_PROMO_ARCHIVE,Legacy article/promo asset,Archive; use only when content is intentionally republished,ARCHIVE/UNPUBLISHED
PPNBMaa6f.jpg,.jpg,0.306,cms.suzukihyperlocal.com\PPNBMaa6f.jpg,ARTICLE_OR_PROMO_ARCHIVE,Legacy article/promo asset,Archive; use only when content is intentionally republished,ARCHIVE/UNPUBLISHED
PU-50%ae13.jpg,.jpg,0.388,cms.suzukihyperlocal.com\PU-50%ae13.jpg,ARTICLE_OR_PROMO_ARCHIVE,Legacy article/promo asset,Archive; use only when content is intentionally republished,ARCHIVE/UNPUBLISHED
PU-Imlek0b0d.jpg,.jpg,0.261,cms.suzukihyperlocal.com\PU-Imlek0b0d.jpg,ARTICLE_OR_PROMO_ARCHIVE,Legacy article/promo asset,Archive; use only when content is intentionally republished,ARCHIVE/UNPUBLISHED
PU-USAHA9656.jpg,.jpg,1.271,cms.suzukihyperlocal.com\PU-USAHA9656.jpg,ARTICLE_OR_PROMO_ARCHIVE,Legacy article/promo asset,Archive; use only when content is intentionally republished,ARCHIVE/UNPUBLISHED
PU46bc.jpg,.jpg,0.248,cms.suzukihyperlocal.com\PU46bc.jpg,ARCHIVE_UNIDENTIFIED,Unclear legacy asset,Archive until contextual source is confirmed,ARCHIVE/UNPUBLISHED
radiator_flush_dealer_suzukidd7a.png,.png,0.724,cms.suzukihyperlocal.com\radiator_flush_dealer_suzukidd7a.png,ARTICLE_MEDIA,Article / educational / maintenance image,"Blog/SEO article; optional, not homepage",ARTICLES
Rajanya-Pick-upc138.jpg,.jpg,0.075,cms.suzukihyperlocal.com\Rajanya-Pick-upc138.jpg,ARTICLE_OR_PROMO_ARCHIVE,Legacy article/promo asset,Archive; use only when content is intentionally republished,ARCHIVE/UNPUBLISHED
Real-Black-NEW_CARRY_PICK-UPe84c.webp,.webp,0.042,cms.suzukihyperlocal.com\Real-Black-NEW_CARRY_PICK-UPe84c.webp,NEW_CARRY,Product/color,Product page + catalog,PRODUCTS/NEW_CARRY
red-APV_ARENA9435.webp,.webp,0.048,cms.suzukihyperlocal.com\red-APV_ARENA9435.webp,LEGACY_PRODUCT_ARCHIVE,APV product asset,Archive only; not current primary lineup,ARCHIVE/UNPUBLISHED
Red-S-PRESSO6c73.webp,.webp,0.06,cms.suzukihyperlocal.com\Red-S-PRESSO6c73.webp,S_PRESSO,Product asset,Product page + catalog,PRODUCTS/S_PRESSO
rem_cakram_Dealer_suzukiee99.JPG,.jpg,0.035,cms.suzukihyperlocal.com\rem_cakram_Dealer_suzukiee99.JPG,ARTICLE_MEDIA,Article / educational / maintenance image,"Blog/SEO article; optional, not homepage",ARTICLES
rocker_arm_dealer_suzuki83cb.jpg,.jpg,0.152,cms.suzukihyperlocal.com\rocker_arm_dealer_suzuki83cb.jpg,ARTICLE_MEDIA,Article / educational / maintenance image,"Blog/SEO article; optional, not homepage",ARTICLES
savana-ivory-SGXee76.png,.png,0.452,cms.suzukihyperlocal.com\savana-ivory-SGXee76.png,FRONX,Exterior/color/variant,Product page + catalog,PRODUCTS/FRONX
semakind6c9.jpg,.jpg,0.416,cms.suzukihyperlocal.com\semakind6c9.jpg,ARCHIVE_UNIDENTIFIED,Unclear legacy asset,Archive until contextual source is confirmed,ARCHIVE/UNPUBLISHED
sensor_ect_dealer_suzuki_(1)8e4f.jpg,.jpg,0.018,cms.suzukihyperlocal.com\sensor_ect_dealer_suzuki_(1)8e4f.jpg,ARTICLE_MEDIA,Article / educational / maintenance image,"Blog/SEO article; optional, not homepage",ARTICLES
servis-2c3b7.jpg,.jpg,0.168,cms.suzukihyperlocal.com\servis-2c3b7.jpg,ARCHIVE_UNIDENTIFIED,Unclear legacy asset,Archive until contextual source is confirmed,ARCHIVE/UNPUBLISHED
Silky-Silver-ALL_NEW_ERTIGA26ac.webp,.webp,0.053,cms.suzukihyperlocal.com\Silky-Silver-ALL_NEW_ERTIGA26ac.webp,ERTIGA_HYBRID,Product/color/interior,Product page + catalog,PRODUCTS/ERTIGA_HYBRID
Silky-Silver-NEW_CARRY_PICK-UP5b0e.webp,.webp,0.036,cms.suzukihyperlocal.com\Silky-Silver-NEW_CARRY_PICK-UP5b0e.webp,NEW_CARRY,Product/color,Product page + catalog,PRODUCTS/NEW_CARRY
Silkysilver-S-PRESSOb2d0.webp,.webp,0.054,cms.suzukihyperlocal.com\Silkysilver-S-PRESSOb2d0.webp,S_PRESSO,Product asset,Product page + catalog,PRODUCTS/S_PRESSO
silky_silver_metallic-JIMNY_3-DOORS0b68.webp,.webp,0.034,cms.suzukihyperlocal.com\silky_silver_metallic-JIMNY_3-DOORS0b68.webp,JIMNY,Product/interior/exterior/color,Product page + catalog,PRODUCTS/JIMNY
silver-APV_ARENA9b6a.webp,.webp,0.05,cms.suzukihyperlocal.com\silver-APV_ARENA9b6a.webp,LEGACY_PRODUCT_ARCHIVE,APV product asset,Archive only; not current primary lineup,ARCHIVE/UNPUBLISHED
sistem_pengisian_mobil_dealer_suzuki06de.jpg,.jpg,0.099,cms.suzukihyperlocal.com\sistem_pengisian_mobil_dealer_suzuki06de.jpg,ARTICLE_MEDIA,Article / educational / maintenance image,"Blog/SEO article; optional, not homepage",ARTICLES
Sizzle_Orange-White-S-PRESSOdc39.webp,.webp,0.06,cms.suzukihyperlocal.com\Sizzle_Orange-White-S-PRESSOdc39.webp,S_PRESSO,Product asset,Product page + catalog,PRODUCTS/S_PRESSO
ssda68.jpg,.jpg,0.448,cms.suzukihyperlocal.com\ssda68.jpg,ARCHIVE_UNIDENTIFIED,Unclear legacy asset,Archive until contextual source is confirmed,ARCHIVE/UNPUBLISHED
SST1121.jpg,.jpg,0.256,cms.suzukihyperlocal.com\SST1121.jpg,ARCHIVE_UNIDENTIFIED,Unclear legacy asset,Archive until contextual source is confirmed,ARCHIVE/UNPUBLISHED
sufi-1fef4.jpg,.jpg,0.966,cms.suzukihyperlocal.com\sufi-1fef4.jpg,ARCHIVE_UNIDENTIFIED,Unclear legacy asset,Archive until contextual source is confirmed,ARCHIVE/UNPUBLISHED
Sultan-Sayur1c9a.jpg,.jpg,1.05,cms.suzukihyperlocal.com\Sultan-Sayur1c9a.jpg,ARTICLE_OR_PROMO_ARCHIVE,Legacy article/promo asset,Archive; use only when content is intentionally republished,ARCHIVE/UNPUBLISHED
suzuki-berikan-servis-kendaraan-gratis-bagi-korban-banjir-kalimantan-selatan_thumb09f8.png,.png,0.345,cms.suzukihyperlocal.com\suzuki-berikan-servis-kendaraan-gratis-bagi-korban-banjir-kalimantan-selatan_thumb09f8.png,ARTICLE_MEDIA,Article image,Blog/SEO article,ARTICLES
Suzuki-Ertiga-Hybrid-GX-Hero-[FLIP]-BRAVE-KHAKI-[FIX-LAYERS]_1-GX83ca.webp,.webp,0.053,cms.suzukihyperlocal.com\Suzuki-Ertiga-Hybrid-GX-Hero-[FLIP]-BRAVE-KHAKI-[FIX-LAYERS]_1-GX83ca.webp,ERTIGA_HYBRID,Product/color/interior,Product page + catalog,PRODUCTS/ERTIGA_HYBRID
Suzuki-Ertiga-Hybrid-GX-Hero-[FLIP]-COOL-BLACK-[FIX-LAYERS]_1-GXfc6d.webp,.webp,0.051,cms.suzukihyperlocal.com\Suzuki-Ertiga-Hybrid-GX-Hero-[FLIP]-COOL-BLACK-[FIX-LAYERS]_1-GXfc6d.webp,ERTIGA_HYBRID,Product/color/interior,Product page + catalog,PRODUCTS/ERTIGA_HYBRID
Suzuki-Ertiga-Hybrid-GX-Hero-[FLIP]-MELLOW-DEEP-RED-[FIX-LAYERS]_2-GX03f6.webp,.webp,0.053,cms.suzukihyperlocal.com\Suzuki-Ertiga-Hybrid-GX-Hero-[FLIP]-MELLOW-DEEP-RED-[FIX-LAYERS]_2-GX03f6.webp,ERTIGA_HYBRID,Product/color/interior,Product page + catalog,PRODUCTS/ERTIGA_HYBRID
Suzuki-Ertiga-Hybrid-GX-Hero-[FLIP]-METALLIC-MAGMA-GREY-[FIX-LAYERS]_2-GXb147.webp,.webp,0.054,cms.suzukihyperlocal.com\Suzuki-Ertiga-Hybrid-GX-Hero-[FLIP]-METALLIC-MAGMA-GREY-[FIX-LAYERS]_2-GXb147.webp,ERTIGA_HYBRID,Product/color/interior,Product page + catalog,PRODUCTS/ERTIGA_HYBRID
Suzuki-Ertiga-Hybrid-GX-Hero-[FLIP]-PEARL-SNOW-WHITE-[FIX-LAYERS]_1-GX40a0.webp,.webp,0.054,cms.suzukihyperlocal.com\Suzuki-Ertiga-Hybrid-GX-Hero-[FLIP]-PEARL-SNOW-WHITE-[FIX-LAYERS]_1-GX40a0.webp,ERTIGA_HYBRID,Product/color/interior,Product page + catalog,PRODUCTS/ERTIGA_HYBRID
Suzuki-Ertiga-Hybrid-GX-Hero-[FLIP]-SILKY-SILVER-[FIX-LAYERS]_1-GXffae.webp,.webp,0.053,cms.suzukihyperlocal.com\Suzuki-Ertiga-Hybrid-GX-Hero-[FLIP]-SILKY-SILVER-[FIX-LAYERS]_1-GXffae.webp,ERTIGA_HYBRID,Product/color/interior,Product page + catalog,PRODUCTS/ERTIGA_HYBRID
Suzuki-Ertiga-Hybrid-GX-Hero-[FLIP]-[FIX-LAYERS]-copy_1-GX3cf9.webp,.webp,0.054,cms.suzukihyperlocal.com\Suzuki-Ertiga-Hybrid-GX-Hero-[FLIP]-[FIX-LAYERS]-copy_1-GX3cf9.webp,ERTIGA_HYBRID,Product/color/interior,Product page + catalog,PRODUCTS/ERTIGA_HYBRID
suzuki-luncurkan-tampilan-baru-new-carry-pick-up4d55.jpg,.jpg,0.157,cms.suzukihyperlocal.com\suzuki-luncurkan-tampilan-baru-new-carry-pick-up4d55.jpg,NEW_CARRY,Product/color,Product page + catalog,PRODUCTS/NEW_CARRY
tachometer_mobil_suzuki_dealer_suzuki4683.jpg,.jpg,0.087,cms.suzukihyperlocal.com\tachometer_mobil_suzuki_dealer_suzuki4683.jpg,ARTICLE_MEDIA,Article / educational / maintenance image,"Blog/SEO article; optional, not homepage",ARTICLES
tanda_tombol_dashboard_bermasalah41e0.webp,.webp,0.023,cms.suzukihyperlocal.com\tanda_tombol_dashboard_bermasalah41e0.webp,ARTICLE_MEDIA,Article / educational / maintenance image,"Blog/SEO article; optional, not homepage",ARTICLES
thumbnail_GXf9a9.webp,.webp,0.048,cms.suzukihyperlocal.com\thumbnail_GXf9a9.webp,ARTICLE_MEDIA,Article image,Blog/SEO article,ARTICLES
tips-agar-posisi-duduk-nyaman-dan-aman-saat-berkendara_thumbce32.png,.png,0.372,cms.suzukihyperlocal.com\tips-agar-posisi-duduk-nyaman-dan-aman-saat-berkendara_thumbce32.png,ARTICLE_MEDIA,Article image,Blog/SEO article,ARTICLES
transmisi_mobil_dealer_suzuki0c15.jpg,.jpg,0.151,cms.suzukihyperlocal.com\transmisi_mobil_dealer_suzuki0c15.jpg,ARTICLE_MEDIA,Article / educational / maintenance image,"Blog/SEO article; optional, not homepage",ARTICLES
Untitled-1-Recovered-Recovered-Recovered5058.jpg,.jpg,0.251,cms.suzukihyperlocal.com\Untitled-1-Recovered-Recovered-Recovered5058.jpg,ARTICLE_MEDIA,Article image,Blog/SEO article,ARTICLES
website81d9.jpg,.jpg,0.414,cms.suzukihyperlocal.com\website81d9.jpg,ASSET_REFERENCE,Generic/technical visual,Archive/reference; not core content,ARCHIVE/REFERENCE
WhatsApp-Image-2022-06-23-at-14.15.266945.jpeg,.jpeg,0.275,cms.suzukihyperlocal.com\WhatsApp-Image-2022-06-23-at-14.15.266945.jpeg,CONTACT_UI,Contact asset,Contact/WhatsApp,BRAND_UI/ICONS
White-NEW_CARRY_PICK-UP95de.webp,.webp,0.04,cms.suzukihyperlocal.com\White-NEW_CARRY_PICK-UP95de.webp,NEW_CARRY,Product/color,Product page + catalog,PRODUCTS/NEW_CARRY
White-S-PRESSO3060.webp,.webp,0.052,cms.suzukihyperlocal.com\White-S-PRESSO3060.webp,S_PRESSO,Product asset,Product page + catalog,PRODUCTS/S_PRESSO
XL71d55.jpg,.jpg,0.533,cms.suzukihyperlocal.com\XL71d55.jpg,XL7_HYBRID,Product asset,Homepage hero + product page,PRODUCTS/XL7_HYBRID
suzukilogo-pp-removebg-preview.png,.png,0.08,cms.suzukihyperlocal.com\images\defaults\suzukilogo-pp-removebg-preview.png,BRAND_UI,Logo/icon,Header/footer/UI,BRAND_UI/ICONS
total-penjualan-bulan-agustus-2022-meningkat-suzuki-xl7-jadi-salah-satu-kontributor-positif1664342992_thumb.png,.png,0.0,d2fgf7u961ce77.cloudfront.net\uploads\news\total-penjualan-bulan-agustus-2022-meningkat-suzuki-xl7-jadi-salah-satu-kontributor-positif1664342992_thumb.png,XL7_HYBRID,Product asset,Homepage hero + product page,PRODUCTS/XL7_HYBRID
unnamed.jpg,.jpg,0.125,lh6.googleusercontent.com\unnamed.jpg,EXTERNAL_REFERENCE,External-source asset,Archive/reference; do not publish automatically,ARCHIVE/REFERENCE
la-brands-400.svg,.svg,0.884,maxst.icons8.com\vue-static\landings\line-awesome\line-awesome\1.3.0\fonts\la-brands-400.svg,BRAND_UI,Logo/icon,Header/footer/UI,BRAND_UI/ICONS
la-regular-400.svg,.svg,0.108,maxst.icons8.com\vue-static\landings\line-awesome\line-awesome\1.3.0\fonts\la-regular-400.svg,BRAND_UI,Logo/icon,Header/footer/UI,BRAND_UI/ICONS
la-solid-900.svg,.svg,0.88,maxst.icons8.com\vue-static\landings\line-awesome\line-awesome\1.3.0\fonts\la-solid-900.svg,BRAND_UI,Logo/icon,Header/footer/UI,BRAND_UI/ICONS
54982-suzuki-baleno-giias-2022-suaradotcom-manuel-j-nainggolan.jpg,.jpg,0.049,media.suara.com\pictures\653x366\2022\08\12\54982-suzuki-baleno-giias-2022-suaradotcom-manuel-j-nainggolan.jpg,BALENO,Product asset,Product page + catalog if confirmed,ARCHIVE/REFERENCE
49884-giias-2022-suzuki-s-presso.jpg,.jpg,0.054,media.suara.com\pictures\653x366\2022\08\14\49884-giias-2022-suzuki-s-presso.jpg,S_PRESSO,Product asset,Product page + catalog,PRODUCTS/S_PRESSO
car-replace-tire-and-wheels-free.jpg,.jpg,0.057,nmaa.co.id\wp-content\uploads\2021\03\car-replace-tire-and-wheels-free.jpg,EXTERNAL_REFERENCE,External-source asset,Archive/reference; do not publish automatically,ARCHIVE/REFERENCE
freepik-wiper-mobil-ulti-2.jpg,.jpg,0.048,nmaa.co.id\wp-content\uploads\2021\06\freepik-wiper-mobil-ulti-2.jpg,EXTERNAL_REFERENCE,External-source asset,Archive/reference; do not publish automatically,ARCHIVE/REFERENCE
banner.webp,.webp,0.028,suzukitradajateng.co.id\assets\images\banner.webp,PROMO_HERO_BANNER,Banner/hero,Homepage/promo,HOME/PROMO
battery ertiga hybrid.webp,.webp,0.495,suzukitradajateng.co.id\assets\images\battery ertiga hybrid.webp,ERTIGA_HYBRID,Product/color/interior,Product page + catalog,PRODUCTS/ERTIGA_HYBRID
ertiga-hybrid-cruise.webp,.webp,0.061,suzukitradajateng.co.id\assets\images\ertiga-hybrid-cruise.webp,ERTIGA_HYBRID,Product/color/interior,Product page + catalog,PRODUCTS/ERTIGA_HYBRID
ertiga-hybrid-gx.webp,.webp,0.115,suzukitradajateng.co.id\assets\images\ertiga-hybrid-gx.webp,ERTIGA_HYBRID,Product/color/interior,Product page + catalog,PRODUCTS/ERTIGA_HYBRID
FA DI-KV1- SUZUKI NEW ERTIGA 2024-LAYER (1) 1-min.webp,.webp,0.176,suzukitradajateng.co.id\assets\images\FA DI-KV1- SUZUKI NEW ERTIGA 2024-LAYER (1) 1-min.webp,ERTIGA_HYBRID,Product/color/interior,Product page + catalog,PRODUCTS/ERTIGA_HYBRID
feature.webp,.webp,0.083,suzukitradajateng.co.id\assets\images\feature.webp,FEATURE_SAFETY,Feature/safety,Relevant product page,FEATURES_SAFETY
Frame 317426.webp,.webp,0.0,suzukitradajateng.co.id\assets\images\Frame 317426.webp,ASSET_REFERENCE,Generic/technical visual,Archive/reference; not core content,ARCHIVE/REFERENCE
Frame 317492.webp,.webp,0.12,suzukitradajateng.co.id\assets\images\Frame 317492.webp,ASSET_REFERENCE,Generic/technical visual,Archive/reference; not core content,ARCHIVE/REFERENCE
modal-bg.webp,.webp,0.019,suzukitradajateng.co.id\assets\images\modal-bg.webp,UI_TECHNICAL,UI/technical asset,Archive/reference; not core website content,ARCHIVE/REFERENCE
Arctic White Pearl + Bluish Black Pearl.png,.png,0.326,suzukitradajateng.co.id\assets\images\e-vitara\Arctic White Pearl + Bluish Black Pearl.png,E_VITARA,Future/verify lineup,Produk,PRODUCTS/E_VITARA
Bluish Black Pearl.png,.png,0.298,suzukitradajateng.co.id\assets\images\e-vitara\Bluish Black Pearl.png,E_VITARA,Future/verify lineup,Produk,PRODUCTS/E_VITARA
Land Breeze Green Pearl Metallic + Bluish Black Pearl.png,.png,0.355,suzukitradajateng.co.id\assets\images\e-vitara\Land Breeze Green Pearl Metallic + Bluish Black Pearl.png,E_VITARA,Future/verify lineup,Produk,PRODUCTS/E_VITARA
BANNER EXTERIOR.png,.png,1.13,suzukitradajateng.co.id\assets\images\e-vitara\banner-interior-exterior\BANNER EXTERIOR.png,E_VITARA,Future/verify lineup,Produk,PRODUCTS/E_VITARA
BANNER INTERIOR.png,.png,1.43,suzukitradajateng.co.id\assets\images\e-vitara\banner-interior-exterior\BANNER INTERIOR.png,E_VITARA,Future/verify lineup,Produk,PRODUCTS/E_VITARA
Dynamic Design to Catch Your Eye.                        Made for Every Moment on the Road.png,.png,1.137,suzukitradajateng.co.id\assets\images\e-vitara\banners\Dynamic Design to Catch Your Eye.                        Made for Every Moment on the Road.png,E_VITARA,Future/verify lineup,Produk,PRODUCTS/E_VITARA
e-vitara_dekstop.png,.png,0.909,suzukitradajateng.co.id\assets\images\e-vitara\banners\e-vitara_dekstop.png,E_VITARA,Future/verify lineup,Produk,PRODUCTS/E_VITARA
INTEGRATED DISPLAY SYSTEM.png,.png,1.104,suzukitradajateng.co.id\assets\images\e-vitara\banners\INTEGRATED DISPLAY SYSTEM.png,E_VITARA,Future/verify lineup,Produk,PRODUCTS/E_VITARA
PROGRESS IS THE ROAD WE’VE NEVER STOPPED TAKING.png,.png,1.01,suzukitradajateng.co.id\assets\images\e-vitara\banners\PROGRESS IS THE ROAD WE’VE NEVER STOPPED TAKING.png,E_VITARA,Future/verify lineup,Produk,PRODUCTS/E_VITARA
Alloy Wheel 18’.png,.png,0.78,suzukitradajateng.co.id\assets\images\e-vitara\exterior\EXTERIOR\Alloy Wheel 18’.png,E_VITARA,Future/verify lineup,Produk,PRODUCTS/E_VITARA
Front LED Matrix Lamps.png,.png,1.017,suzukitradajateng.co.id\assets\images\e-vitara\exterior\EXTERIOR\Front LED Matrix Lamps.png,E_VITARA,Future/verify lineup,Produk,PRODUCTS/E_VITARA
Futuristic Front Look.png,.png,0.773,suzukitradajateng.co.id\assets\images\e-vitara\exterior\EXTERIOR\Futuristic Front Look.png,E_VITARA,Future/verify lineup,Produk,PRODUCTS/E_VITARA
Rear LED Matrix Lamps.png,.png,1.0,suzukitradajateng.co.id\assets\images\e-vitara\exterior\EXTERIOR\Rear LED Matrix Lamps.png,E_VITARA,Future/verify lineup,Produk,PRODUCTS/E_VITARA
6 Speakers with Inﬁnity Premium Sound System + Subwoofer.png,.png,1.62,suzukitradajateng.co.id\assets\images\e-vitara\interior\6 Speakers with Inﬁnity Premium Sound System + Subwoofer.png,E_VITARA,Future/verify lineup,Produk,PRODUCTS/E_VITARA
alloy wheel garnish18’’ satin silver_.png,.png,0.555,suzukitradajateng.co.id\assets\images\e-vitara\interior\alloy wheel garnish18’’ satin silver_.png,E_VITARA,Future/verify lineup,Produk,PRODUCTS/E_VITARA
ANTI PM2.5 AIR-CONDITIONER FILTER_.png,.png,1.074,suzukitradajateng.co.id\assets\images\e-vitara\interior\ANTI PM2.5 AIR-CONDITIONER FILTER_.png,E_VITARA,Future/verify lineup,Produk,PRODUCTS/E_VITARA
BACK DOOR SCUFF PLATE_.png,.png,1.419,suzukitradajateng.co.id\assets\images\e-vitara\interior\BACK DOOR SCUFF PLATE_.png,E_VITARA,Future/verify lineup,Produk,PRODUCTS/E_VITARA
Custom Ambient Lighting.png,.png,0.694,suzukitradajateng.co.id\assets\images\e-vitara\interior\Custom Ambient Lighting.png,E_VITARA,Future/verify lineup,Produk,PRODUCTS/E_VITARA
door handle pocket protector film_.png,.png,1.497,suzukitradajateng.co.id\assets\images\e-vitara\interior\door handle pocket protector film_.png,E_VITARA,Future/verify lineup,Produk,PRODUCTS/E_VITARA
Floating Centre Console.png,.png,0.667,suzukitradajateng.co.id\assets\images\e-vitara\interior\Floating Centre Console.png,E_VITARA,Future/verify lineup,Produk,PRODUCTS/E_VITARA
Front Center USB Port (Type A & C).png,.png,0.608,suzukitradajateng.co.id\assets\images\e-vitara\interior\Front Center USB Port (Type A & C).png,E_VITARA,Future/verify lineup,Produk,PRODUCTS/E_VITARA
LUGGAGE MAT TRAY_.png,.png,1.355,suzukitradajateng.co.id\assets\images\e-vitara\interior\LUGGAGE MAT TRAY_.png,E_VITARA,Future/verify lineup,Produk,PRODUCTS/E_VITARA
Luggage Space.png,.png,0.829,suzukitradajateng.co.id\assets\images\e-vitara\interior\Luggage Space.png,E_VITARA,Future/verify lineup,Produk,PRODUCTS/E_VITARA
MULTI ROOF RACK_.png,.png,0.897,suzukitradajateng.co.id\assets\images\e-vitara\interior\MULTI ROOF RACK_.png,E_VITARA,Future/verify lineup,Produk,PRODUCTS/E_VITARA
Panoramic Glass Roof.png,.png,1.047,suzukitradajateng.co.id\assets\images\e-vitara\interior\Panoramic Glass Roof.png,E_VITARA,Future/verify lineup,Produk,PRODUCTS/E_VITARA
Rear Passenger USB Port (Type A & C).png,.png,0.712,suzukitradajateng.co.id\assets\images\e-vitara\interior\Rear Passenger USB Port (Type A & C).png,E_VITARA,Future/verify lineup,Produk,PRODUCTS/E_VITARA
Side Sill Scuff_.png,.png,1.292,suzukitradajateng.co.id\assets\images\e-vitara\interior\Side Sill Scuff_.png,E_VITARA,Future/verify lineup,Produk,PRODUCTS/E_VITARA
SIDE UNDER GARNISH_.png,.png,0.858,suzukitradajateng.co.id\assets\images\e-vitara\interior\SIDE UNDER GARNISH_.png,E_VITARA,Future/verify lineup,Produk,PRODUCTS/E_VITARA
Squircle Steering Wheel.png,.png,1.082,suzukitradajateng.co.id\assets\images\e-vitara\interior\Squircle Steering Wheel.png,E_VITARA,Future/verify lineup,Produk,PRODUCTS/E_VITARA
ULTIMATE COMFORT.png,.png,0.444,suzukitradajateng.co.id\assets\images\e-vitara\interior\ULTIMATE COMFORT.png,E_VITARA,Future/verify lineup,Produk,PRODUCTS/E_VITARA
"Utility, Reﬁned for Maximum Ease.png",.png,0.342,"suzukitradajateng.co.id\assets\images\e-vitara\interior\Utility, Reﬁned for Maximum Ease.png",E_VITARA,Future/verify lineup,Produk,PRODUCTS/E_VITARA
Wheel Lock Nut Set_.png,.png,1.008,suzukitradajateng.co.id\assets\images\e-vitara\interior\Wheel Lock Nut Set_.png,E_VITARA,Future/verify lineup,Produk,PRODUCTS/E_VITARA
Wireless Charger.png,.png,0.586,suzukitradajateng.co.id\assets\images\e-vitara\interior\Wireless Charger.png,E_VITARA,Future/verify lineup,Produk,PRODUCTS/E_VITARA
Adaptive Cruise Control (ACC).png,.png,0.694,suzukitradajateng.co.id\assets\images\e-vitara\safety_support\SAFETY SUPPORT\Adaptive Cruise Control (ACC).png,E_VITARA,Future/verify lineup,Produk,PRODUCTS/E_VITARA
Adaptive High Beam System (AHS).png,.png,0.285,suzukitradajateng.co.id\assets\images\e-vitara\safety_support\SAFETY SUPPORT\Adaptive High Beam System (AHS).png,E_VITARA,Future/verify lineup,Produk,PRODUCTS/E_VITARA
Blind Spot Monitor (BSM).png,.png,0.434,suzukitradajateng.co.id\assets\images\e-vitara\safety_support\SAFETY SUPPORT\Blind Spot Monitor (BSM).png,E_VITARA,Future/verify lineup,Produk,PRODUCTS/E_VITARA
Dual Sensor Brake Support II (DSBS II).png,.png,0.413,suzukitradajateng.co.id\assets\images\e-vitara\safety_support\SAFETY SUPPORT\Dual Sensor Brake Support II (DSBS II).png,E_VITARA,Future/verify lineup,Produk,PRODUCTS/E_VITARA
Lane Departure Prevention (LDP).png,.png,0.331,suzukitradajateng.co.id\assets\images\e-vitara\safety_support\SAFETY SUPPORT\Lane Departure Prevention (LDP).png,E_VITARA,Future/verify lineup,Produk,PRODUCTS/E_VITARA
Lane Keep Assist (LKA).png,.png,0.276,suzukitradajateng.co.id\assets\images\e-vitara\safety_support\SAFETY SUPPORT\Lane Keep Assist (LKA).png,E_VITARA,Future/verify lineup,Produk,PRODUCTS/E_VITARA
Multiple Collision Braking.png,.png,0.341,suzukitradajateng.co.id\assets\images\e-vitara\safety_support\SAFETY SUPPORT\Multiple Collision Braking.png,E_VITARA,Future/verify lineup,Produk,PRODUCTS/E_VITARA
Rear Crossing Traﬃc Alert (RCTA).png,.png,0.323,suzukitradajateng.co.id\assets\images\e-vitara\safety_support\SAFETY SUPPORT\Rear Crossing Traﬃc Alert (RCTA).png,E_VITARA,Future/verify lineup,Produk,PRODUCTS/E_VITARA
SAFETY SUPPORT.png,.png,0.544,suzukitradajateng.co.id\assets\images\e-vitara\safety_support\SAFETY SUPPORT\SAFETY SUPPORT.png,E_VITARA,Future/verify lineup,Produk,PRODUCTS/E_VITARA
Battery & Range.png,.png,1.574,suzukitradajateng.co.id\assets\images\e-vitara\slideshow\Battery & Range.png,E_VITARA,Future/verify lineup,Produk,PRODUCTS/E_VITARA
"Charging, Designed for Convenience.png",.png,1.483,"suzukitradajateng.co.id\assets\images\e-vitara\slideshow\Charging, Designed for Convenience.png",E_VITARA,Future/verify lineup,Produk,PRODUCTS/E_VITARA
"Driving Engineered Control, Conﬁdent Performance.png",.png,1.573,"suzukitradajateng.co.id\assets\images\e-vitara\slideshow\Driving Engineered Control, Conﬁdent Performance.png",E_VITARA,Future/verify lineup,Produk,PRODUCTS/E_VITARA
heartect.png,.png,1.801,suzukitradajateng.co.id\assets\images\e-vitara\slideshow\heartect.png,E_VITARA,Future/verify lineup,Produk,PRODUCTS/E_VITARA
1.webp,.webp,0.009,suzukitradajateng.co.id\assets\images\exterior\grand-vitara\gx\1.webp,GRAND_VITARA,Product asset,Product page + catalog,PRODUCTS/GRAND_VITARA
2.webp,.webp,0.007,suzukitradajateng.co.id\assets\images\exterior\grand-vitara\gx\2.webp,GRAND_VITARA,Product asset,Product page + catalog,PRODUCTS/GRAND_VITARA
3.webp,.webp,0.005,suzukitradajateng.co.id\assets\images\exterior\grand-vitara\gx\3.webp,GRAND_VITARA,Product asset,Product page + catalog,PRODUCTS/GRAND_VITARA
4.webp,.webp,0.006,suzukitradajateng.co.id\assets\images\exterior\grand-vitara\gx\4.webp,GRAND_VITARA,Product asset,Product page + catalog,PRODUCTS/GRAND_VITARA
7.webp,.webp,0.004,suzukitradajateng.co.id\assets\images\exterior\grand-vitara\gx\7.webp,GRAND_VITARA,Product asset,Product page + catalog,PRODUCTS/GRAND_VITARA
8.webp,.webp,0.005,suzukitradajateng.co.id\assets\images\exterior\grand-vitara\gx\8.webp,GRAND_VITARA,Product asset,Product page + catalog,PRODUCTS/GRAND_VITARA
exterior-105e1f.webp,.webp,0.007,suzukitradajateng.co.id\assets\images\exterior\gx\exterior-105e1f.webp,SHARED_EXTERIOR,Exterior,Relevant product page,COMMON/EXTERIOR
exterior-15e1f.webp,.webp,0.012,suzukitradajateng.co.id\assets\images\exterior\gx\exterior-15e1f.webp,SHARED_EXTERIOR,Exterior,Relevant product page,COMMON/EXTERIOR
exterior-25e1f.webp,.webp,0.009,suzukitradajateng.co.id\assets\images\exterior\gx\exterior-25e1f.webp,SHARED_EXTERIOR,Exterior,Relevant product page,COMMON/EXTERIOR
exterior-35e1f.webp,.webp,0.008,suzukitradajateng.co.id\assets\images\exterior\gx\exterior-35e1f.webp,SHARED_EXTERIOR,Exterior,Relevant product page,COMMON/EXTERIOR
exterior-45e1f.webp,.webp,0.012,suzukitradajateng.co.id\assets\images\exterior\gx\exterior-45e1f.webp,SHARED_EXTERIOR,Exterior,Relevant product page,COMMON/EXTERIOR
exterior-55e1f.webp,.webp,0.007,suzukitradajateng.co.id\assets\images\exterior\gx\exterior-55e1f.webp,SHARED_EXTERIOR,Exterior,Relevant product page,COMMON/EXTERIOR
exterior-65e1f.webp,.webp,0.005,suzukitradajateng.co.id\assets\images\exterior\gx\exterior-65e1f.webp,SHARED_EXTERIOR,Exterior,Relevant product page,COMMON/EXTERIOR
exterior-75e1f.webp,.webp,0.011,suzukitradajateng.co.id\assets\images\exterior\gx\exterior-75e1f.webp,SHARED_EXTERIOR,Exterior,Relevant product page,COMMON/EXTERIOR
exterior-85e1f.webp,.webp,0.006,suzukitradajateng.co.id\assets\images\exterior\gx\exterior-85e1f.webp,SHARED_EXTERIOR,Exterior,Relevant product page,COMMON/EXTERIOR
exterior-95e1f.webp,.webp,0.006,suzukitradajateng.co.id\assets\images\exterior\gx\exterior-95e1f.webp,SHARED_EXTERIOR,Exterior,Relevant product page,COMMON/EXTERIOR
exterior-15e1f.webp,.webp,0.012,suzukitradajateng.co.id\assets\images\exterior\ss\exterior-15e1f.webp,SHARED_EXTERIOR,Exterior,Relevant product page,COMMON/EXTERIOR
exterior-25e1f.webp,.webp,0.012,suzukitradajateng.co.id\assets\images\exterior\ss\exterior-25e1f.webp,SHARED_EXTERIOR,Exterior,Relevant product page,COMMON/EXTERIOR
exterior-35e1f.webp,.webp,0.007,suzukitradajateng.co.id\assets\images\exterior\ss\exterior-35e1f.webp,SHARED_EXTERIOR,Exterior,Relevant product page,COMMON/EXTERIOR
exterior-45e1f.webp,.webp,0.016,suzukitradajateng.co.id\assets\images\exterior\ss\exterior-45e1f.webp,SHARED_EXTERIOR,Exterior,Relevant product page,COMMON/EXTERIOR
exterior-55e1f.webp,.webp,0.012,suzukitradajateng.co.id\assets\images\exterior\ss\exterior-55e1f.webp,SHARED_EXTERIOR,Exterior,Relevant product page,COMMON/EXTERIOR
exterior-65e1f.webp,.webp,0.014,suzukitradajateng.co.id\assets\images\exterior\ss\exterior-65e1f.webp,SHARED_EXTERIOR,Exterior,Relevant product page,COMMON/EXTERIOR
exterior-75e1f.webp,.webp,0.016,suzukitradajateng.co.id\assets\images\exterior\ss\exterior-75e1f.webp,SHARED_EXTERIOR,Exterior,Relevant product page,COMMON/EXTERIOR
exterior-85e1f.webp,.webp,0.018,suzukitradajateng.co.id\assets\images\exterior\ss\exterior-85e1f.webp,SHARED_EXTERIOR,Exterior,Relevant product page,COMMON/EXTERIOR
Adaptive cruise control.png,.png,0.149,suzukitradajateng.co.id\assets\images\fronx-safety-support\Adaptive cruise control.png,FRONX,Product asset,Product page + homepage,PRODUCTS/FRONX
BSM.png,.png,0.134,suzukitradajateng.co.id\assets\images\fronx-safety-support\BSM.png,FRONX,Product asset,Product page + homepage,PRODUCTS/FRONX
DSBSII.png,.png,0.136,suzukitradajateng.co.id\assets\images\fronx-safety-support\DSBSII.png,FRONX,Product asset,Product page + homepage,PRODUCTS/FRONX
High Beam Assist.png,.png,0.073,suzukitradajateng.co.id\assets\images\fronx-safety-support\High Beam Assist.png,FRONX,Product asset,Product page + homepage,PRODUCTS/FRONX
HILL HOLD CONTROL.png,.png,0.548,suzukitradajateng.co.id\assets\images\fronx-safety-support\HILL HOLD CONTROL.png,FRONX,Product asset,Product page + homepage,PRODUCTS/FRONX
lane departure prevention.png,.png,0.083,suzukitradajateng.co.id\assets\images\fronx-safety-support\lane departure prevention.png,FRONX,Product asset,Product page + homepage,PRODUCTS/FRONX
lane departure warning.png,.png,0.051,suzukitradajateng.co.id\assets\images\fronx-safety-support\lane departure warning.png,FRONX,Product asset,Product page + homepage,PRODUCTS/FRONX
lane keep asisstant.png,.png,0.135,suzukitradajateng.co.id\assets\images\fronx-safety-support\lane keep asisstant.png,FRONX,Product asset,Product page + homepage,PRODUCTS/FRONX
PARKING SENSOR.png,.png,0.878,suzukitradajateng.co.id\assets\images\fronx-safety-support\PARKING SENSOR.png,FRONX,Product asset,Product page + homepage,PRODUCTS/FRONX
rear cross traffic alert.png,.png,0.137,suzukitradajateng.co.id\assets\images\fronx-safety-support\rear cross traffic alert.png,FRONX,Product asset,Product page + homepage,PRODUCTS/FRONX
vehicle swaying warning.png,.png,0.063,suzukitradajateng.co.id\assets\images\fronx-safety-support\vehicle swaying warning.png,FRONX,Product asset,Product page + homepage,PRODUCTS/FRONX
1.webp,.webp,0.009,suzukitradajateng.co.id\assets\images\interior\grand-vitara\gx\1.webp,GRAND_VITARA,Product asset,Product page + catalog,PRODUCTS/GRAND_VITARA
10.webp,.webp,0.004,suzukitradajateng.co.id\assets\images\interior\grand-vitara\gx\10.webp,GRAND_VITARA,Product asset,Product page + catalog,PRODUCTS/GRAND_VITARA
11.webp,.webp,0.007,suzukitradajateng.co.id\assets\images\interior\grand-vitara\gx\11.webp,GRAND_VITARA,Product asset,Product page + catalog,PRODUCTS/GRAND_VITARA
12.webp,.webp,0.007,suzukitradajateng.co.id\assets\images\interior\grand-vitara\gx\12.webp,GRAND_VITARA,Product asset,Product page + catalog,PRODUCTS/GRAND_VITARA
13.webp,.webp,0.007,suzukitradajateng.co.id\assets\images\interior\grand-vitara\gx\13.webp,GRAND_VITARA,Product asset,Product page + catalog,PRODUCTS/GRAND_VITARA
14.webp,.webp,0.004,suzukitradajateng.co.id\assets\images\interior\grand-vitara\gx\14.webp,GRAND_VITARA,Product asset,Product page + catalog,PRODUCTS/GRAND_VITARA
15.webp,.webp,0.007,suzukitradajateng.co.id\assets\images\interior\grand-vitara\gx\15.webp,GRAND_VITARA,Product asset,Product page + catalog,PRODUCTS/GRAND_VITARA
16.webp,.webp,0.004,suzukitradajateng.co.id\assets\images\interior\grand-vitara\gx\16.webp,GRAND_VITARA,Product asset,Product page + catalog,PRODUCTS/GRAND_VITARA
17 inch Dual - Tone Alloy Wheels.png,.png,0.174,suzukitradajateng.co.id\assets\images\interior\grand-vitara\gx\17 inch Dual - Tone Alloy Wheels.png,GRAND_VITARA,Product asset,Product page + catalog,PRODUCTS/GRAND_VITARA
17.webp,.webp,0.006,suzukitradajateng.co.id\assets\images\interior\grand-vitara\gx\17.webp,GRAND_VITARA,Product asset,Product page + catalog,PRODUCTS/GRAND_VITARA
18.webp,.webp,0.004,suzukitradajateng.co.id\assets\images\interior\grand-vitara\gx\18.webp,GRAND_VITARA,Product asset,Product page + catalog,PRODUCTS/GRAND_VITARA
19.webp,.webp,0.002,suzukitradajateng.co.id\assets\images\interior\grand-vitara\gx\19.webp,GRAND_VITARA,Product asset,Product page + catalog,PRODUCTS/GRAND_VITARA
2.webp,.webp,0.012,suzukitradajateng.co.id\assets\images\interior\grand-vitara\gx\2.webp,GRAND_VITARA,Product asset,Product page + catalog,PRODUCTS/GRAND_VITARA
20.webp,.webp,0.003,suzukitradajateng.co.id\assets\images\interior\grand-vitara\gx\20.webp,GRAND_VITARA,Product asset,Product page + catalog,PRODUCTS/GRAND_VITARA
21.webp,.webp,0.022,suzukitradajateng.co.id\assets\images\interior\grand-vitara\gx\21.webp,GRAND_VITARA,Product asset,Product page + catalog,PRODUCTS/GRAND_VITARA
22.webp,.webp,0.021,suzukitradajateng.co.id\assets\images\interior\grand-vitara\gx\22.webp,GRAND_VITARA,Product asset,Product page + catalog,PRODUCTS/GRAND_VITARA
23.webp,.webp,0.009,suzukitradajateng.co.id\assets\images\interior\grand-vitara\gx\23.webp,GRAND_VITARA,Product asset,Product page + catalog,PRODUCTS/GRAND_VITARA
24.webp,.webp,0.009,suzukitradajateng.co.id\assets\images\interior\grand-vitara\gx\24.webp,GRAND_VITARA,Product asset,Product page + catalog,PRODUCTS/GRAND_VITARA
25.webp,.webp,0.009,suzukitradajateng.co.id\assets\images\interior\grand-vitara\gx\25.webp,GRAND_VITARA,Product asset,Product page + catalog,PRODUCTS/GRAND_VITARA
26.webp,.webp,0.008,suzukitradajateng.co.id\assets\images\interior\grand-vitara\gx\26.webp,GRAND_VITARA,Product asset,Product page + catalog,PRODUCTS/GRAND_VITARA
3.webp,.webp,0.007,suzukitradajateng.co.id\assets\images\interior\grand-vitara\gx\3.webp,GRAND_VITARA,Product asset,Product page + catalog,PRODUCTS/GRAND_VITARA
4.webp,.webp,0.006,suzukitradajateng.co.id\assets\images\interior\grand-vitara\gx\4.webp,GRAND_VITARA,Product asset,Product page + catalog,PRODUCTS/GRAND_VITARA
6.webp,.webp,0.014,suzukitradajateng.co.id\assets\images\interior\grand-vitara\gx\6.webp,GRAND_VITARA,Product asset,Product page + catalog,PRODUCTS/GRAND_VITARA
7 inch Digital TFT Color Multi-Information Display.png,.png,0.232,suzukitradajateng.co.id\assets\images\interior\grand-vitara\gx\7 inch Digital TFT Color Multi-Information Display.png,GRAND_VITARA,Product asset,Product page + catalog,PRODUCTS/GRAND_VITARA
7.webp,.webp,0.009,suzukitradajateng.co.id\assets\images\interior\grand-vitara\gx\7.webp,GRAND_VITARA,Product asset,Product page + catalog,PRODUCTS/GRAND_VITARA
8.webp,.webp,0.01,suzukitradajateng.co.id\assets\images\interior\grand-vitara\gx\8.webp,GRAND_VITARA,Product asset,Product page + catalog,PRODUCTS/GRAND_VITARA
9.webp,.webp,0.004,suzukitradajateng.co.id\assets\images\interior\grand-vitara\gx\9.webp,GRAND_VITARA,Product asset,Product page + catalog,PRODUCTS/GRAND_VITARA
Apple CarPlay & Android Auto.png,.png,0.193,suzukitradajateng.co.id\assets\images\interior\grand-vitara\gx\Apple CarPlay & Android Auto.png,GRAND_VITARA,Product asset,Product page + catalog,PRODUCTS/GRAND_VITARA
Auto Climate AC.png,.png,0.303,suzukitradajateng.co.id\assets\images\interior\grand-vitara\gx\Auto Climate AC.png,GRAND_VITARA,Product asset,Product page + catalog,PRODUCTS/GRAND_VITARA
Cabin Lamp (LED).png,.png,0.3,suzukitradajateng.co.id\assets\images\interior\grand-vitara\gx\Cabin Lamp (LED).png,GRAND_VITARA,Product asset,Product page + catalog,PRODUCTS/GRAND_VITARA
Excellent Comfort.png,.png,0.355,suzukitradajateng.co.id\assets\images\interior\grand-vitara\gx\Excellent Comfort.png,GRAND_VITARA,Product asset,Product page + catalog,PRODUCTS/GRAND_VITARA
Panoramic Sunroof.png,.png,0.321,suzukitradajateng.co.id\assets\images\interior\grand-vitara\gx\Panoramic Sunroof.png,GRAND_VITARA,Product asset,Product page + catalog,PRODUCTS/GRAND_VITARA
Spot Map Lamp (LED).png,.png,0.354,suzukitradajateng.co.id\assets\images\interior\grand-vitara\gx\Spot Map Lamp (LED).png,GRAND_VITARA,Product asset,Product page + catalog,PRODUCTS/GRAND_VITARA
Ventilated Seats.png,.png,0.373,suzukitradajateng.co.id\assets\images\interior\grand-vitara\gx\Ventilated Seats.png,GRAND_VITARA,Product asset,Product page + catalog,PRODUCTS/GRAND_VITARA
interior-15e1f.webp,.webp,0.016,suzukitradajateng.co.id\assets\images\interior\gx\interior-15e1f.webp,SHARED_INTERIOR,Interior,Relevant product page,COMMON/INTERIOR
interior-25e1f.webp,.webp,0.012,suzukitradajateng.co.id\assets\images\interior\gx\interior-25e1f.webp,SHARED_INTERIOR,Interior,Relevant product page,COMMON/INTERIOR
interior-35e1f.webp,.webp,0.006,suzukitradajateng.co.id\assets\images\interior\gx\interior-35e1f.webp,SHARED_INTERIOR,Interior,Relevant product page,COMMON/INTERIOR
interior-45e1f.webp,.webp,0.012,suzukitradajateng.co.id\assets\images\interior\gx\interior-45e1f.webp,SHARED_INTERIOR,Interior,Relevant product page,COMMON/INTERIOR
interior-65e1f.webp,.webp,0.008,suzukitradajateng.co.id\assets\images\interior\gx\interior-65e1f.webp,SHARED_INTERIOR,Interior,Relevant product page,COMMON/INTERIOR
interior-75e1f.webp,.webp,0.007,suzukitradajateng.co.id\assets\images\interior\gx\interior-75e1f.webp,SHARED_INTERIOR,Interior,Relevant product page,COMMON/INTERIOR
interior-85e1f.webp,.webp,0.009,suzukitradajateng.co.id\assets\images\interior\gx\interior-85e1f.webp,SHARED_INTERIOR,Interior,Relevant product page,COMMON/INTERIOR
interior-95e1f.webp,.webp,0.009,suzukitradajateng.co.id\assets\images\interior\gx\interior-95e1f.webp,SHARED_INTERIOR,Interior,Relevant product page,COMMON/INTERIOR
interior-15e1f.webp,.webp,0.012,suzukitradajateng.co.id\assets\images\interior\ss\interior-15e1f.webp,SHARED_INTERIOR,Interior,Relevant product page,COMMON/INTERIOR
interior-25e1f.webp,.webp,0.014,suzukitradajateng.co.id\assets\images\interior\ss\interior-25e1f.webp,SHARED_INTERIOR,Interior,Relevant product page,COMMON/INTERIOR
interior-35e1f.webp,.webp,0.013,suzukitradajateng.co.id\assets\images\interior\ss\interior-35e1f.webp,SHARED_INTERIOR,Interior,Relevant product page,COMMON/INTERIOR
interior-45e1f.webp,.webp,0.016,suzukitradajateng.co.id\assets\images\interior\ss\interior-45e1f.webp,SHARED_INTERIOR,Interior,Relevant product page,COMMON/INTERIOR
interior-55e1f.webp,.webp,0.009,suzukitradajateng.co.id\assets\images\interior\ss\interior-55e1f.webp,SHARED_INTERIOR,Interior,Relevant product page,COMMON/INTERIOR
interior-65e1f.webp,.webp,0.013,suzukitradajateng.co.id\assets\images\interior\ss\interior-65e1f.webp,SHARED_INTERIOR,Interior,Relevant product page,COMMON/INTERIOR
interior-75e1f.webp,.webp,0.016,suzukitradajateng.co.id\assets\images\interior\ss\interior-75e1f.webp,SHARED_INTERIOR,Interior,Relevant product page,COMMON/INTERIOR
interior-85e1f.webp,.webp,0.016,suzukitradajateng.co.id\assets\images\interior\ss\interior-85e1f.webp,SHARED_INTERIOR,Interior,Relevant product page,COMMON/INTERIOR
arrow-right.png,.png,0.0,suzukitradajateng.co.id\assets\img\arrow-right.png,UI_TECHNICAL,UI/technical asset,Archive/reference; not core website content,ARCHIVE/REFERENCE
bg_breadcrumb.png,.png,0.0,suzukitradajateng.co.id\assets\img\bg_breadcrumb.png,UI_TECHNICAL,UI/technical asset,Archive/reference; not core website content,ARCHIVE/REFERENCE
bg_hubungi-sales.png,.png,0.301,suzukitradajateng.co.id\assets\img\bg_hubungi-sales.png,ARCHIVE_UNIDENTIFIED,Unclear legacy asset,Archive until contextual source is confirmed,ARCHIVE/UNPUBLISHED
bg_page.png,.png,0.106,suzukitradajateng.co.id\assets\img\bg_page.png,UI_TECHNICAL,UI/technical asset,Archive/reference; not core website content,ARCHIVE/REFERENCE
bg_produk-pilihan.png,.png,0.004,suzukitradajateng.co.id\assets\img\bg_produk-pilihan.png,UI_TECHNICAL,UI/technical asset,Archive/reference; not core website content,ARCHIVE/REFERENCE
bg_stack-shadow_center.png,.png,0.002,suzukitradajateng.co.id\assets\img\bg_stack-shadow_center.png,UI_TECHNICAL,UI/technical asset,Archive/reference; not core website content,ARCHIVE/REFERENCE
bg_stack-shadow_left.png,.png,0.003,suzukitradajateng.co.id\assets\img\bg_stack-shadow_left.png,UI_TECHNICAL,UI/technical asset,Archive/reference; not core website content,ARCHIVE/REFERENCE
bg_stack-shadow_right.png,.png,0.003,suzukitradajateng.co.id\assets\img\bg_stack-shadow_right.png,UI_TECHNICAL,UI/technical asset,Archive/reference; not core website content,ARCHIVE/REFERENCE
favicon.ico,.ico,0.001,suzukitradajateng.co.id\assets\img\favicon.ico,BRAND_UI,Logo/icon,Header/footer/UI,BRAND_UI/ICONS
favicon_16_suzuki.png,.png,0.001,suzukitradajateng.co.id\assets\img\favicon_16_suzuki.png,BRAND_UI,Logo/icon,Header/footer/UI,BRAND_UI/ICONS
favicon_180_suzuki.png,.png,0.014,suzukitradajateng.co.id\assets\img\favicon_180_suzuki.png,BRAND_UI,Logo/icon,Header/footer/UI,BRAND_UI/ICONS
favicon_192_suzuki.png,.png,0.016,suzukitradajateng.co.id\assets\img\favicon_192_suzuki.png,BRAND_UI,Logo/icon,Header/footer/UI,BRAND_UI/ICONS
favicon_32_suzuki.png,.png,0.002,suzukitradajateng.co.id\assets\img\favicon_32_suzuki.png,BRAND_UI,Logo/icon,Header/footer/UI,BRAND_UI/ICONS
favicon_512_suzuki.png,.png,0.065,suzukitradajateng.co.id\assets\img\favicon_512_suzuki.png,BRAND_UI,Logo/icon,Header/footer/UI,BRAND_UI/ICONS
floating_icon_c_calc.png,.png,0.0,suzukitradajateng.co.id\assets\img\floating_icon_c_calc.png,BRAND_UI,Logo/icon,Header/footer/UI,BRAND_UI/ICONS
floating_icon_d_test-drive.png,.png,0.001,suzukitradajateng.co.id\assets\img\floating_icon_d_test-drive.png,BRAND_UI,Logo/icon,Header/footer/UI,BRAND_UI/ICONS
floating_icon_e_booking-service.png,.png,0.001,suzukitradajateng.co.id\assets\img\floating_icon_e_booking-service.png,BRAND_UI,Logo/icon,Header/footer/UI,BRAND_UI/ICONS
hero-angle.png,.png,1.314,suzukitradajateng.co.id\assets\img\hero-angle.png,PROMO_HERO_BANNER,Banner/hero,Homepage/promo,HOME/PROMO
icon_otp.png,.png,0.005,suzukitradajateng.co.id\assets\img\icon_otp.png,BRAND_UI,Logo/icon,Header/footer/UI,BRAND_UI/ICONS
icon_top-bar_down.png,.png,0.0,suzukitradajateng.co.id\assets\img\icon_top-bar_down.png,BRAND_UI,Logo/icon,Header/footer/UI,BRAND_UI/ICONS
icon_top-bar_marker.png,.png,0.0,suzukitradajateng.co.id\assets\img\icon_top-bar_marker.png,BRAND_UI,Logo/icon,Header/footer/UI,BRAND_UI/ICONS
line.png,.png,0.0,suzukitradajateng.co.id\assets\img\line.png,UI_TECHNICAL,UI/technical asset,Archive/reference; not core website content,ARCHIVE/REFERENCE
parts.png,.png,0.22,suzukitradajateng.co.id\assets\img\parts.png,ARCHIVE_UNIDENTIFIED,Unclear legacy asset,Archive until contextual source is confirmed,ARCHIVE/UNPUBLISHED
putih_logo_splash.webp,.webp,0.003,suzukitradajateng.co.id\assets\img\putih_logo_splash.webp,BRAND_UI,Logo/icon,Header/footer/UI,BRAND_UI/ICONS
sales.png,.png,0.179,suzukitradajateng.co.id\assets\img\sales.png,ARCHIVE_UNIDENTIFIED,Unclear legacy asset,Archive until contextual source is confirmed,ARCHIVE/UNPUBLISHED
servis.png,.png,0.199,suzukitradajateng.co.id\assets\img\servis.png,ARCHIVE_UNIDENTIFIED,Unclear legacy asset,Archive until contextual source is confirmed,ARCHIVE/UNPUBLISHED
splash-mb.jpg,.jpg,0.157,suzukitradajateng.co.id\assets\img\splash-mb.jpg,PROMO_HERO_BANNER,Banner/hero,Homepage/promo after visual review,HOME/PROMO
sujuki.png,.png,0.04,suzukitradajateng.co.id\assets\img\sujuki.png,ARCHIVE_UNIDENTIFIED,Unclear legacy asset,Archive until contextual source is confirmed,ARCHIVE/UNPUBLISHED
toggler-icon.svg,.svg,0.0,suzukitradajateng.co.id\assets\img\toggler-icon.svg,BRAND_UI,Logo/icon,Header/footer/UI,BRAND_UI/ICONS
grand-vitara.png,.png,0.395,suzukitradajateng.co.id\assets\img\v2\grand-vitara.png,GRAND_VITARA,Product asset,Product page + catalog,PRODUCTS/GRAND_VITARA
xl7-exterior-kv.png,.png,1.784,suzukitradajateng.co.id\assets\img\v2\xl7-exterior-kv.png,XL7_HYBRID,Product asset,Homepage hero + product page,PRODUCTS/XL7_HYBRID
xl7-interior-kv.png,.png,1.421,suzukitradajateng.co.id\assets\img\v2\xl7-interior-kv.png,XL7_HYBRID,Product asset,Homepage hero + product page,PRODUCTS/XL7_HYBRID
about-new.webp,.webp,0.047,suzukitradajateng.co.id\assets\img\v2\banner\about-new.webp,PROMO_HERO_BANNER,Banner/hero,Homepage/promo,HOME/PROMO
banner-new-mb.webp,.webp,0.03,suzukitradajateng.co.id\assets\img\v2\banner\banner-new-mb.webp,PROMO_HERO_BANNER,Banner/hero,Homepage/promo,HOME/PROMO
banner-new.webp,.webp,0.087,suzukitradajateng.co.id\assets\img\v2\banner\banner-new.webp,PROMO_HERO_BANNER,Banner/hero,Homepage/promo,HOME/PROMO
page-contact.webp,.webp,0.175,suzukitradajateng.co.id\assets\img\v2\banner\page-contact.webp,PROMO_HERO_BANNER,Banner/hero,Homepage/promo,HOME/PROMO
page-news.webp,.webp,0.067,suzukitradajateng.co.id\assets\img\v2\banner\page-news.webp,PROMO_HERO_BANNER,Banner/hero,Homepage/promo,HOME/PROMO
page-part.webp,.webp,0.114,suzukitradajateng.co.id\assets\img\v2\banner\page-part.webp,PROMO_HERO_BANNER,Banner/hero,Homepage/promo,HOME/PROMO
page-service.webp,.webp,0.018,suzukitradajateng.co.id\assets\img\v2\banner\page-service.webp,PROMO_HERO_BANNER,Banner/hero,Homepage/promo,HOME/PROMO
page-simulasi-kredit.webp,.webp,0.063,suzukitradajateng.co.id\assets\img\v2\banner\page-simulasi-kredit.webp,PROMO_HERO_BANNER,Banner/hero,Homepage/promo,HOME/PROMO
privacy-banner.webp,.webp,0.084,suzukitradajateng.co.id\assets\img\v2\banner\privacy-banner.webp,PROMO_HERO_BANNER,Banner/hero,Homepage/promo,HOME/PROMO
produk-new.webp,.webp,0.032,suzukitradajateng.co.id\assets\img\v2\banner\produk-new.webp,PROMO_HERO_BANNER,Banner/hero,Homepage/promo,HOME/PROMO
hub-sales.jpg,.jpg,0.005,suzukitradajateng.co.id\assets\img\v2\icon\hub-sales.jpg,BRAND_UI,Logo/icon,Header/footer/UI,BRAND_UI/ICONS
hub-sales.webp,.webp,0.001,suzukitradajateng.co.id\assets\img\v2\icon\hub-sales.webp,BRAND_UI,Logo/icon,Header/footer/UI,BRAND_UI/ICONS
jadwal-service.jpg,.jpg,0.005,suzukitradajateng.co.id\assets\img\v2\icon\jadwal-service.jpg,BRAND_UI,Logo/icon,Header/footer/UI,BRAND_UI/ICONS
jadwal-service.webp,.webp,0.001,suzukitradajateng.co.id\assets\img\v2\icon\jadwal-service.webp,BRAND_UI,Logo/icon,Header/footer/UI,BRAND_UI/ICONS
pesan-part.jpg,.jpg,0.005,suzukitradajateng.co.id\assets\img\v2\icon\pesan-part.jpg,BRAND_UI,Logo/icon,Header/footer/UI,BRAND_UI/ICONS
pesan-part.webp,.webp,0.001,suzukitradajateng.co.id\assets\img\v2\icon\pesan-part.webp,BRAND_UI,Logo/icon,Header/footer/UI,BRAND_UI/ICONS
simulasi-kredit.jpg,.jpg,0.005,suzukitradajateng.co.id\assets\img\v2\icon\simulasi-kredit.jpg,BRAND_UI,Logo/icon,Header/footer/UI,BRAND_UI/ICONS
simulasi-kredit.webp,.webp,0.001,suzukitradajateng.co.id\assets\img\v2\icon\simulasi-kredit.webp,BRAND_UI,Logo/icon,Header/footer/UI,BRAND_UI/ICONS
news-1.webp,.webp,0.007,suzukitradajateng.co.id\assets\img\v2\post\news-1.webp,ARTICLE_MEDIA,Article image,Blog/SEO article,ARTICLES
ertiga.webp,.webp,0.006,suzukitradajateng.co.id\assets\img\v2\product\ertiga.webp,ERTIGA_HYBRID,Product/color/interior,Product page + catalog,PRODUCTS/ERTIGA_HYBRID
seat.svg,.svg,0.002,suzukitradajateng.co.id\assets\img\v2\product-page\seat.svg,UI_TECHNICAL,UI/technical asset,Archive/reference; not core website content,ARCHIVE/REFERENCE
transmisi.svg,.svg,0.001,suzukitradajateng.co.id\assets\img\v2\product-page\transmisi.svg,UI_TECHNICAL,UI/technical asset,Archive/reference; not core website content,ARCHIVE/REFERENCE
arrow-down.svg,.svg,0.0,suzukitradajateng.co.id\assets\img\v2\svg\arrow-down.svg,UI_TECHNICAL,UI/technical asset,Archive/reference; not core website content,ARCHIVE/REFERENCE
arrow-right-outlet.svg,.svg,0.0,suzukitradajateng.co.id\assets\img\v2\svg\arrow-right-outlet.svg,UI_TECHNICAL,UI/technical asset,Archive/reference; not core website content,ARCHIVE/REFERENCE
arrow-right.svg,.svg,0.001,suzukitradajateng.co.id\assets\img\v2\svg\arrow-right.svg,UI_TECHNICAL,UI/technical asset,Archive/reference; not core website content,ARCHIVE/REFERENCE
date.svg,.svg,0.002,suzukitradajateng.co.id\assets\img\v2\svg\date.svg,UI_TECHNICAL,UI/technical asset,Archive/reference; not core website content,ARCHIVE/REFERENCE
fb.svg,.svg,0.0,suzukitradajateng.co.id\assets\img\v2\svg\fb.svg,UI_TECHNICAL,UI/technical asset,Archive/reference; not core website content,ARCHIVE/REFERENCE
ig.svg,.svg,0.005,suzukitradajateng.co.id\assets\img\v2\svg\ig.svg,UI_TECHNICAL,UI/technical asset,Archive/reference; not core website content,ARCHIVE/REFERENCE
logo.svg,.svg,0.23,suzukitradajateng.co.id\assets\img\v2\svg\logo.svg,BRAND_UI,Logo/icon,Header/footer/UI,BRAND_UI/ICONS
plus.svg,.svg,0.0,suzukitradajateng.co.id\assets\img\v2\svg\plus.svg,UI_TECHNICAL,UI/technical asset,Archive/reference; not core website content,ARCHIVE/REFERENCE
right-bc.svg,.svg,0.0,suzukitradajateng.co.id\assets\img\v2\svg\right-bc.svg,UI_TECHNICAL,UI/technical asset,Archive/reference; not core website content,ARCHIVE/REFERENCE
share.svg,.svg,0.001,suzukitradajateng.co.id\assets\img\v2\svg\share.svg,UI_TECHNICAL,UI/technical asset,Archive/reference; not core website content,ARCHIVE/REFERENCE
telephone.svg,.svg,0.001,suzukitradajateng.co.id\assets\img\v2\svg\telephone.svg,UI_TECHNICAL,UI/technical asset,Archive/reference; not core website content,ARCHIVE/REFERENCE
user.svg,.svg,0.002,suzukitradajateng.co.id\assets\img\v2\svg\user.svg,UI_TECHNICAL,UI/technical asset,Archive/reference; not core website content,ARCHIVE/REFERENCE
wa.svg,.svg,0.001,suzukitradajateng.co.id\assets\img\v2\svg\wa.svg,UI_TECHNICAL,UI/technical asset,Archive/reference; not core website content,ARCHIVE/REFERENCE
yt.svg,.svg,0.004,suzukitradajateng.co.id\assets\img\v2\svg\yt.svg,UI_TECHNICAL,UI/technical asset,Archive/reference; not core website content,ARCHIVE/REFERENCE
email-v2.svg,.svg,0.001,suzukitradajateng.co.id\assets\svg\email-v2.svg,UI_TECHNICAL,UI/technical asset,Archive/reference; not core website content,ARCHIVE/REFERENCE
fb-v2.svg,.svg,0.0,suzukitradajateng.co.id\assets\svg\fb-v2.svg,UI_TECHNICAL,UI/technical asset,Archive/reference; not core website content,ARCHIVE/REFERENCE
telegram-v2.svg,.svg,0.001,suzukitradajateng.co.id\assets\svg\telegram-v2.svg,UI_TECHNICAL,UI/technical asset,Archive/reference; not core website content,ARCHIVE/REFERENCE
wa-v2.svg,.svg,0.002,suzukitradajateng.co.id\assets\svg\wa-v2.svg,UI_TECHNICAL,UI/technical asset,Archive/reference; not core website content,ARCHIVE/REFERENCE
x-v2.svg,.svg,0.0,suzukitradajateng.co.id\assets\svg\x-v2.svg,UI_TECHNICAL,UI/technical asset,Archive/reference; not core website content,ARCHIVE/REFERENCE
131914304_s.jpg,.jpg,0.049,www.suzuki.co.id\uploads\image\131914304_s.jpg,ARTICLE_MEDIA,Article image,Blog/SEO article,ARTICLES
Suzuki_Digimod_Contest_-_Pemenang_Favorit_1__1_.jpg,.jpg,0.326,www.suzuki.co.id\uploads\image\Suzuki_Digimod_Contest_-_Pemenang_Favorit_1__1_.jpg,EXTERNAL_REFERENCE,External-source asset,Archive/reference; do not publish automatically,ARCHIVE/REFERENCE
Suzuki_Digimod_Contest_-_Pemenang_Favorit_2__1_.jpg,.jpg,0.292,www.suzuki.co.id\uploads\image\Suzuki_Digimod_Contest_-_Pemenang_Favorit_2__1_.jpg,EXTERNAL_REFERENCE,External-source asset,Archive/reference; do not publish automatically,ARCHIVE/REFERENCE
Suzuki_Digimod_Contest_-_Pemenang_Favorit_3__1_.jpg,.jpg,0.325,www.suzuki.co.id\uploads\image\Suzuki_Digimod_Contest_-_Pemenang_Favorit_3__1_.jpg,EXTERNAL_REFERENCE,External-source asset,Archive/reference; do not publish automatically,ARCHIVE/REFERENCE
Suzuki_Digimod_Contest_-_Pemenang_Utama__1_.jpg,.jpg,0.287,www.suzuki.co.id\uploads\image\Suzuki_Digimod_Contest_-_Pemenang_Utama__1_.jpg,EXTERNAL_REFERENCE,External-source asset,Archive/reference; do not publish automatically,ARCHIVE/REFERENCE
