Name,Extension,Size_MB,Size_Bytes,RelativePath,FullPath,WebsiteCategory,Subcategory,PlannedUse
backblue.gif,.gif,0.004,4243,backblue.gif,D:\Papah\suzukisemarangcenter\TRADA_RAW\backblue.gif,UI_TECHNICAL,UI/technical asset,Archive/reference; not core website content
fade.gif,.gif,0.001,828,fade.gif,D:\Papah\suzukisemarangcenter\TRADA_RAW\fade.gif,UI_TECHNICAL,UI/technical asset,Archive/reference; not core website content
003_-_Front_View_45º_FIXED_LAYERS_(5)-JIMNY_5-DOORS2705.webp,.webp,0.068,70922,cms.suzukihyperlocal.com\003_-_Front_View_45º_FIXED_LAYERS_(5)-JIMNY_5-DOORS2705.webp,D:\Papah\suzukisemarangcenter\TRADA_RAW\cms.suzukihyperlocal.com\003_-_Front_View_45º_FIXED_LAYERS_(5)-JIMNY_5-DOORS2705.webp,JIMNY_5,Product/interior/exterior/color,Product page + catalog
003_COLORIZE_BLUISH_BLACK_FIXED_LAYERS-JIMNY_5-DOORSf5d8.webp,.webp,0.069,72034,cms.suzukihyperlocal.com\003_COLORIZE_BLUISH_BLACK_FIXED_LAYERS-JIMNY_5-DOORSf5d8.webp,D:\Papah\suzukisemarangcenter\TRADA_RAW\cms.suzukihyperlocal.com\003_COLORIZE_BLUISH_BLACK_FIXED_LAYERS-JIMNY_5-DOORSf5d8.webp,JIMNY_5,Product/interior/exterior/color,Product page + catalog
003_COLORIZE_GRANITE_GRAY_FIXED_LAYERS-JIMNY_5-DOORS804a.webp,.webp,0.071,74410,cms.suzukihyperlocal.com\003_COLORIZE_GRANITE_GRAY_FIXED_LAYERS-JIMNY_5-DOORS804a.webp,D:\Papah\suzukisemarangcenter\TRADA_RAW\cms.suzukihyperlocal.com\003_COLORIZE_GRANITE_GRAY_FIXED_LAYERS-JIMNY_5-DOORS804a.webp,JIMNY_5,Product/interior/exterior/color,Product page + catalog
003_COLORIZE_JUNGLE_GREEN_FIXED_LAYERS-JIMNY_5-DOORS3e08.webp,.webp,0.071,74776,cms.suzukihyperlocal.com\003_COLORIZE_JUNGLE_GREEN_FIXED_LAYERS-JIMNY_5-DOORS3e08.webp,D:\Papah\suzukisemarangcenter\TRADA_RAW\cms.suzukihyperlocal.com\003_COLORIZE_JUNGLE_GREEN_FIXED_LAYERS-JIMNY_5-DOORS3e08.webp,JIMNY_5,Product/interior/exterior/color,Product page + catalog
003_COLORIZE_KINETIC_YELLOW_FIXED_LAYERS-JIMNY_5-DOORS05cf.webp,.webp,0.076,79750,cms.suzukihyperlocal.com\003_COLORIZE_KINETIC_YELLOW_FIXED_LAYERS-JIMNY_5-DOORS05cf.webp,D:\Papah\suzukisemarangcenter\TRADA_RAW\cms.suzukihyperlocal.com\003_COLORIZE_KINETIC_YELLOW_FIXED_LAYERS-JIMNY_5-DOORS05cf.webp,JIMNY_5,Product/interior/exterior/color,Product page + catalog
003_COLORIZE_METALLIC_CHIFFON_IVORY_FIXED_LAYERS-JIMNY_5-DOORS2120.webp,.webp,0.074,77978,cms.suzukihyperlocal.com\003_COLORIZE_METALLIC_CHIFFON_IVORY_FIXED_LAYERS-JIMNY_5-DOORS2120.webp,D:\Papah\suzukisemarangcenter\TRADA_RAW\cms.suzukihyperlocal.com\003_COLORIZE_METALLIC_CHIFFON_IVORY_FIXED_LAYERS-JIMNY_5-DOORS2120.webp,JIMNY_5,Product/interior/exterior/color,Product page + catalog
01_Suzuki FRONX GL Exterior 45┬║ front side - FLIP [COOL BLACK]-GLd57e.png,.png,0.434,455544,cms.suzukihyperlocal.com\01_Suzuki FRONX GL Exterior 45┬║ front side - FLIP [COOL BLACK]-GLd57e.png,D:\Papah\suzukisemarangcenter\TRADA_RAW\cms.suzukihyperlocal.com\01_Suzuki FRONX GL Exterior 45┬║ front side - FLIP [COOL BLACK]-GLd57e.png,FRONX,Exterior/variant/color,Product page + homepage
01_Suzuki FRONX GL Exterior 45┬║ front side - FLIP [MAGMA GREY]-GLe73f.png,.png,0.477,499761,cms.suzukihyperlocal.com\01_Suzuki FRONX GL Exterior 45┬║ front side - FLIP [MAGMA GREY]-GLe73f.png,D:\Papah\suzukisemarangcenter\TRADA_RAW\cms.suzukihyperlocal.com\01_Suzuki FRONX GL Exterior 45┬║ front side - FLIP [MAGMA GREY]-GLe73f.png,FRONX,Exterior/variant/color,Product page + homepage
01_Suzuki FRONX GL Exterior 45┬║ front side - FLIP [SNOW WHITE]-GLda52.png,.png,0.46,481955,cms.suzukihyperlocal.com\01_Suzuki FRONX GL Exterior 45┬║ front side - FLIP [SNOW WHITE]-GLda52.png,D:\Papah\suzukisemarangcenter\TRADA_RAW\cms.suzukihyperlocal.com\01_Suzuki FRONX GL Exterior 45┬║ front side - FLIP [SNOW WHITE]-GLda52.png,FRONX,Exterior/variant/color,Product page + homepage
01_Suzuki FRONX GX Exterior 45┬║ front side - FLIP [COOL BLACK] copy-GX8429.png,.png,0.438,459744,cms.suzukihyperlocal.com\01_Suzuki FRONX GX Exterior 45┬║ front side - FLIP [COOL BLACK] copy-GX8429.png,D:\Papah\suzukisemarangcenter\TRADA_RAW\cms.suzukihyperlocal.com\01_Suzuki FRONX GX Exterior 45┬║ front side - FLIP [COOL BLACK] copy-GX8429.png,FRONX,Exterior/variant/color,Product page + homepage
01_Suzuki FRONX GX Exterior 45┬║ front side - FLIP [MAGMA GREY] copy-GX7bb4.png,.png,0.48,503436,cms.suzukihyperlocal.com\01_Suzuki FRONX GX Exterior 45┬║ front side - FLIP [MAGMA GREY] copy-GX7bb4.png,D:\Papah\suzukisemarangcenter\TRADA_RAW\cms.suzukihyperlocal.com\01_Suzuki FRONX GX Exterior 45┬║ front side - FLIP [MAGMA GREY] copy-GX7bb4.png,FRONX,Exterior/variant/color,Product page + homepage
01_Suzuki FRONX GX Exterior 45┬║ front side - FLIP [SAVANA IVORY] copy-GX349b.png,.png,0.479,502691,cms.suzukihyperlocal.com\01_Suzuki FRONX GX Exterior 45┬║ front side - FLIP [SAVANA IVORY] copy-GX349b.png,D:\Papah\suzukisemarangcenter\TRADA_RAW\cms.suzukihyperlocal.com\01_Suzuki FRONX GX Exterior 45┬║ front side - FLIP [SAVANA IVORY] copy-GX349b.png,FRONX,Exterior/variant/color,Product page + homepage
01_Suzuki FRONX GX Exterior 45┬║ front side - FLIP [SNOW WHITE] copy-GX3659.png,.png,0.463,485351,cms.suzukihyperlocal.com\01_Suzuki FRONX GX Exterior 45┬║ front side - FLIP [SNOW WHITE] copy-GX3659.png,D:\Papah\suzukisemarangcenter\TRADA_RAW\cms.suzukihyperlocal.com\01_Suzuki FRONX GX Exterior 45┬║ front side - FLIP [SNOW WHITE] copy-GX3659.png,FRONX,Exterior/variant/color,Product page + homepage
01_Suzuki FRONX SGX Exterior 45┬║ front side - FLIP [COOL BLACK] copy-SGX5bc7.png,.png,0.434,454685,cms.suzukihyperlocal.com\01_Suzuki FRONX SGX Exterior 45┬║ front side - FLIP [COOL BLACK] copy-SGX5bc7.png,D:\Papah\suzukisemarangcenter\TRADA_RAW\cms.suzukihyperlocal.com\01_Suzuki FRONX SGX Exterior 45┬║ front side - FLIP [COOL BLACK] copy-SGX5bc7.png,FRONX,Exterior/variant/color,Product page + homepage
01_Suzuki FRONX SGX Exterior 45┬║ front side - FLIP [SAVANA IVORY] copy-SGX2792.png,.png,0.467,489889,cms.suzukihyperlocal.com\01_Suzuki FRONX SGX Exterior 45┬║ front side - FLIP [SAVANA IVORY] copy-SGX2792.png,D:\Papah\suzukisemarangcenter\TRADA_RAW\cms.suzukihyperlocal.com\01_Suzuki FRONX SGX Exterior 45┬║ front side - FLIP [SAVANA IVORY] copy-SGX2792.png,FRONX,Exterior/variant/color,Product page + homepage
01_Suzuki FRONX SGX Exterior 45┬║ front side - FLIP [SNOW WHITE] copy-SGXc61c.png,.png,0.454,475538,cms.suzukihyperlocal.com\01_Suzuki FRONX SGX Exterior 45┬║ front side - FLIP [SNOW WHITE] copy-SGXc61c.png,D:\Papah\suzukisemarangcenter\TRADA_RAW\cms.suzukihyperlocal.com\01_Suzuki FRONX SGX Exterior 45┬║ front side - FLIP [SNOW WHITE] copy-SGXc61c.png,FRONX,Exterior/variant/color,Product page + homepage
01_Suzuki FRONX SGX Exterior 45┬║ front side [ICE GRAYISH BLUE] copy-SGX5513.png,.png,0.462,484813,cms.suzukihyperlocal.com\01_Suzuki FRONX SGX Exterior 45┬║ front side [ICE GRAYISH BLUE] copy-SGX5513.png,D:\Papah\suzukisemarangcenter\TRADA_RAW\cms.suzukihyperlocal.com\01_Suzuki FRONX SGX Exterior 45┬║ front side [ICE GRAYISH BLUE] copy-SGX5513.png,FRONX,Exterior/variant/color,Product page + homepage
11. Head-Up Displaye1cd.png,.png,0.788,826224,cms.suzukihyperlocal.com\11. Head-Up Displaye1cd.png,D:\Papah\suzukisemarangcenter\TRADA_RAW\cms.suzukihyperlocal.com\11. Head-Up Displaye1cd.png,FEATURE_SAFETY,Feature/safety,Relevant product page
111a95.jpg,.jpg,0.029,30729,cms.suzukihyperlocal.com\111a95.jpg,D:\Papah\suzukisemarangcenter\TRADA_RAW\cms.suzukihyperlocal.com\111a95.jpg,ARCHIVE_UNIDENTIFIED,Unnamed/hash/timestamp asset,Archive until contextual source is confirmed
13. ELECTRONIC STABILITY PROGRAM (ESP®️)____b2ca.png,.png,0.33,345825,cms.suzukihyperlocal.com\13. ELECTRONIC STABILITY PROGRAM (ESP®️)____b2ca.png,D:\Papah\suzukisemarangcenter\TRADA_RAW\cms.suzukihyperlocal.com\13. ELECTRONIC STABILITY PROGRAM (ESP®️)____b2ca.png,FEATURE_SAFETY,Feature/safety,Relevant product page
1583137774-Recoveredfe3e.jpg,.jpg,0.938,983098,cms.suzukihyperlocal.com\1583137774-Recoveredfe3e.jpg,D:\Papah\suzukisemarangcenter\TRADA_RAW\cms.suzukihyperlocal.com\1583137774-Recoveredfe3e.jpg,ARTICLE_MEDIA,Article image,Blog/SEO article
16b719.jpg,.jpg,0.432,452684,cms.suzukihyperlocal.com\16b719.jpg,D:\Papah\suzukisemarangcenter\TRADA_RAW\cms.suzukihyperlocal.com\16b719.jpg,ARCHIVE_UNIDENTIFIED,Unnamed/hash/timestamp asset,Archive until contextual source is confirmed
17137861602feb.webp,.webp,0.035,37058,cms.suzukihyperlocal.com\17137861602feb.webp,D:\Papah\suzukisemarangcenter\TRADA_RAW\cms.suzukihyperlocal.com\17137861602feb.webp,ARTICLE_MEDIA,Article image,Blog/SEO article
17155963419779.webp,.webp,0.022,22864,cms.suzukihyperlocal.com\17155963419779.webp,D:\Papah\suzukisemarangcenter\TRADA_RAW\cms.suzukihyperlocal.com\17155963419779.webp,ARTICLE_MEDIA,Article image,Blog/SEO article
17161923277f1c.webp,.webp,0.01,10734,cms.suzukihyperlocal.com\17161923277f1c.webp,D:\Papah\suzukisemarangcenter\TRADA_RAW\cms.suzukihyperlocal.com\17161923277f1c.webp,ARTICLE_MEDIA,Article image,Blog/SEO article
1716799842c56b.webp,.webp,0.034,35342,cms.suzukihyperlocal.com\1716799842c56b.webp,D:\Papah\suzukisemarangcenter\TRADA_RAW\cms.suzukihyperlocal.com\1716799842c56b.webp,ARTICLE_MEDIA,Article image,Blog/SEO article
171696450608f2.webp,.webp,0.139,146132,cms.suzukihyperlocal.com\171696450608f2.webp,D:\Papah\suzukisemarangcenter\TRADA_RAW\cms.suzukihyperlocal.com\171696450608f2.webp,ARTICLE_MEDIA,Article image,Blog/SEO article
171774887880c0.webp,.webp,0.012,12840,cms.suzukihyperlocal.com\171774887880c0.webp,D:\Papah\suzukisemarangcenter\TRADA_RAW\cms.suzukihyperlocal.com\171774887880c0.webp,ARTICLE_MEDIA,Article image,Blog/SEO article
17183596835e90.webp,.webp,0.023,24280,cms.suzukihyperlocal.com\17183596835e90.webp,D:\Papah\suzukisemarangcenter\TRADA_RAW\cms.suzukihyperlocal.com\17183596835e90.webp,ARTICLE_MEDIA,Article image,Blog/SEO article
17189530829d64.webp,.webp,0.02,20798,cms.suzukihyperlocal.com\17189530829d64.webp,D:\Papah\suzukisemarangcenter\TRADA_RAW\cms.suzukihyperlocal.com\17189530829d64.webp,ARTICLE_MEDIA,Article image,Blog/SEO article
17207736751b91.webp,.webp,0.025,26034,cms.suzukihyperlocal.com\17207736751b91.webp,D:\Papah\suzukisemarangcenter\TRADA_RAW\cms.suzukihyperlocal.com\17207736751b91.webp,ARTICLE_MEDIA,Article image,Blog/SEO article
1721267161b821.webp,.webp,0.099,104330,cms.suzukihyperlocal.com\1721267161b821.webp,D:\Papah\suzukisemarangcenter\TRADA_RAW\cms.suzukihyperlocal.com\1721267161b821.webp,ARTICLE_MEDIA,Article image,Blog/SEO article
1721398724cdb1.webp,.webp,0.089,93168,cms.suzukihyperlocal.com\1721398724cdb1.webp,D:\Papah\suzukisemarangcenter\TRADA_RAW\cms.suzukihyperlocal.com\1721398724cdb1.webp,ARTICLE_MEDIA,Article image,Blog/SEO article
1721987785a5e0.webp,.webp,0.031,32750,cms.suzukihyperlocal.com\1721987785a5e0.webp,D:\Papah\suzukisemarangcenter\TRADA_RAW\cms.suzukihyperlocal.com\1721987785a5e0.webp,ARTICLE_MEDIA,Article image,Blog/SEO article
17231885607423.webp,.webp,0.014,14604,cms.suzukihyperlocal.com\17231885607423.webp,D:\Papah\suzukisemarangcenter\TRADA_RAW\cms.suzukihyperlocal.com\17231885607423.webp,ARTICLE_MEDIA,Article image,Blog/SEO article
17237207855f09.webp,.webp,0.024,25348,cms.suzukihyperlocal.com\17237207855f09.webp,D:\Papah\suzukisemarangcenter\TRADA_RAW\cms.suzukihyperlocal.com\17237207855f09.webp,ARTICLE_MEDIA,Article image,Blog/SEO article
17244248259f5a.webp,.webp,0.039,41164,cms.suzukihyperlocal.com\17244248259f5a.webp,D:\Papah\suzukisemarangcenter\TRADA_RAW\cms.suzukihyperlocal.com\17244248259f5a.webp,ARTICLE_MEDIA,Article image,Blog/SEO article
1726142830773b.webp,.webp,0.029,30050,cms.suzukihyperlocal.com\1726142830773b.webp,D:\Papah\suzukisemarangcenter\TRADA_RAW\cms.suzukihyperlocal.com\1726142830773b.webp,ARTICLE_MEDIA,Article image,Blog/SEO article
1727081711a7a9.webp,.webp,0.01,10472,cms.suzukihyperlocal.com\1727081711a7a9.webp,D:\Papah\suzukisemarangcenter\TRADA_RAW\cms.suzukihyperlocal.com\1727081711a7a9.webp,ARTICLE_MEDIA,Article image,Blog/SEO article
1727355217edb9.webp,.webp,0.013,13384,cms.suzukihyperlocal.com\1727355217edb9.webp,D:\Papah\suzukisemarangcenter\TRADA_RAW\cms.suzukihyperlocal.com\1727355217edb9.webp,ARTICLE_MEDIA,Article image,Blog/SEO article
1728568099ca48.webp,.webp,0.02,20636,cms.suzukihyperlocal.com\1728568099ca48.webp,D:\Papah\suzukisemarangcenter\TRADA_RAW\cms.suzukihyperlocal.com\1728568099ca48.webp,ARTICLE_MEDIA,Article image,Blog/SEO article
17295240035279.webp,.webp,0.05,52772,cms.suzukihyperlocal.com\17295240035279.webp,D:\Papah\suzukisemarangcenter\TRADA_RAW\cms.suzukihyperlocal.com\17295240035279.webp,ARTICLE_MEDIA,Article image,Blog/SEO article
173106476802e3.webp,.webp,0.023,23676,cms.suzukihyperlocal.com\173106476802e3.webp,D:\Papah\suzukisemarangcenter\TRADA_RAW\cms.suzukihyperlocal.com\173106476802e3.webp,ARTICLE_MEDIA,Article image,Blog/SEO article
1731998294465f.webp,.webp,0.027,28006,cms.suzukihyperlocal.com\1731998294465f.webp,D:\Papah\suzukisemarangcenter\TRADA_RAW\cms.suzukihyperlocal.com\1731998294465f.webp,ARTICLE_MEDIA,Article image,Blog/SEO article
173225867612cc.webp,.webp,0.027,28586,cms.suzukihyperlocal.com\173225867612cc.webp,D:\Papah\suzukisemarangcenter\TRADA_RAW\cms.suzukihyperlocal.com\173225867612cc.webp,ARTICLE_MEDIA,Article image,Blog/SEO article
1734089703049c.webp,.webp,0.024,24960,cms.suzukihyperlocal.com\1734089703049c.webp,D:\Papah\suzukisemarangcenter\TRADA_RAW\cms.suzukihyperlocal.com\1734089703049c.webp,ARTICLE_MEDIA,Article image,Blog/SEO article
1734620944ffd3.webp,.webp,0.029,30210,cms.suzukihyperlocal.com\1734620944ffd3.webp,D:\Papah\suzukisemarangcenter\TRADA_RAW\cms.suzukihyperlocal.com\1734620944ffd3.webp,ARTICLE_MEDIA,Article image,Blog/SEO article
173554239008a0.webp,.webp,0.034,35328,cms.suzukihyperlocal.com\173554239008a0.webp,D:\Papah\suzukisemarangcenter\TRADA_RAW\cms.suzukihyperlocal.com\173554239008a0.webp,ARTICLE_MEDIA,Article image,Blog/SEO article
17365013026750.webp,.webp,0.045,47198,cms.suzukihyperlocal.com\17365013026750.webp,D:\Papah\suzukisemarangcenter\TRADA_RAW\cms.suzukihyperlocal.com\17365013026750.webp,ARTICLE_MEDIA,Article image,Blog/SEO article
17374715481a68.webp,.webp,0.028,29528,cms.suzukihyperlocal.com\17374715481a68.webp,D:\Papah\suzukisemarangcenter\TRADA_RAW\cms.suzukihyperlocal.com\17374715481a68.webp,ARTICLE_MEDIA,Article image,Blog/SEO article
1738159733facd.webp,.webp,0.033,34584,cms.suzukihyperlocal.com\1738159733facd.webp,D:\Papah\suzukisemarangcenter\TRADA_RAW\cms.suzukihyperlocal.com\1738159733facd.webp,ARTICLE_MEDIA,Article image,Blog/SEO article
1738915910de22.webp,.webp,0.723,757846,cms.suzukihyperlocal.com\1738915910de22.webp,D:\Papah\suzukisemarangcenter\TRADA_RAW\cms.suzukihyperlocal.com\1738915910de22.webp,ARTICLE_MEDIA,Article image,Blog/SEO article
1739888867992c.webp,.webp,0.02,21314,cms.suzukihyperlocal.com\1739888867992c.webp,D:\Papah\suzukisemarangcenter\TRADA_RAW\cms.suzukihyperlocal.com\1739888867992c.webp,ARTICLE_MEDIA,Article image,Blog/SEO article
1739957442a875.webp,.webp,0.123,128972,cms.suzukihyperlocal.com\1739957442a875.webp,D:\Papah\suzukisemarangcenter\TRADA_RAW\cms.suzukihyperlocal.com\1739957442a875.webp,ARTICLE_MEDIA,Article image,Blog/SEO article
17409250779db7.webp,.webp,0.022,23190,cms.suzukihyperlocal.com\17409250779db7.webp,D:\Papah\suzukisemarangcenter\TRADA_RAW\cms.suzukihyperlocal.com\17409250779db7.webp,ARTICLE_MEDIA,Article image,Blog/SEO article
17411633055913.webp,.webp,0.034,35374,cms.suzukihyperlocal.com\17411633055913.webp,D:\Papah\suzukisemarangcenter\TRADA_RAW\cms.suzukihyperlocal.com\17411633055913.webp,ARTICLE_MEDIA,Article image,Blog/SEO article
1742477237b75c.webp,.webp,0.016,16566,cms.suzukihyperlocal.com\1742477237b75c.webp,D:\Papah\suzukisemarangcenter\TRADA_RAW\cms.suzukihyperlocal.com\1742477237b75c.webp,ARTICLE_MEDIA,Article image,Blog/SEO article
17429665458c99.webp,.webp,0.009,9548,cms.suzukihyperlocal.com\17429665458c99.webp,D:\Papah\suzukisemarangcenter\TRADA_RAW\cms.suzukihyperlocal.com\17429665458c99.webp,ARTICLE_MEDIA,Article image,Blog/SEO article
17430682476294.webp,.webp,0.044,46366,cms.suzukihyperlocal.com\17430682476294.webp,D:\Papah\suzukisemarangcenter\TRADA_RAW\cms.suzukihyperlocal.com\17430682476294.webp,ARTICLE_MEDIA,Article image,Blog/SEO article
174391.jpg,.jpg,1.7,1782588,cms.suzukihyperlocal.com\174391.jpg,D:\Papah\suzukisemarangcenter\TRADA_RAW\cms.suzukihyperlocal.com\174391.jpg,ARTICLE_MEDIA,Article image,Blog/SEO article
1744168060_bannera1fd.webp,.webp,0.251,262718,cms.suzukihyperlocal.com\1744168060_bannera1fd.webp,D:\Papah\suzukisemarangcenter\TRADA_RAW\cms.suzukihyperlocal.com\1744168060_bannera1fd.webp,PROMO_HERO_BANNER,Banner/hero,Homepage/promo
1744168115_bannerbf69.webp,.webp,0.212,222624,cms.suzukihyperlocal.com\1744168115_bannerbf69.webp,D:\Papah\suzukisemarangcenter\TRADA_RAW\cms.suzukihyperlocal.com\1744168115_bannerbf69.webp,PROMO_HERO_BANNER,Banner/hero,Homepage/promo
1744169444_banner6a80.webp,.webp,0.275,287890,cms.suzukihyperlocal.com\1744169444_banner6a80.webp,D:\Papah\suzukisemarangcenter\TRADA_RAW\cms.suzukihyperlocal.com\1744169444_banner6a80.webp,PROMO_HERO_BANNER,Banner/hero,Homepage/promo
1744172397_bannerff0d.webp,.webp,0.137,144074,cms.suzukihyperlocal.com\1744172397_bannerff0d.webp,D:\Papah\suzukisemarangcenter\TRADA_RAW\cms.suzukihyperlocal.com\1744172397_bannerff0d.webp,PROMO_HERO_BANNER,Banner/hero,Homepage/promo
17448176243cee.webp,.webp,0.017,17762,cms.suzukihyperlocal.com\17448176243cee.webp,D:\Papah\suzukisemarangcenter\TRADA_RAW\cms.suzukihyperlocal.com\17448176243cee.webp,ARTICLE_MEDIA,Article image,Blog/SEO article
17454813042bd6.webp,.webp,0.038,40096,cms.suzukihyperlocal.com\17454813042bd6.webp,D:\Papah\suzukisemarangcenter\TRADA_RAW\cms.suzukihyperlocal.com\17454813042bd6.webp,ARTICLE_MEDIA,Article image,Blog/SEO article
174556769082d9.webp,.webp,0.019,20146,cms.suzukihyperlocal.com\174556769082d9.webp,D:\Papah\suzukisemarangcenter\TRADA_RAW\cms.suzukihyperlocal.com\174556769082d9.webp,ARTICLE_MEDIA,Article image,Blog/SEO article
1746762745a7eb.webp,.webp,0.056,58926,cms.suzukihyperlocal.com\1746762745a7eb.webp,D:\Papah\suzukisemarangcenter\TRADA_RAW\cms.suzukihyperlocal.com\1746762745a7eb.webp,ARTICLE_MEDIA,Article image,Blog/SEO article
1747627755657c.webp,.webp,0.057,60058,cms.suzukihyperlocal.com\1747627755657c.webp,D:\Papah\suzukisemarangcenter\TRADA_RAW\cms.suzukihyperlocal.com\1747627755657c.webp,ARTICLE_MEDIA,Article image,Blog/SEO article
174797409118c7.webp,.webp,0.012,12990,cms.suzukihyperlocal.com\174797409118c7.webp,D:\Papah\suzukisemarangcenter\TRADA_RAW\cms.suzukihyperlocal.com\174797409118c7.webp,ARTICLE_MEDIA,Article image,Blog/SEO article
1748336665a51c.png,.png,1.412,1480482,cms.suzukihyperlocal.com\1748336665a51c.png,D:\Papah\suzukisemarangcenter\TRADA_RAW\cms.suzukihyperlocal.com\1748336665a51c.png,ARTICLE_MEDIA,Article image,Blog/SEO article
17483366691f79.png,.png,1.355,1420804,cms.suzukihyperlocal.com\17483366691f79.png,D:\Papah\suzukisemarangcenter\TRADA_RAW\cms.suzukihyperlocal.com\17483366691f79.png,ARTICLE_MEDIA,Article image,Blog/SEO article
17483366806906.png,.png,1.437,1507070,cms.suzukihyperlocal.com\17483366806906.png,D:\Papah\suzukisemarangcenter\TRADA_RAW\cms.suzukihyperlocal.com\17483366806906.png,ARTICLE_MEDIA,Article image,Blog/SEO article
1748336684aaf0.png,.png,1.135,1189979,cms.suzukihyperlocal.com\1748336684aaf0.png,D:\Papah\suzukisemarangcenter\TRADA_RAW\cms.suzukihyperlocal.com\1748336684aaf0.png,ARTICLE_MEDIA,Article image,Blog/SEO article
1748336688e325.png,.png,1.262,1323362,cms.suzukihyperlocal.com\1748336688e325.png,D:\Papah\suzukisemarangcenter\TRADA_RAW\cms.suzukihyperlocal.com\1748336688e325.png,ARTICLE_MEDIA,Article image,Blog/SEO article
1748336697718e.png,.png,1.19,1247472,cms.suzukihyperlocal.com\1748336697718e.png,D:\Papah\suzukisemarangcenter\TRADA_RAW\cms.suzukihyperlocal.com\1748336697718e.png,ARTICLE_MEDIA,Article image,Blog/SEO article
1748336733f835.png,.png,1.276,1338016,cms.suzukihyperlocal.com\1748336733f835.png,D:\Papah\suzukisemarangcenter\TRADA_RAW\cms.suzukihyperlocal.com\1748336733f835.png,ARTICLE_MEDIA,Article image,Blog/SEO article
17483367400a87.png,.png,1.189,1246383,cms.suzukihyperlocal.com\17483367400a87.png,D:\Papah\suzukisemarangcenter\TRADA_RAW\cms.suzukihyperlocal.com\17483367400a87.png,ARTICLE_MEDIA,Article image,Blog/SEO article
17483367515c37.png,.png,1.223,1282732,cms.suzukihyperlocal.com\17483367515c37.png,D:\Papah\suzukisemarangcenter\TRADA_RAW\cms.suzukihyperlocal.com\17483367515c37.png,ARTICLE_MEDIA,Article image,Blog/SEO article
174833675602e3.png,.png,1.266,1327678,cms.suzukihyperlocal.com\174833675602e3.png,D:\Papah\suzukisemarangcenter\TRADA_RAW\cms.suzukihyperlocal.com\174833675602e3.png,ARTICLE_MEDIA,Article image,Blog/SEO article
1748336762b4fb.png,.png,1.676,1757835,cms.suzukihyperlocal.com\1748336762b4fb.png,D:\Papah\suzukisemarangcenter\TRADA_RAW\cms.suzukihyperlocal.com\1748336762b4fb.png,ARTICLE_MEDIA,Article image,Blog/SEO article
1748336772735f.png,.png,1.677,1758372,cms.suzukihyperlocal.com\1748336772735f.png,D:\Papah\suzukisemarangcenter\TRADA_RAW\cms.suzukihyperlocal.com\1748336772735f.png,ARTICLE_MEDIA,Article image,Blog/SEO article
17483367793dcd.png,.png,1.448,1518567,cms.suzukihyperlocal.com\17483367793dcd.png,D:\Papah\suzukisemarangcenter\TRADA_RAW\cms.suzukihyperlocal.com\17483367793dcd.png,ARTICLE_MEDIA,Article image,Blog/SEO article
1748337408a46b.png,.png,1.149,1204479,cms.suzukihyperlocal.com\1748337408a46b.png,D:\Papah\suzukisemarangcenter\TRADA_RAW\cms.suzukihyperlocal.com\1748337408a46b.png,ARTICLE_MEDIA,Article image,Blog/SEO article
1748338524ecb5.png,.png,0.654,685932,cms.suzukihyperlocal.com\1748338524ecb5.png,D:\Papah\suzukisemarangcenter\TRADA_RAW\cms.suzukihyperlocal.com\1748338524ecb5.png,ARTICLE_MEDIA,Article image,Blog/SEO article
1748338559032d.png,.png,1.328,1392994,cms.suzukihyperlocal.com\1748338559032d.png,D:\Papah\suzukisemarangcenter\TRADA_RAW\cms.suzukihyperlocal.com\1748338559032d.png,ARTICLE_MEDIA,Article image,Blog/SEO article
17494558062ca1.webp,.webp,0.032,33774,cms.suzukihyperlocal.com\17494558062ca1.webp,D:\Papah\suzukisemarangcenter\TRADA_RAW\cms.suzukihyperlocal.com\17494558062ca1.webp,ARTICLE_MEDIA,Article image,Blog/SEO article
1750047538a037.webp,.webp,0.036,37932,cms.suzukihyperlocal.com\1750047538a037.webp,D:\Papah\suzukisemarangcenter\TRADA_RAW\cms.suzukihyperlocal.com\1750047538a037.webp,ARTICLE_MEDIA,Article image,Blog/SEO article
1750403708769b.webp,.webp,0.037,38434,cms.suzukihyperlocal.com\1750403708769b.webp,D:\Papah\suzukisemarangcenter\TRADA_RAW\cms.suzukihyperlocal.com\1750403708769b.webp,ARTICLE_MEDIA,Article image,Blog/SEO article
17522076380f03.webp,.webp,0.045,47582,cms.suzukihyperlocal.com\17522076380f03.webp,D:\Papah\suzukisemarangcenter\TRADA_RAW\cms.suzukihyperlocal.com\17522076380f03.webp,ARTICLE_MEDIA,Article image,Blog/SEO article
17524636385117.webp,.webp,0.496,520134,cms.suzukihyperlocal.com\17524636385117.webp,D:\Papah\suzukisemarangcenter\TRADA_RAW\cms.suzukihyperlocal.com\17524636385117.webp,ARTICLE_MEDIA,Article image,Blog/SEO article
1752464513_banner5495.webp,.webp,0.167,174706,cms.suzukihyperlocal.com\1752464513_banner5495.webp,D:\Papah\suzukisemarangcenter\TRADA_RAW\cms.suzukihyperlocal.com\1752464513_banner5495.webp,PROMO_HERO_BANNER,Banner/hero,Homepage/promo
175308107233e1.webp,.webp,0.062,64930,cms.suzukihyperlocal.com\175308107233e1.webp,D:\Papah\suzukisemarangcenter\TRADA_RAW\cms.suzukihyperlocal.com\175308107233e1.webp,ARTICLE_MEDIA,Article image,Blog/SEO article
1753430941b335.webp,.webp,0.041,42882,cms.suzukihyperlocal.com\1753430941b335.webp,D:\Papah\suzukisemarangcenter\TRADA_RAW\cms.suzukihyperlocal.com\1753430941b335.webp,ARTICLE_MEDIA,Article image,Blog/SEO article
175489013692e6.webp,.webp,0.04,42126,cms.suzukihyperlocal.com\175489013692e6.webp,D:\Papah\suzukisemarangcenter\TRADA_RAW\cms.suzukihyperlocal.com\175489013692e6.webp,ARTICLE_MEDIA,Article image,Blog/SEO article
17555016862f5d.webp,.webp,0.08,83466,cms.suzukihyperlocal.com\17555016862f5d.webp,D:\Papah\suzukisemarangcenter\TRADA_RAW\cms.suzukihyperlocal.com\17555016862f5d.webp,ARTICLE_MEDIA,Article image,Blog/SEO article
1756104763ae20.webp,.webp,0.033,34786,cms.suzukihyperlocal.com\1756104763ae20.webp,D:\Papah\suzukisemarangcenter\TRADA_RAW\cms.suzukihyperlocal.com\1756104763ae20.webp,ARTICLE_MEDIA,Article image,Blog/SEO article
1757663211d5f0.webp,.webp,0.021,21498,cms.suzukihyperlocal.com\1757663211d5f0.webp,D:\Papah\suzukisemarangcenter\TRADA_RAW\cms.suzukihyperlocal.com\1757663211d5f0.webp,ARTICLE_MEDIA,Article image,Blog/SEO article
17582538854baf.webp,.webp,0.144,150862,cms.suzukihyperlocal.com\17582538854baf.webp,D:\Papah\suzukisemarangcenter\TRADA_RAW\cms.suzukihyperlocal.com\17582538854baf.webp,ARTICLE_MEDIA,Article image,Blog/SEO article
17585274262416.webp,.webp,0.026,27156,cms.suzukihyperlocal.com\17585274262416.webp,D:\Papah\suzukisemarangcenter\TRADA_RAW\cms.suzukihyperlocal.com\17585274262416.webp,ARTICLE_MEDIA,Article image,Blog/SEO article
17591287683fd6.webp,.webp,0.033,34514,cms.suzukihyperlocal.com\17591287683fd6.webp,D:\Papah\suzukisemarangcenter\TRADA_RAW\cms.suzukihyperlocal.com\17591287683fd6.webp,ARTICLE_MEDIA,Article image,Blog/SEO article
17599137550a35.webp,.webp,0.057,60148,cms.suzukihyperlocal.com\17599137550a35.webp,D:\Papah\suzukisemarangcenter\TRADA_RAW\cms.suzukihyperlocal.com\17599137550a35.webp,ARTICLE_MEDIA,Article image,Blog/SEO article
1760078936d696.webp,.webp,0.015,15828,cms.suzukihyperlocal.com\1760078936d696.webp,D:\Papah\suzukisemarangcenter\TRADA_RAW\cms.suzukihyperlocal.com\1760078936d696.webp,ARTICLE_MEDIA,Article image,Blog/SEO article
17609436870a23.webp,.webp,0.036,38006,cms.suzukihyperlocal.com\17609436870a23.webp,D:\Papah\suzukisemarangcenter\TRADA_RAW\cms.suzukihyperlocal.com\17609436870a23.webp,ARTICLE_MEDIA,Article image,Blog/SEO article
17615301815def.webp,.webp,0.07,73892,cms.suzukihyperlocal.com\17615301815def.webp,D:\Papah\suzukisemarangcenter\TRADA_RAW\cms.suzukihyperlocal.com\17615301815def.webp,ARTICLE_MEDIA,Article image,Blog/SEO article
1761538698a7a4.webp,.webp,0.021,22072,cms.suzukihyperlocal.com\1761538698a7a4.webp,D:\Papah\suzukisemarangcenter\TRADA_RAW\cms.suzukihyperlocal.com\1761538698a7a4.webp,ARTICLE_MEDIA,Article image,Blog/SEO article
17627475773994.webp,.webp,0.047,49472,cms.suzukihyperlocal.com\17627475773994.webp,D:\Papah\suzukisemarangcenter\TRADA_RAW\cms.suzukihyperlocal.com\17627475773994.webp,ARTICLE_MEDIA,Article image,Blog/SEO article
17633565182528.webp,.webp,0.015,15882,cms.suzukihyperlocal.com\17633565182528.webp,D:\Papah\suzukisemarangcenter\TRADA_RAW\cms.suzukihyperlocal.com\17633565182528.webp,ARTICLE_MEDIA,Article image,Blog/SEO article
1763722609c6f2.png,.png,1.134,1188820,cms.suzukihyperlocal.com\1763722609c6f2.png,D:\Papah\suzukisemarangcenter\TRADA_RAW\cms.suzukihyperlocal.com\1763722609c6f2.png,ARTICLE_MEDIA,Article image,Blog/SEO article
1763722682400b.png,.png,0.995,1043734,cms.suzukihyperlocal.com\1763722682400b.png,D:\Papah\suzukisemarangcenter\TRADA_RAW\cms.suzukihyperlocal.com\1763722682400b.png,ARTICLE_MEDIA,Article image,Blog/SEO article
1763722761-GX78ff.png,.png,0.25,262418,cms.suzukihyperlocal.com\1763722761-GX78ff.png,D:\Papah\suzukisemarangcenter\TRADA_RAW\cms.suzukihyperlocal.com\1763722761-GX78ff.png,ARTICLE_MEDIA,Article image,Blog/SEO article
1763722778-GX69a8.png,.png,0.28,293206,cms.suzukihyperlocal.com\1763722778-GX69a8.png,D:\Papah\suzukisemarangcenter\TRADA_RAW\cms.suzukihyperlocal.com\1763722778-GX69a8.png,ARTICLE_MEDIA,Article image,Blog/SEO article
1763722840-GX5fea.png,.png,0.321,336128,cms.suzukihyperlocal.com\1763722840-GX5fea.png,D:\Papah\suzukisemarangcenter\TRADA_RAW\cms.suzukihyperlocal.com\1763722840-GX5fea.png,ARTICLE_MEDIA,Article image,Blog/SEO article
1763722854-GX52b3.png,.png,0.282,295716,cms.suzukihyperlocal.com\1763722854-GX52b3.png,D:\Papah\suzukisemarangcenter\TRADA_RAW\cms.suzukihyperlocal.com\1763722854-GX52b3.png,ARTICLE_MEDIA,Article image,Blog/SEO article
1763957007aa33.webp,.webp,0.032,33930,cms.suzukihyperlocal.com\1763957007aa33.webp,D:\Papah\suzukisemarangcenter\TRADA_RAW\cms.suzukihyperlocal.com\1763957007aa33.webp,ARTICLE_MEDIA,Article image,Blog/SEO article
1765524414af97.webp,.webp,0.043,44998,cms.suzukihyperlocal.com\1765524414af97.webp,D:\Papah\suzukisemarangcenter\TRADA_RAW\cms.suzukihyperlocal.com\1765524414af97.webp,ARTICLE_MEDIA,Article image,Blog/SEO article
17663929511479.webp,.webp,0.036,38252,cms.suzukihyperlocal.com\17663929511479.webp,D:\Papah\suzukisemarangcenter\TRADA_RAW\cms.suzukihyperlocal.com\17663929511479.webp,ARTICLE_MEDIA,Article image,Blog/SEO article
17665563019eb9.webp,.webp,0.015,15274,cms.suzukihyperlocal.com\17665563019eb9.webp,D:\Papah\suzukisemarangcenter\TRADA_RAW\cms.suzukihyperlocal.com\17665563019eb9.webp,ARTICLE_MEDIA,Article image,Blog/SEO article
17682064131ff5.webp,.webp,0.03,31432,cms.suzukihyperlocal.com\17682064131ff5.webp,D:\Papah\suzukisemarangcenter\TRADA_RAW\cms.suzukihyperlocal.com\17682064131ff5.webp,ARTICLE_MEDIA,Article image,Blog/SEO article
176888735431fe.webp,.webp,0.024,24678,cms.suzukihyperlocal.com\176888735431fe.webp,D:\Papah\suzukisemarangcenter\TRADA_RAW\cms.suzukihyperlocal.com\176888735431fe.webp,ARTICLE_MEDIA,Article image,Blog/SEO article
17694020307cf2.webp,.webp,0.015,15774,cms.suzukihyperlocal.com\17694020307cf2.webp,D:\Papah\suzukisemarangcenter\TRADA_RAW\cms.suzukihyperlocal.com\17694020307cf2.webp,ARTICLE_MEDIA,Article image,Blog/SEO article
1770247025dd25.png,.png,0.355,371798,cms.suzukihyperlocal.com\1770247025dd25.png,D:\Papah\suzukisemarangcenter\TRADA_RAW\cms.suzukihyperlocal.com\1770247025dd25.png,ARTICLE_MEDIA,Article image,Blog/SEO article
177035362959fe.webp,.webp,0.009,9826,cms.suzukihyperlocal.com\177035362959fe.webp,D:\Papah\suzukisemarangcenter\TRADA_RAW\cms.suzukihyperlocal.com\177035362959fe.webp,ARTICLE_MEDIA,Article image,Blog/SEO article
17709722652a8c.webp,.webp,0.042,43854,cms.suzukihyperlocal.com\17709722652a8c.webp,D:\Papah\suzukisemarangcenter\TRADA_RAW\cms.suzukihyperlocal.com\17709722652a8c.webp,ARTICLE_MEDIA,Article image,Blog/SEO article
17718228191d05.webp,.webp,0.023,23664,cms.suzukihyperlocal.com\17718228191d05.webp,D:\Papah\suzukisemarangcenter\TRADA_RAW\cms.suzukihyperlocal.com\17718228191d05.webp,ARTICLE_MEDIA,Article image,Blog/SEO article
1773031806e7ea.webp,.webp,0.035,36548,cms.suzukihyperlocal.com\1773031806e7ea.webp,D:\Papah\suzukisemarangcenter\TRADA_RAW\cms.suzukihyperlocal.com\1773031806e7ea.webp,ARTICLE_MEDIA,Article image,Blog/SEO article
177365205230b5.webp,.webp,0.031,32458,cms.suzukihyperlocal.com\177365205230b5.webp,D:\Papah\suzukisemarangcenter\TRADA_RAW\cms.suzukihyperlocal.com\177365205230b5.webp,ARTICLE_MEDIA,Article image,Blog/SEO article
17748558694ef2.webp,.webp,0.031,32364,cms.suzukihyperlocal.com\17748558694ef2.webp,D:\Papah\suzukisemarangcenter\TRADA_RAW\cms.suzukihyperlocal.com\17748558694ef2.webp,ARTICLE_MEDIA,Article image,Blog/SEO article
1776061809bd7e.webp,.webp,0.01,10796,cms.suzukihyperlocal.com\1776061809bd7e.webp,D:\Papah\suzukisemarangcenter\TRADA_RAW\cms.suzukihyperlocal.com\1776061809bd7e.webp,ARTICLE_MEDIA,Article image,Blog/SEO article
17767578352a16.webp,.webp,0.069,72204,cms.suzukihyperlocal.com\17767578352a16.webp,D:\Papah\suzukisemarangcenter\TRADA_RAW\cms.suzukihyperlocal.com\17767578352a16.webp,ARTICLE_MEDIA,Article image,Blog/SEO article
1777282697b6fa.webp,.webp,0.053,56070,cms.suzukihyperlocal.com\1777282697b6fa.webp,D:\Papah\suzukisemarangcenter\TRADA_RAW\cms.suzukihyperlocal.com\1777282697b6fa.webp,ARTICLE_MEDIA,Article image,Blog/SEO article
1778558988fd95.webp,.webp,0.049,50984,cms.suzukihyperlocal.com\1778558988fd95.webp,D:\Papah\suzukisemarangcenter\TRADA_RAW\cms.suzukihyperlocal.com\1778558988fd95.webp,ARTICLE_MEDIA,Article image,Blog/SEO article
17792627947743.webp,.webp,0.026,26930,cms.suzukihyperlocal.com\17792627947743.webp,D:\Papah\suzukisemarangcenter\TRADA_RAW\cms.suzukihyperlocal.com\17792627947743.webp,ARTICLE_MEDIA,Article image,Blog/SEO article
17796990421342.webp,.webp,0.043,44712,cms.suzukihyperlocal.com\17796990421342.webp,D:\Papah\suzukisemarangcenter\TRADA_RAW\cms.suzukihyperlocal.com\17796990421342.webp,ARTICLE_MEDIA,Article image,Blog/SEO article
178097557822c0.webp,.webp,0.02,20942,cms.suzukihyperlocal.com\178097557822c0.webp,D:\Papah\suzukisemarangcenter\TRADA_RAW\cms.suzukihyperlocal.com\178097557822c0.webp,ARTICLE_MEDIA,Article image,Blog/SEO article
1781679124371d.webp,.webp,0.025,26188,cms.suzukihyperlocal.com\1781679124371d.webp,D:\Papah\suzukisemarangcenter\TRADA_RAW\cms.suzukihyperlocal.com\1781679124371d.webp,ARTICLE_MEDIA,Article image,Blog/SEO article
1782270256155e.webp,.webp,0.035,36842,cms.suzukihyperlocal.com\1782270256155e.webp,D:\Papah\suzukisemarangcenter\TRADA_RAW\cms.suzukihyperlocal.com\1782270256155e.webp,ARTICLE_MEDIA,Article image,Blog/SEO article
1783678528_6a50c6401d445dc66.webp,.webp,0.022,23396,cms.suzukihyperlocal.com\1783678528_6a50c6401d445dc66.webp,D:\Papah\suzukisemarangcenter\TRADA_RAW\cms.suzukihyperlocal.com\1783678528_6a50c6401d445dc66.webp,ARTICLE_MEDIA,Article image,Blog/SEO article
1784621908_6a5f2b54cf4fcb824.webp,.webp,0.02,21076,cms.suzukihyperlocal.com\1784621908_6a5f2b54cf4fcb824.webp,D:\Papah\suzukisemarangcenter\TRADA_RAW\cms.suzukihyperlocal.com\1784621908_6a5f2b54cf4fcb824.webp,ARTICLE_MEDIA,Article image,Blog/SEO article
1785135079_6a66ffe7e30bb70f9.webp,.webp,0.031,32130,cms.suzukihyperlocal.com\1785135079_6a66ffe7e30bb70f9.webp,D:\Papah\suzukisemarangcenter\TRADA_RAW\cms.suzukihyperlocal.com\1785135079_6a66ffe7e30bb70f9.webp,ARTICLE_MEDIA,Article image,Blog/SEO article
1785320004_6a69d244ef0d5cb2c.jpg,.jpg,0.736,771368,cms.suzukihyperlocal.com\1785320004_6a69d244ef0d5cb2c.jpg,D:\Papah\suzukisemarangcenter\TRADA_RAW\cms.suzukihyperlocal.com\1785320004_6a69d244ef0d5cb2c.jpg,ARTICLE_MEDIA,Article image,Blog/SEO article
1785320247_6a69d3376753d58a5.jpg,.jpg,0.312,327606,cms.suzukihyperlocal.com\1785320247_6a69d3376753d58a5.jpg,D:\Papah\suzukisemarangcenter\TRADA_RAW\cms.suzukihyperlocal.com\1785320247_6a69d3376753d58a5.jpg,ARTICLE_MEDIA,Article image,Blog/SEO article
1785332527_6a6a032fcc56d9eb7.png,.png,0.303,317973,cms.suzukihyperlocal.com\1785332527_6a6a032fcc56d9eb7.png,D:\Papah\suzukisemarangcenter\TRADA_RAW\cms.suzukihyperlocal.com\1785332527_6a6a032fcc56d9eb7.png,ARTICLE_MEDIA,Article image,Blog/SEO article
1785332693_6a6a03d5d02aaadbb.png,.png,0.306,321180,cms.suzukihyperlocal.com\1785332693_6a6a03d5d02aaadbb.png,D:\Papah\suzukisemarangcenter\TRADA_RAW\cms.suzukihyperlocal.com\1785332693_6a6a03d5d02aaadbb.png,ARTICLE_MEDIA,Article image,Blog/SEO article
1785332746_6a6a040ac7028a1d0.png,.png,0.253,265581,cms.suzukihyperlocal.com\1785332746_6a6a040ac7028a1d0.png,D:\Papah\suzukisemarangcenter\TRADA_RAW\cms.suzukihyperlocal.com\1785332746_6a6a040ac7028a1d0.png,ARTICLE_MEDIA,Article image,Blog/SEO article
1785332800_6a6a0440b71285a6c.png,.png,0.288,301527,cms.suzukihyperlocal.com\1785332800_6a6a0440b71285a6c.png,D:\Papah\suzukisemarangcenter\TRADA_RAW\cms.suzukihyperlocal.com\1785332800_6a6a0440b71285a6c.png,ARTICLE_MEDIA,Article image,Blog/SEO article
1785332936_6a6a04c89f5e9ca33.png,.png,0.262,274388,cms.suzukihyperlocal.com\1785332936_6a6a04c89f5e9ca33.png,D:\Papah\suzukisemarangcenter\TRADA_RAW\cms.suzukihyperlocal.com\1785332936_6a6a04c89f5e9ca33.png,ARTICLE_MEDIA,Article image,Blog/SEO article
1785332986_6a6a04fa01c65082d.png,.png,0.308,323402,cms.suzukihyperlocal.com\1785332986_6a6a04fa01c65082d.png,D:\Papah\suzukisemarangcenter\TRADA_RAW\cms.suzukihyperlocal.com\1785332986_6a6a04fa01c65082d.png,ARTICLE_MEDIA,Article image,Blog/SEO article
1785333076_6a6a055437992e75e.png,.png,0.303,317785,cms.suzukihyperlocal.com\1785333076_6a6a055437992e75e.png,D:\Papah\suzukisemarangcenter\TRADA_RAW\cms.suzukihyperlocal.com\1785333076_6a6a055437992e75e.png,ARTICLE_MEDIA,Article image,Blog/SEO article
1785333133_6a6a058d58737d24f.png,.png,0.306,321091,cms.suzukihyperlocal.com\1785333133_6a6a058d58737d24f.png,D:\Papah\suzukisemarangcenter\TRADA_RAW\cms.suzukihyperlocal.com\1785333133_6a6a058d58737d24f.png,ARTICLE_MEDIA,Article image,Blog/SEO article
1785333150_6a6a059e9ab68465b.png,.png,0.301,315963,cms.suzukihyperlocal.com\1785333150_6a6a059e9ab68465b.png,D:\Papah\suzukisemarangcenter\TRADA_RAW\cms.suzukihyperlocal.com\1785333150_6a6a059e9ab68465b.png,ARTICLE_MEDIA,Article image,Blog/SEO article
1785333166_6a6a05aee5a0ae292.png,.png,0.259,272051,cms.suzukihyperlocal.com\1785333166_6a6a05aee5a0ae292.png,D:\Papah\suzukisemarangcenter\TRADA_RAW\cms.suzukihyperlocal.com\1785333166_6a6a05aee5a0ae292.png,ARTICLE_MEDIA,Article image,Blog/SEO article
1785334200_6a6a09b861fcce5ef.png,.png,0.857,898846,cms.suzukihyperlocal.com\1785334200_6a6a09b861fcce5ef.png,D:\Papah\suzukisemarangcenter\TRADA_RAW\cms.suzukihyperlocal.com\1785334200_6a6a09b861fcce5ef.png,ARTICLE_MEDIA,Article image,Blog/SEO article
1785334213_6a6a09c501fc818c5.png,.png,1.193,1250445,cms.suzukihyperlocal.com\1785334213_6a6a09c501fc818c5.png,D:\Papah\suzukisemarangcenter\TRADA_RAW\cms.suzukihyperlocal.com\1785334213_6a6a09c501fc818c5.png,ARTICLE_MEDIA,Article image,Blog/SEO article
1785334359_6a6a0a572a53096ae.png,.png,1.132,1186733,cms.suzukihyperlocal.com\1785334359_6a6a0a572a53096ae.png,D:\Papah\suzukisemarangcenter\TRADA_RAW\cms.suzukihyperlocal.com\1785334359_6a6a0a572a53096ae.png,ARTICLE_MEDIA,Article image,Blog/SEO article
1785334371_6a6a0a633a8f98533.png,.png,0.314,329690,cms.suzukihyperlocal.com\1785334371_6a6a0a633a8f98533.png,D:\Papah\suzukisemarangcenter\TRADA_RAW\cms.suzukihyperlocal.com\1785334371_6a6a0a633a8f98533.png,ARTICLE_MEDIA,Article image,Blog/SEO article
1785334386_6a6a0a726c40e387b.png,.png,1.141,1196395,cms.suzukihyperlocal.com\1785334386_6a6a0a726c40e387b.png,D:\Papah\suzukisemarangcenter\TRADA_RAW\cms.suzukihyperlocal.com\1785334386_6a6a0a726c40e387b.png,ARTICLE_MEDIA,Article image,Blog/SEO article
1785334479_6a6a0acfc3dfeb636.png,.png,0.443,464516,cms.suzukihyperlocal.com\1785334479_6a6a0acfc3dfeb636.png,D:\Papah\suzukisemarangcenter\TRADA_RAW\cms.suzukihyperlocal.com\1785334479_6a6a0acfc3dfeb636.png,ARTICLE_MEDIA,Article image,Blog/SEO article
1785334491_6a6a0adbe6b9fac99.png,.png,1.007,1056319,cms.suzukihyperlocal.com\1785334491_6a6a0adbe6b9fac99.png,D:\Papah\suzukisemarangcenter\TRADA_RAW\cms.suzukihyperlocal.com\1785334491_6a6a0adbe6b9fac99.png,ARTICLE_MEDIA,Article image,Blog/SEO article
1785334503_6a6a0ae769cce6569.png,.png,0.863,904996,cms.suzukihyperlocal.com\1785334503_6a6a0ae769cce6569.png,D:\Papah\suzukisemarangcenter\TRADA_RAW\cms.suzukihyperlocal.com\1785334503_6a6a0ae769cce6569.png,ARTICLE_MEDIA,Article image,Blog/SEO article
1785334515_6a6a0af38835eea7d.png,.png,0.585,613242,cms.suzukihyperlocal.com\1785334515_6a6a0af38835eea7d.png,D:\Papah\suzukisemarangcenter\TRADA_RAW\cms.suzukihyperlocal.com\1785334515_6a6a0af38835eea7d.png,ARTICLE_MEDIA,Article image,Blog/SEO article
1785334528_6a6a0b005c9b2912f.png,.png,0.514,539057,cms.suzukihyperlocal.com\1785334528_6a6a0b005c9b2912f.png,D:\Papah\suzukisemarangcenter\TRADA_RAW\cms.suzukihyperlocal.com\1785334528_6a6a0b005c9b2912f.png,ARTICLE_MEDIA,Article image,Blog/SEO article
1785334539_6a6a0b0b206d26789.png,.png,0.989,1037134,cms.suzukihyperlocal.com\1785334539_6a6a0b0b206d26789.png,D:\Papah\suzukisemarangcenter\TRADA_RAW\cms.suzukihyperlocal.com\1785334539_6a6a0b0b206d26789.png,ARTICLE_MEDIA,Article image,Blog/SEO article
1785334624_6a6a0b602c456a38d.png,.png,0.647,678432,cms.suzukihyperlocal.com\1785334624_6a6a0b602c456a38d.png,D:\Papah\suzukisemarangcenter\TRADA_RAW\cms.suzukihyperlocal.com\1785334624_6a6a0b602c456a38d.png,ARTICLE_MEDIA,Article image,Blog/SEO article
1785334639_6a6a0b6fb584ba57a.png,.png,0.824,864465,cms.suzukihyperlocal.com\1785334639_6a6a0b6fb584ba57a.png,D:\Papah\suzukisemarangcenter\TRADA_RAW\cms.suzukihyperlocal.com\1785334639_6a6a0b6fb584ba57a.png,ARTICLE_MEDIA,Article image,Blog/SEO article
1785334779_6a6a0bfb9c2ab05cd.png,.png,0.657,689251,cms.suzukihyperlocal.com\1785334779_6a6a0bfb9c2ab05cd.png,D:\Papah\suzukisemarangcenter\TRADA_RAW\cms.suzukihyperlocal.com\1785334779_6a6a0bfb9c2ab05cd.png,ARTICLE_MEDIA,Article image,Blog/SEO article
1785334799_6a6a0c0f577b125f8.png,.png,0.571,598410,cms.suzukihyperlocal.com\1785334799_6a6a0c0f577b125f8.png,D:\Papah\suzukisemarangcenter\TRADA_RAW\cms.suzukihyperlocal.com\1785334799_6a6a0c0f577b125f8.png,ARTICLE_MEDIA,Article image,Blog/SEO article
1785334847_6a6a0c3f1f21c4882.png,.png,0.481,504232,cms.suzukihyperlocal.com\1785334847_6a6a0c3f1f21c4882.png,D:\Papah\suzukisemarangcenter\TRADA_RAW\cms.suzukihyperlocal.com\1785334847_6a6a0c3f1f21c4882.png,ARTICLE_MEDIA,Article image,Blog/SEO article
1785334873_6a6a0c59adffbeeee.png,.png,0.5,523791,cms.suzukihyperlocal.com\1785334873_6a6a0c59adffbeeee.png,D:\Papah\suzukisemarangcenter\TRADA_RAW\cms.suzukihyperlocal.com\1785334873_6a6a0c59adffbeeee.png,ARTICLE_MEDIA,Article image,Blog/SEO article
1785334902_6a6a0c76d8c44bbe0.png,.png,0.583,611180,cms.suzukihyperlocal.com\1785334902_6a6a0c76d8c44bbe0.png,D:\Papah\suzukisemarangcenter\TRADA_RAW\cms.suzukihyperlocal.com\1785334902_6a6a0c76d8c44bbe0.png,ARTICLE_MEDIA,Article image,Blog/SEO article
1785334923_6a6a0c8b7ea05fae2.png,.png,0.668,700127,cms.suzukihyperlocal.com\1785334923_6a6a0c8b7ea05fae2.png,D:\Papah\suzukisemarangcenter\TRADA_RAW\cms.suzukihyperlocal.com\1785334923_6a6a0c8b7ea05fae2.png,ARTICLE_MEDIA,Article image,Blog/SEO article
1785335036_6a6a0cfcb704f03bd.png,.png,0.4,419270,cms.suzukihyperlocal.com\1785335036_6a6a0cfcb704f03bd.png,D:\Papah\suzukisemarangcenter\TRADA_RAW\cms.suzukihyperlocal.com\1785335036_6a6a0cfcb704f03bd.png,ARTICLE_MEDIA,Article image,Blog/SEO article
1785566869_6a6d96951c15798d4.png,.png,0.287,301074,cms.suzukihyperlocal.com\1785566869_6a6d96951c15798d4.png,D:\Papah\suzukisemarangcenter\TRADA_RAW\cms.suzukihyperlocal.com\1785566869_6a6d96951c15798d4.png,ARTICLE_MEDIA,Article image,Blog/SEO article
1785567056_6a6d9750e349a977d.png,.png,7.799,8177437,cms.suzukihyperlocal.com\1785567056_6a6d9750e349a977d.png,D:\Papah\suzukisemarangcenter\TRADA_RAW\cms.suzukihyperlocal.com\1785567056_6a6d9750e349a977d.png,ARTICLE_MEDIA,Article image,Blog/SEO article
1785567092_6a6d9774c843ae973.png,.png,7.618,7988317,cms.suzukihyperlocal.com\1785567092_6a6d9774c843ae973.png,D:\Papah\suzukisemarangcenter\TRADA_RAW\cms.suzukihyperlocal.com\1785567092_6a6d9774c843ae973.png,ARTICLE_MEDIA,Article image,Blog/SEO article
1785567099_6a6d977b6bfa12d61.png,.png,6.096,6391982,cms.suzukihyperlocal.com\1785567099_6a6d977b6bfa12d61.png,D:\Papah\suzukisemarangcenter\TRADA_RAW\cms.suzukihyperlocal.com\1785567099_6a6d977b6bfa12d61.png,ARTICLE_MEDIA,Article image,Blog/SEO article
1785567108_6a6d97840d3bc4479.png,.png,8.674,9095119,cms.suzukihyperlocal.com\1785567108_6a6d97840d3bc4479.png,D:\Papah\suzukisemarangcenter\TRADA_RAW\cms.suzukihyperlocal.com\1785567108_6a6d97840d3bc4479.png,ARTICLE_MEDIA,Article image,Blog/SEO article
1785567144_6a6d97a8e51a0a480.png,.png,0.803,841519,cms.suzukihyperlocal.com\1785567144_6a6d97a8e51a0a480.png,D:\Papah\suzukisemarangcenter\TRADA_RAW\cms.suzukihyperlocal.com\1785567144_6a6d97a8e51a0a480.png,ARTICLE_MEDIA,Article image,Blog/SEO article
1785567210_6a6d97eaf14a9b7e1.png,.png,0.544,570770,cms.suzukihyperlocal.com\1785567210_6a6d97eaf14a9b7e1.png,D:\Papah\suzukisemarangcenter\TRADA_RAW\cms.suzukihyperlocal.com\1785567210_6a6d97eaf14a9b7e1.png,ARTICLE_MEDIA,Article image,Blog/SEO article
1785567211_6a6d97eb59d8289ef.png,.png,0.568,595543,cms.suzukihyperlocal.com\1785567211_6a6d97eb59d8289ef.png,D:\Papah\suzukisemarangcenter\TRADA_RAW\cms.suzukihyperlocal.com\1785567211_6a6d97eb59d8289ef.png,ARTICLE_MEDIA,Article image,Blog/SEO article
1785567211_6a6d97ebf3b33da60.png,.png,0.508,532637,cms.suzukihyperlocal.com\1785567211_6a6d97ebf3b33da60.png,D:\Papah\suzukisemarangcenter\TRADA_RAW\cms.suzukihyperlocal.com\1785567211_6a6d97ebf3b33da60.png,ARTICLE_MEDIA,Article image,Blog/SEO article
1785567212_6a6d97ec9d7aec907.png,.png,0.653,684845,cms.suzukihyperlocal.com\1785567212_6a6d97ec9d7aec907.png,D:\Papah\suzukisemarangcenter\TRADA_RAW\cms.suzukihyperlocal.com\1785567212_6a6d97ec9d7aec907.png,ARTICLE_MEDIA,Article image,Blog/SEO article
1785567213_6a6d97ed6366f451f.png,.png,1.087,1139858,cms.suzukihyperlocal.com\1785567213_6a6d97ed6366f451f.png,D:\Papah\suzukisemarangcenter\TRADA_RAW\cms.suzukihyperlocal.com\1785567213_6a6d97ed6366f451f.png,ARTICLE_MEDIA,Article image,Blog/SEO article
1785997934_6a742a6e07c2ad75b.webp,.webp,0.179,187664,cms.suzukihyperlocal.com\1785997934_6a742a6e07c2ad75b.webp,D:\Papah\suzukisemarangcenter\TRADA_RAW\cms.suzukihyperlocal.com\1785997934_6a742a6e07c2ad75b.webp,ARTICLE_MEDIA,Article image,Blog/SEO article
1785999887_6a74320f27ff56f08.webp,.webp,0.182,190496,cms.suzukihyperlocal.com\1785999887_6a74320f27ff56f08.webp,D:\Papah\suzukisemarangcenter\TRADA_RAW\cms.suzukihyperlocal.com\1785999887_6a74320f27ff56f08.webp,ARTICLE_MEDIA,Article image,Blog/SEO article
1786155183_6a7690af74b515c57.webp,.webp,0.202,212154,cms.suzukihyperlocal.com\1786155183_6a7690af74b515c57.webp,D:\Papah\suzukisemarangcenter\TRADA_RAW\cms.suzukihyperlocal.com\1786155183_6a7690af74b515c57.webp,ARTICLE_MEDIA,Article image,Blog/SEO article
1786421738_6a7aa1ea9033ee68d.webp,.webp,0.035,36404,cms.suzukihyperlocal.com\1786421738_6a7aa1ea9033ee68d.webp,D:\Papah\suzukisemarangcenter\TRADA_RAW\cms.suzukihyperlocal.com\1786421738_6a7aa1ea9033ee68d.webp,ARTICLE_MEDIA,Article image,Blog/SEO article
1786430243_6a7ac323ccdeb6e1f.webp,.webp,0.17,178118,cms.suzukihyperlocal.com\1786430243_6a7ac323ccdeb6e1f.webp,D:\Papah\suzukisemarangcenter\TRADA_RAW\cms.suzukihyperlocal.com\1786430243_6a7ac323ccdeb6e1f.webp,ARTICLE_MEDIA,Article image,Blog/SEO article
1__Ertiga09209d63.jpg,.jpg,0.077,80498,cms.suzukihyperlocal.com\1__Ertiga09209d63.jpg,D:\Papah\suzukisemarangcenter\TRADA_RAW\cms.suzukihyperlocal.com\1__Ertiga09209d63.jpg,ERTIGA_HYBRID,Product/color/interior,Product page + catalog
210242439_532934317845553_2673374354614852231_n3ee6.jpg,.jpg,1.231,1290940,cms.suzukihyperlocal.com\210242439_532934317845553_2673374354614852231_n3ee6.jpg,D:\Papah\suzukisemarangcenter\TRADA_RAW\cms.suzukihyperlocal.com\210242439_532934317845553_2673374354614852231_n3ee6.jpg,ARTICLE_MEDIA,Article image,Blog/SEO article
248db1.jpg,.jpg,0.338,354062,cms.suzukihyperlocal.com\248db1.jpg,D:\Papah\suzukisemarangcenter\TRADA_RAW\cms.suzukihyperlocal.com\248db1.jpg,ARCHIVE_UNIDENTIFIED,Unnamed/hash/timestamp asset,Archive until contextual source is confirmed
2721929477f81.jpg,.jpg,0.029,30831,cms.suzukihyperlocal.com\2721929477f81.jpg,D:\Papah\suzukisemarangcenter\TRADA_RAW\cms.suzukihyperlocal.com\2721929477f81.jpg,ARTICLE_MEDIA,Article image,Blog/SEO article
336a99.jpg,.jpg,0.692,725444,cms.suzukihyperlocal.com\336a99.jpg,D:\Papah\suzukisemarangcenter\TRADA_RAW\cms.suzukihyperlocal.com\336a99.jpg,ARCHIVE_UNIDENTIFIED,Unnamed/hash/timestamp asset,Archive until contextual source is confirmed
35d061.jpg,.jpg,0.618,648322,cms.suzukihyperlocal.com\35d061.jpg,D:\Papah\suzukisemarangcenter\TRADA_RAW\cms.suzukihyperlocal.com\35d061.jpg,ARCHIVE_UNIDENTIFIED,Unnamed/hash/timestamp asset,Archive until contextual source is confirmed
60x80-pamerran-r3-xl7-Recoveredc161.jpg,.jpg,0.921,965438,cms.suzukihyperlocal.com\60x80-pamerran-r3-xl7-Recoveredc161.jpg,D:\Papah\suzukisemarangcenter\TRADA_RAW\cms.suzukihyperlocal.com\60x80-pamerran-r3-xl7-Recoveredc161.jpg,XL7_HYBRID,Product asset,Homepage hero + product page
61264-giias-2022-suzuki-s-pressoa192.jpg,.jpg,0.053,55915,cms.suzukihyperlocal.com\61264-giias-2022-suzuki-s-pressoa192.jpg,D:\Papah\suzukisemarangcenter\TRADA_RAW\cms.suzukihyperlocal.com\61264-giias-2022-suzuki-s-pressoa192.jpg,S_PRESSO,Product asset,Product page + catalog
9. 360° View Camera7de1.png,.png,0.608,637745,cms.suzukihyperlocal.com\9. 360° View Camera7de1.png,D:\Papah\suzukisemarangcenter\TRADA_RAW\cms.suzukihyperlocal.com\9. 360° View Camera7de1.png,FEATURE_SAFETY,Feature/safety,Relevant product page
a355f7254db665a9b35e1897d8c561104716.jpg,.jpg,0.057,59964,cms.suzukihyperlocal.com\a355f7254db665a9b35e1897d8c561104716.jpg,D:\Papah\suzukisemarangcenter\TRADA_RAW\cms.suzukihyperlocal.com\a355f7254db665a9b35e1897d8c561104716.jpg,ARCHIVE_UNIDENTIFIED,Unnamed/hash/timestamp asset,Archive until contextual source is confirmed
air_radiator_mobil_dealer_suzuki4136.jpg,.jpg,0.044,45725,cms.suzukihyperlocal.com\air_radiator_mobil_dealer_suzuki4136.jpg,D:\Papah\suzukisemarangcenter\TRADA_RAW\cms.suzukihyperlocal.com\air_radiator_mobil_dealer_suzuki4136.jpg,ARTICLE_MEDIA,Article / educational / maintenance image,"Blog/SEO article; optional, not homepage"
air_radiator_mobil_habis_dealer_suzukie9d5.JPG,.jpg,0.035,36700,cms.suzukihyperlocal.com\air_radiator_mobil_habis_dealer_suzukie9d5.JPG,D:\Papah\suzukisemarangcenter\TRADA_RAW\cms.suzukihyperlocal.com\air_radiator_mobil_habis_dealer_suzukie9d5.JPG,ARTICLE_MEDIA,Article / educational / maintenance image,"Blog/SEO article; optional, not homepage"
aksesoris_mobil_dealer_suzuki6e3b.png,.png,0.185,194484,cms.suzukihyperlocal.com\aksesoris_mobil_dealer_suzuki6e3b.png,D:\Papah\suzukisemarangcenter\TRADA_RAW\cms.suzukihyperlocal.com\aksesoris_mobil_dealer_suzuki6e3b.png,ARTICLE_MEDIA,Article / educational / maintenance image,"Blog/SEO article; optional, not homepage"
ANE-BARUd40c.jpg,.jpg,1.18,1237576,cms.suzukihyperlocal.com\ANE-BARUd40c.jpg,D:\Papah\suzukisemarangcenter\TRADA_RAW\cms.suzukihyperlocal.com\ANE-BARUd40c.jpg,ARCHIVE_UNIDENTIFIED,Unclear legacy asset,Archive until contextual source is confirmed
ANE_CRUISE_BLACK-CRUISEd36f.webp,.webp,0.052,54320,cms.suzukihyperlocal.com\ANE_CRUISE_BLACK-CRUISEd36f.webp,D:\Papah\suzukisemarangcenter\TRADA_RAW\cms.suzukihyperlocal.com\ANE_CRUISE_BLACK-CRUISEd36f.webp,ARCHIVE_UNIDENTIFIED,Unclear legacy asset,Archive until contextual source is confirmed
Asset_1_16934.webp,.webp,0.051,53832,cms.suzukihyperlocal.com\Asset_1_16934.webp,D:\Papah\suzukisemarangcenter\TRADA_RAW\cms.suzukihyperlocal.com\Asset_1_16934.webp,ARCHIVE_UNIDENTIFIED,Unclear legacy asset,Archive until contextual source is confirmed
Asset_1_17633.webp,.webp,0.09,94212,cms.suzukihyperlocal.com\Asset_1_17633.webp,D:\Papah\suzukisemarangcenter\TRADA_RAW\cms.suzukihyperlocal.com\Asset_1_17633.webp,ARCHIVE_UNIDENTIFIED,Unclear legacy asset,Archive until contextual source is confirmed
auto3d82.jpg,.jpg,0.475,497798,cms.suzukihyperlocal.com\auto3d82.jpg,D:\Papah\suzukisemarangcenter\TRADA_RAW\cms.suzukihyperlocal.com\auto3d82.jpg,ASSET_REFERENCE,Generic/technical visual,Archive/reference; not core content
ball_joint_dealer_suzuki4761.jpg,.jpg,0.058,61019,cms.suzukihyperlocal.com\ball_joint_dealer_suzuki4761.jpg,D:\Papah\suzukisemarangcenter\TRADA_RAW\cms.suzukihyperlocal.com\ball_joint_dealer_suzuki4761.jpg,ARTICLE_MEDIA,Article / educational / maintenance image,"Blog/SEO article; optional, not homepage"
banner-29875.jpg,.jpg,0.327,342620,cms.suzukihyperlocal.com\banner-29875.jpg,D:\Papah\suzukisemarangcenter\TRADA_RAW\cms.suzukihyperlocal.com\banner-29875.jpg,PROMO_HERO_BANNER,Banner/hero,Homepage/promo
bearingd3af.jpg,.jpg,0.082,85652,cms.suzukihyperlocal.com\bearingd3af.jpg,D:\Papah\suzukisemarangcenter\TRADA_RAW\cms.suzukihyperlocal.com\bearingd3af.jpg,ARTICLE_MEDIA,Article / educational / maintenance image,"Blog/SEO article; optional, not homepage"
beli-xl7-dan-all-new-ertiga-di-suzuki-finance-dapatkan-potongan-3x-angsuran-dan-asuransi-banjir-gratis_thumb9cfe.png,.png,0.282,295306,cms.suzukihyperlocal.com\beli-xl7-dan-all-new-ertiga-di-suzuki-finance-dapatkan-potongan-3x-angsuran-dan-asuransi-banjir-gratis_thumb9cfe.png,D:\Papah\suzukisemarangcenter\TRADA_RAW\cms.suzukihyperlocal.com\beli-xl7-dan-all-new-ertiga-di-suzuki-finance-dapatkan-potongan-3x-angsuran-dan-asuransi-banjir-gratis_thumb9cfe.png,XL7_HYBRID,Product asset,Homepage hero + product page
bensin6068.jpg,.jpg,0.161,169045,cms.suzukihyperlocal.com\bensin6068.jpg,D:\Papah\suzukisemarangcenter\TRADA_RAW\cms.suzukihyperlocal.com\bensin6068.jpg,ARTICLE_MEDIA,Article / educational / maintenance image,"Blog/SEO article; optional, not homepage"
berkendara-aman-di-musim-hujan-agar-tenang-sampai-tujuan_thumb72b9.png,.png,0.339,355268,cms.suzukihyperlocal.com\berkendara-aman-di-musim-hujan-agar-tenang-sampai-tujuan_thumb72b9.png,D:\Papah\suzukisemarangcenter\TRADA_RAW\cms.suzukihyperlocal.com\berkendara-aman-di-musim-hujan-agar-tenang-sampai-tujuan_thumb72b9.png,ARTICLE_MEDIA,Article image,Blog/SEO article
best80cf.jpg,.jpg,0.23,241289,cms.suzukihyperlocal.com\best80cf.jpg,D:\Papah\suzukisemarangcenter\TRADA_RAW\cms.suzukihyperlocal.com\best80cf.jpg,ARCHIVE_UNIDENTIFIED,Unclear legacy asset,Archive until contextual source is confirmed
bg-maina406.webp,.webp,0.119,124742,cms.suzukihyperlocal.com\bg-maina406.webp,D:\Papah\suzukisemarangcenter\TRADA_RAW\cms.suzukihyperlocal.com\bg-maina406.webp,UI_TECHNICAL,UI/technical asset,Archive/reference; not core website content
big_braket_kit_dealer_suzuki4ed3.png,.png,0.19,199709,cms.suzukihyperlocal.com\big_braket_kit_dealer_suzuki4ed3.png,D:\Papah\suzukisemarangcenter\TRADA_RAW\cms.suzukihyperlocal.com\big_braket_kit_dealer_suzuki4ed3.png,ARCHIVE_UNIDENTIFIED,Unclear legacy asset,Archive until contextual source is confirmed
black-APV_ARENA4c67.webp,.webp,0.046,47896,cms.suzukihyperlocal.com\black-APV_ARENA4c67.webp,D:\Papah\suzukisemarangcenter\TRADA_RAW\cms.suzukihyperlocal.com\black-APV_ARENA4c67.webp,LEGACY_PRODUCT_ARCHIVE,APV product asset,Archive only; not current primary lineup
Bluish_Black_Pearl-JIMNY_3-DOORS1136.webp,.webp,0.033,34560,cms.suzukihyperlocal.com\Bluish_Black_Pearl-JIMNY_3-DOORS1136.webp,D:\Papah\suzukisemarangcenter\TRADA_RAW\cms.suzukihyperlocal.com\Bluish_Black_Pearl-JIMNY_3-DOORS1136.webp,JIMNY,Product/interior/exterior/color,Product page + catalog
Brave-Khaki-ALL_NEW_ERTIGA6e30.webp,.webp,0.054,56162,cms.suzukihyperlocal.com\Brave-Khaki-ALL_NEW_ERTIGA6e30.webp,D:\Papah\suzukisemarangcenter\TRADA_RAW\cms.suzukihyperlocal.com\Brave-Khaki-ALL_NEW_ERTIGA6e30.webp,ERTIGA_HYBRID,Product/color/interior,Product page + catalog
brisk_blue_metallic-JIMNY_3-DOORS12ce.webp,.webp,0.037,38524,cms.suzukihyperlocal.com\brisk_blue_metallic-JIMNY_3-DOORS12ce.webp,D:\Papah\suzukisemarangcenter\TRADA_RAW\cms.suzukihyperlocal.com\brisk_blue_metallic-JIMNY_3-DOORS12ce.webp,JIMNY,Product/interior/exterior/color,Product page + catalog
buhing_arm_mobil_rusak_dealer_suzukicb03.png,.png,0.215,224991,cms.suzukihyperlocal.com\buhing_arm_mobil_rusak_dealer_suzukicb03.png,D:\Papah\suzukisemarangcenter\TRADA_RAW\cms.suzukihyperlocal.com\buhing_arm_mobil_rusak_dealer_suzukicb03.png,ARTICLE_MEDIA,Article / educational / maintenance image,"Blog/SEO article; optional, not homepage"
cara-membersihkan-velg-mobil27ea.jpg,.jpg,0.062,65416,cms.suzukihyperlocal.com\cara-membersihkan-velg-mobil27ea.jpg,D:\Papah\suzukisemarangcenter\TRADA_RAW\cms.suzukihyperlocal.com\cara-membersihkan-velg-mobil27ea.jpg,ARTICLE_MEDIA,Article / educational / maintenance image,"Blog/SEO article; optional, not homepage"
cara-mudah-bersihkan-dashboard-tanpa-harus-ke-salon-mobil-p0irSOtzSM35b4.jpg,.jpg,0.089,93160,cms.suzukihyperlocal.com\cara-mudah-bersihkan-dashboard-tanpa-harus-ke-salon-mobil-p0irSOtzSM35b4.jpg,D:\Papah\suzukisemarangcenter\TRADA_RAW\cms.suzukihyperlocal.com\cara-mudah-bersihkan-dashboard-tanpa-harus-ke-salon-mobil-p0irSOtzSM35b4.jpg,ARTICLE_MEDIA,Article / educational / maintenance image,"Blog/SEO article; optional, not homepage"
cara_mengkilapkan_cat_mobil_dealer_suzukie1ae.jpg,.jpg,0.079,82937,cms.suzukihyperlocal.com\cara_mengkilapkan_cat_mobil_dealer_suzukie1ae.jpg,D:\Papah\suzukisemarangcenter\TRADA_RAW\cms.suzukihyperlocal.com\cara_mengkilapkan_cat_mobil_dealer_suzukie1ae.jpg,ARTICLE_MEDIA,Article / educational / maintenance image,"Blog/SEO article; optional, not homepage"
Carrye522.webp,.webp,0.175,183130,cms.suzukihyperlocal.com\Carrye522.webp,D:\Papah\suzukisemarangcenter\TRADA_RAW\cms.suzukihyperlocal.com\Carrye522.webp,NEW_CARRY,Product/color,Product page + catalog
CARRY_WEBSITE_NEW_(1)6385.webp,.webp,0.309,324036,cms.suzukihyperlocal.com\CARRY_WEBSITE_NEW_(1)6385.webp,D:\Papah\suzukisemarangcenter\TRADA_RAW\cms.suzukihyperlocal.com\CARRY_WEBSITE_NEW_(1)6385.webp,NEW_CARRY,Product/color,Product page + catalog
chiffon_ivory_metallic-JIMNY_3-DOORS2ed7.webp,.webp,0.035,36362,cms.suzukihyperlocal.com\chiffon_ivory_metallic-JIMNY_3-DOORS2ed7.webp,D:\Papah\suzukisemarangcenter\TRADA_RAW\cms.suzukihyperlocal.com\chiffon_ivory_metallic-JIMNY_3-DOORS2ed7.webp,JIMNY,Product/interior/exterior/color,Product page + catalog
COLORINGa08e.jpg,.jpg,0.344,360925,cms.suzukihyperlocal.com\COLORINGa08e.jpg,D:\Papah\suzukisemarangcenter\TRADA_RAW\cms.suzukihyperlocal.com\COLORINGa08e.jpg,ASSET_REFERENCE,Generic/technical visual,Archive/reference; not core content
Cool-Black-Metalic-ALL_NEW_ERTIGAd0d0.webp,.webp,0.051,53980,cms.suzukihyperlocal.com\Cool-Black-Metalic-ALL_NEW_ERTIGAd0d0.webp,D:\Papah\suzukisemarangcenter\TRADA_RAW\cms.suzukihyperlocal.com\Cool-Black-Metalic-ALL_NEW_ERTIGAd0d0.webp,ERTIGA_HYBRID,Product/color/interior,Product page + catalog
dddddddddddddddddddddddddd3402.jpg,.jpg,0.517,542561,cms.suzukihyperlocal.com\dddddddddddddddddddddddddd3402.jpg,D:\Papah\suzukisemarangcenter\TRADA_RAW\cms.suzukihyperlocal.com\dddddddddddddddddddddddddd3402.jpg,ARCHIVE_UNIDENTIFIED,Unnamed/hash/timestamp asset,Archive until contextual source is confirmed
defogger_dealer_suzuki69a7.jpg,.jpg,0.113,118800,cms.suzukihyperlocal.com\defogger_dealer_suzuki69a7.jpg,D:\Papah\suzukisemarangcenter\TRADA_RAW\cms.suzukihyperlocal.com\defogger_dealer_suzuki69a7.jpg,ARTICLE_MEDIA,Article / educational / maintenance image,"Blog/SEO article; optional, not homepage"
Desktop_Banner_39274.webp,.webp,0.096,100494,cms.suzukihyperlocal.com\Desktop_Banner_39274.webp,D:\Papah\suzukisemarangcenter\TRADA_RAW\cms.suzukihyperlocal.com\Desktop_Banner_39274.webp,PROMO_HERO_BANNER,Banner/hero,Homepage/promo
dongkrak-hidrolikdd86.jpg,.jpg,0.075,78941,cms.suzukihyperlocal.com\dongkrak-hidrolikdd86.jpg,D:\Papah\suzukisemarangcenter\TRADA_RAW\cms.suzukihyperlocal.com\dongkrak-hidrolikdd86.jpg,ARTICLE_MEDIA,Article / educational / maintenance image,"Blog/SEO article; optional, not homepage"
DP-MALL-Xl-Recoverede411.jpg,.jpg,0.19,199601,cms.suzukihyperlocal.com\DP-MALL-Xl-Recoverede411.jpg,D:\Papah\suzukisemarangcenter\TRADA_RAW\cms.suzukihyperlocal.com\DP-MALL-Xl-Recoverede411.jpg,PROMO,Promo,Promo section/articles
Eksterior01-JIMNY_5-DOORS9ff4.webp,.webp,0.009,9474,cms.suzukihyperlocal.com\Eksterior01-JIMNY_5-DOORS9ff4.webp,D:\Papah\suzukisemarangcenter\TRADA_RAW\cms.suzukihyperlocal.com\Eksterior01-JIMNY_5-DOORS9ff4.webp,JIMNY_5,Product/interior/exterior/color,Product page + catalog
Eksterior01_(5)6a46.webp,.webp,0.027,28490,cms.suzukihyperlocal.com\Eksterior01_(5)6a46.webp,D:\Papah\suzukisemarangcenter\TRADA_RAW\cms.suzukihyperlocal.com\Eksterior01_(5)6a46.webp,ARCHIVE_UNIDENTIFIED,Unclear legacy asset,Archive until contextual source is confirmed
Eksterior02-JIMNY_5-DOORSde6b.webp,.webp,0.006,6380,cms.suzukihyperlocal.com\Eksterior02-JIMNY_5-DOORSde6b.webp,D:\Papah\suzukisemarangcenter\TRADA_RAW\cms.suzukihyperlocal.com\Eksterior02-JIMNY_5-DOORSde6b.webp,JIMNY_5,Product/interior/exterior/color,Product page + catalog
Eksterior02_(5)0cca.webp,.webp,0.034,36028,cms.suzukihyperlocal.com\Eksterior02_(5)0cca.webp,D:\Papah\suzukisemarangcenter\TRADA_RAW\cms.suzukihyperlocal.com\Eksterior02_(5)0cca.webp,ARCHIVE_UNIDENTIFIED,Unclear legacy asset,Archive until contextual source is confirmed
Eksterior03-JIMNY_5-DOORS94f8.webp,.webp,0.004,4702,cms.suzukihyperlocal.com\Eksterior03-JIMNY_5-DOORS94f8.webp,D:\Papah\suzukisemarangcenter\TRADA_RAW\cms.suzukihyperlocal.com\Eksterior03-JIMNY_5-DOORS94f8.webp,JIMNY_5,Product/interior/exterior/color,Product page + catalog
Eksterior03_(4)0c2f.webp,.webp,0.018,18446,cms.suzukihyperlocal.com\Eksterior03_(4)0c2f.webp,D:\Papah\suzukisemarangcenter\TRADA_RAW\cms.suzukihyperlocal.com\Eksterior03_(4)0c2f.webp,ARCHIVE_UNIDENTIFIED,Unclear legacy asset,Archive until contextual source is confirmed
Eksterior03_(4)b028.webp,.webp,0.015,16178,cms.suzukihyperlocal.com\Eksterior03_(4)b028.webp,D:\Papah\suzukisemarangcenter\TRADA_RAW\cms.suzukihyperlocal.com\Eksterior03_(4)b028.webp,ARCHIVE_UNIDENTIFIED,Unclear legacy asset,Archive until contextual source is confirmed
Eksterior04-JIMNY_5-DOORSb1b6.webp,.webp,0.006,6772,cms.suzukihyperlocal.com\Eksterior04-JIMNY_5-DOORSb1b6.webp,D:\Papah\suzukisemarangcenter\TRADA_RAW\cms.suzukihyperlocal.com\Eksterior04-JIMNY_5-DOORSb1b6.webp,JIMNY_5,Product/interior/exterior/color,Product page + catalog
Eksterior04_(4)115f.webp,.webp,0.016,16512,cms.suzukihyperlocal.com\Eksterior04_(4)115f.webp,D:\Papah\suzukisemarangcenter\TRADA_RAW\cms.suzukihyperlocal.com\Eksterior04_(4)115f.webp,ARCHIVE_UNIDENTIFIED,Unclear legacy asset,Archive until contextual source is confirmed
Eksterior04_(4)f240.webp,.webp,0.015,16112,cms.suzukihyperlocal.com\Eksterior04_(4)f240.webp,D:\Papah\suzukisemarangcenter\TRADA_RAW\cms.suzukihyperlocal.com\Eksterior04_(4)f240.webp,ARCHIVE_UNIDENTIFIED,Unclear legacy asset,Archive until contextual source is confirmed
Eksterior05-JIMNY_5-DOORS667d.webp,.webp,0.003,3462,cms.suzukihyperlocal.com\Eksterior05-JIMNY_5-DOORS667d.webp,D:\Papah\suzukisemarangcenter\TRADA_RAW\cms.suzukihyperlocal.com\Eksterior05-JIMNY_5-DOORS667d.webp,JIMNY_5,Product/interior/exterior/color,Product page + catalog
Eksterior05_(3)b653.webp,.webp,0.013,14060,cms.suzukihyperlocal.com\Eksterior05_(3)b653.webp,D:\Papah\suzukisemarangcenter\TRADA_RAW\cms.suzukihyperlocal.com\Eksterior05_(3)b653.webp,ARCHIVE_UNIDENTIFIED,Unclear legacy asset,Archive until contextual source is confirmed
Ertiga8d36.jpg,.jpg,0.153,160475,cms.suzukihyperlocal.com\Ertiga8d36.jpg,D:\Papah\suzukisemarangcenter\TRADA_RAW\cms.suzukihyperlocal.com\Ertiga8d36.jpg,ERTIGA_HYBRID,Product/color/interior,Product page + catalog
Ertiga_(2)b248.webp,.webp,0.213,223478,cms.suzukihyperlocal.com\Ertiga_(2)b248.webp,D:\Papah\suzukisemarangcenter\TRADA_RAW\cms.suzukihyperlocal.com\Ertiga_(2)b248.webp,ERTIGA_HYBRID,Product/color/interior,Product page + catalog
ext01-JIMNY_3-DOORSb3d0.webp,.webp,0.005,5388,cms.suzukihyperlocal.com\ext01-JIMNY_3-DOORSb3d0.webp,D:\Papah\suzukisemarangcenter\TRADA_RAW\cms.suzukihyperlocal.com\ext01-JIMNY_3-DOORSb3d0.webp,JIMNY,Product/interior/exterior/color,Product page + catalog
ext02-JIMNY_3-DOORS6a33.webp,.webp,0.004,4058,cms.suzukihyperlocal.com\ext02-JIMNY_3-DOORS6a33.webp,D:\Papah\suzukisemarangcenter\TRADA_RAW\cms.suzukihyperlocal.com\ext02-JIMNY_3-DOORS6a33.webp,JIMNY,Product/interior/exterior/color,Product page + catalog
ext03-JIMNY_3-DOORS8124.webp,.webp,0.005,5682,cms.suzukihyperlocal.com\ext03-JIMNY_3-DOORS8124.webp,D:\Papah\suzukisemarangcenter\TRADA_RAW\cms.suzukihyperlocal.com\ext03-JIMNY_3-DOORS8124.webp,JIMNY,Product/interior/exterior/color,Product page + catalog
ext04-JIMNY_3-DOORSffe8.webp,.webp,0.004,4698,cms.suzukihyperlocal.com\ext04-JIMNY_3-DOORSffe8.webp,D:\Papah\suzukisemarangcenter\TRADA_RAW\cms.suzukihyperlocal.com\ext04-JIMNY_3-DOORSffe8.webp,JIMNY,Product/interior/exterior/color,Product page + catalog
ext05-JIMNY_3-DOORS5f3d.webp,.webp,0.004,3814,cms.suzukihyperlocal.com\ext05-JIMNY_3-DOORS5f3d.webp,D:\Papah\suzukisemarangcenter\TRADA_RAW\cms.suzukihyperlocal.com\ext05-JIMNY_3-DOORS5f3d.webp,JIMNY,Product/interior/exterior/color,Product page + catalog
ext06-JIMNY_3-DOORSf7b5.webp,.webp,0.003,3292,cms.suzukihyperlocal.com\ext06-JIMNY_3-DOORSf7b5.webp,D:\Papah\suzukisemarangcenter\TRADA_RAW\cms.suzukihyperlocal.com\ext06-JIMNY_3-DOORSf7b5.webp,JIMNY,Product/interior/exterior/color,Product page + catalog
ext07-JIMNY_3-DOORS4c2d.webp,.webp,0.007,7134,cms.suzukihyperlocal.com\ext07-JIMNY_3-DOORS4c2d.webp,D:\Papah\suzukisemarangcenter\TRADA_RAW\cms.suzukihyperlocal.com\ext07-JIMNY_3-DOORS4c2d.webp,JIMNY,Product/interior/exterior/color,Product page + catalog
ext08-JIMNY_3-DOORS4d63.webp,.webp,0.006,6530,cms.suzukihyperlocal.com\ext08-JIMNY_3-DOORS4d63.webp,D:\Papah\suzukisemarangcenter\TRADA_RAW\cms.suzukihyperlocal.com\ext08-JIMNY_3-DOORS4d63.webp,JIMNY,Product/interior/exterior/color,Product page + catalog
ext09-JIMNY_3-DOORS085a.webp,.webp,0.007,7808,cms.suzukihyperlocal.com\ext09-JIMNY_3-DOORS085a.webp,D:\Papah\suzukisemarangcenter\TRADA_RAW\cms.suzukihyperlocal.com\ext09-JIMNY_3-DOORS085a.webp,JIMNY,Product/interior/exterior/color,Product page + catalog
E_PMAgcVIAAJX4Z-Recovered-Recovered73be.jpg,.jpg,0.483,506887,cms.suzukihyperlocal.com\E_PMAgcVIAAJX4Z-Recovered-Recovered73be.jpg,D:\Papah\suzukisemarangcenter\TRADA_RAW\cms.suzukihyperlocal.com\E_PMAgcVIAAJX4Z-Recovered-Recovered73be.jpg,ARTICLE_MEDIA,Article image,Blog/SEO article
FD5kbSQVQAQ-S3Ef613.jpg,.jpg,0.078,81875,cms.suzukihyperlocal.com\FD5kbSQVQAQ-S3Ef613.jpg,D:\Papah\suzukisemarangcenter\TRADA_RAW\cms.suzukihyperlocal.com\FD5kbSQVQAQ-S3Ef613.jpg,ARCHIVE_UNIDENTIFIED,Unclear legacy asset,Archive until contextual source is confirmed
filter_dryer_ac_mobil_dealer_suzukia40e.png,.png,0.42,440652,cms.suzukihyperlocal.com\filter_dryer_ac_mobil_dealer_suzukia40e.png,D:\Papah\suzukisemarangcenter\TRADA_RAW\cms.suzukihyperlocal.com\filter_dryer_ac_mobil_dealer_suzukia40e.png,ARTICLE_MEDIA,Article / educational / maintenance image,"Blog/SEO article; optional, not homepage"
fitur_esp_mobil_dealer_suzukif3aa.jpg,.jpg,0.059,61822,cms.suzukihyperlocal.com\fitur_esp_mobil_dealer_suzukif3aa.jpg,D:\Papah\suzukisemarangcenter\TRADA_RAW\cms.suzukihyperlocal.com\fitur_esp_mobil_dealer_suzukif3aa.jpg,FEATURE_SAFETY,Feature/safety,Relevant product page
Frame_31550ab58.webp,.webp,0.077,81098,cms.suzukihyperlocal.com\Frame_31550ab58.webp,D:\Papah\suzukisemarangcenter\TRADA_RAW\cms.suzukihyperlocal.com\Frame_31550ab58.webp,ASSET_REFERENCE,Generic/technical visual,Archive/reference; not core content
fuel_filter_dealer_suzukia41a.jpg,.jpg,0.419,439649,cms.suzukihyperlocal.com\fuel_filter_dealer_suzukia41a.jpg,D:\Papah\suzukisemarangcenter\TRADA_RAW\cms.suzukihyperlocal.com\fuel_filter_dealer_suzukia41a.jpg,ARTICLE_MEDIA,Article / educational / maintenance image,"Blog/SEO article; optional, not homepage"
fuel_pump_mobil_dealer_suzuki2190.JPG,.jpg,0.027,28246,cms.suzukihyperlocal.com\fuel_pump_mobil_dealer_suzuki2190.JPG,D:\Papah\suzukisemarangcenter\TRADA_RAW\cms.suzukihyperlocal.com\fuel_pump_mobil_dealer_suzuki2190.JPG,ARTICLE_MEDIA,Article / educational / maintenance image,"Blog/SEO article; optional, not homepage"
fungsi_bumper_mobil_Dealer_suzukib314.jpg,.jpg,0.124,129742,cms.suzukihyperlocal.com\fungsi_bumper_mobil_Dealer_suzukib314.jpg,D:\Papah\suzukisemarangcenter\TRADA_RAW\cms.suzukihyperlocal.com\fungsi_bumper_mobil_Dealer_suzukib314.jpg,ARTICLE_MEDIA,Article / educational / maintenance image,"Blog/SEO article; optional, not homepage"
fungsi_cairan_engine_flush_dealer_suzuki135c.png,.png,0.231,241893,cms.suzukihyperlocal.com\fungsi_cairan_engine_flush_dealer_suzuki135c.png,D:\Papah\suzukisemarangcenter\TRADA_RAW\cms.suzukihyperlocal.com\fungsi_cairan_engine_flush_dealer_suzuki135c.png,ARTICLE_MEDIA,Article / educational / maintenance image,"Blog/SEO article; optional, not homepage"
Fungsi_Catalytic_Converter_Dealer_suzuki6b29.JPG,.jpg,0.021,21698,cms.suzukihyperlocal.com\Fungsi_Catalytic_Converter_Dealer_suzuki6b29.JPG,D:\Papah\suzukisemarangcenter\TRADA_RAW\cms.suzukihyperlocal.com\Fungsi_Catalytic_Converter_Dealer_suzuki6b29.JPG,ARTICLE_MEDIA,Article / educational / maintenance image,"Blog/SEO article; optional, not homepage"
fungsi_distributor_mobil_dealer_suzuki8038.JPG,.jpg,0.035,36455,cms.suzukihyperlocal.com\fungsi_distributor_mobil_dealer_suzuki8038.JPG,D:\Papah\suzukisemarangcenter\TRADA_RAW\cms.suzukihyperlocal.com\fungsi_distributor_mobil_dealer_suzuki8038.JPG,ARTICLE_MEDIA,Article / educational / maintenance image,"Blog/SEO article; optional, not homepage"
fungsi_filter_bensin_mobil_dealer_suzuki6739.png,.png,0.16,167452,cms.suzukihyperlocal.com\fungsi_filter_bensin_mobil_dealer_suzuki6739.png,D:\Papah\suzukisemarangcenter\TRADA_RAW\cms.suzukihyperlocal.com\fungsi_filter_bensin_mobil_dealer_suzuki6739.png,ARTICLE_MEDIA,Article / educational / maintenance image,"Blog/SEO article; optional, not homepage"
fungsi_fuse_mobil_dealer_suzuki5137.JPG,.jpg,0.028,28965,cms.suzukihyperlocal.com\fungsi_fuse_mobil_dealer_suzuki5137.JPG,D:\Papah\suzukisemarangcenter\TRADA_RAW\cms.suzukihyperlocal.com\fungsi_fuse_mobil_dealer_suzuki5137.JPG,ARTICLE_MEDIA,Article / educational / maintenance image,"Blog/SEO article; optional, not homepage"
garasi-mobila1c5.jpg,.jpg,0.113,118146,cms.suzukihyperlocal.com\garasi-mobila1c5.jpg,D:\Papah\suzukisemarangcenter\TRADA_RAW\cms.suzukihyperlocal.com\garasi-mobila1c5.jpg,ARCHIVE_UNIDENTIFIED,Unclear legacy asset,Archive until contextual source is confirmed
gejala_piston_mobil_rusak_dealer_suzuki3567.JPG,.jpg,0.028,29069,cms.suzukihyperlocal.com\gejala_piston_mobil_rusak_dealer_suzuki3567.JPG,D:\Papah\suzukisemarangcenter\TRADA_RAW\cms.suzukihyperlocal.com\gejala_piston_mobil_rusak_dealer_suzuki3567.JPG,ARTICLE_MEDIA,Article / educational / maintenance image,"Blog/SEO article; optional, not homepage"
Granite-S-PRESSO950b.webp,.webp,0.055,57500,cms.suzukihyperlocal.com\Granite-S-PRESSO950b.webp,D:\Papah\suzukisemarangcenter\TRADA_RAW\cms.suzukihyperlocal.com\Granite-S-PRESSO950b.webp,S_PRESSO,Product asset,Product page + catalog
hero-new8d3e.webp,.webp,0.437,458006,cms.suzukihyperlocal.com\hero-new8d3e.webp,D:\Papah\suzukisemarangcenter\TRADA_RAW\cms.suzukihyperlocal.com\hero-new8d3e.webp,PROMO_HERO_BANNER,Banner/hero,Homepage/promo
hero8e3d.webp,.webp,0.402,421776,cms.suzukihyperlocal.com\hero8e3d.webp,D:\Papah\suzukisemarangcenter\TRADA_RAW\cms.suzukihyperlocal.com\hero8e3d.webp,PROMO_HERO_BANNER,Banner/hero,Homepage/promo after visual review
IGe026.jpg,.jpg,0.513,537458,cms.suzukihyperlocal.com\IGe026.jpg,D:\Papah\suzukisemarangcenter\TRADA_RAW\cms.suzukihyperlocal.com\IGe026.jpg,ARCHIVE_UNIDENTIFIED,Unclear legacy asset,Archive until contextual source is confirmed
IGNIS1ab3.jpg,.jpg,0.113,118481,cms.suzukihyperlocal.com\IGNIS1ab3.jpg,D:\Papah\suzukisemarangcenter\TRADA_RAW\cms.suzukihyperlocal.com\IGNIS1ab3.jpg,IGNIS_ARCHIVE,Archive only,Do not publish
IGNISS6149.jpg,.jpg,1.581,1658100,cms.suzukihyperlocal.com\IGNISS6149.jpg,D:\Papah\suzukisemarangcenter\TRADA_RAW\cms.suzukihyperlocal.com\IGNISS6149.jpg,IGNIS_ARCHIVE,Archive only,Do not publish
ignissssss355b.jpg,.jpg,0.869,911163,cms.suzukihyperlocal.com\ignissssss355b.jpg,D:\Papah\suzukisemarangcenter\TRADA_RAW\cms.suzukihyperlocal.com\ignissssss355b.jpg,IGNIS_ARCHIVE,Archive only,Do not publish
IMG_20220727_212534_(1)5067.jpg,.jpg,1.12,1174256,cms.suzukihyperlocal.com\IMG_20220727_212534_(1)5067.jpg,D:\Papah\suzukisemarangcenter\TRADA_RAW\cms.suzukihyperlocal.com\IMG_20220727_212534_(1)5067.jpg,ARCHIVE_UNIDENTIFIED,Unclear legacy asset,Archive until contextual source is confirmed
indikator_mobil2a51.png,.png,0.087,91324,cms.suzukihyperlocal.com\indikator_mobil2a51.png,D:\Papah\suzukisemarangcenter\TRADA_RAW\cms.suzukihyperlocal.com\indikator_mobil2a51.png,ARTICLE_MEDIA,Article / educational / maintenance image,"Blog/SEO article; optional, not homepage"
Ini_Cara_Mencegah_Kerusakan_Kaki-kaki_Mobil3b6a.webp,.webp,0.023,24512,cms.suzukihyperlocal.com\Ini_Cara_Mencegah_Kerusakan_Kaki-kaki_Mobil3b6a.webp,D:\Papah\suzukisemarangcenter\TRADA_RAW\cms.suzukihyperlocal.com\Ini_Cara_Mencegah_Kerusakan_Kaki-kaki_Mobil3b6a.webp,ARTICLE_MEDIA,Article / educational / maintenance image,"Blog/SEO article; optional, not homepage"
Intake-Manifold380b.jpg,.jpg,0.07,73055,cms.suzukihyperlocal.com\Intake-Manifold380b.jpg,D:\Papah\suzukisemarangcenter\TRADA_RAW\cms.suzukihyperlocal.com\Intake-Manifold380b.jpg,ARTICLE_MEDIA,Article / educational / maintenance image,"Blog/SEO article; optional, not homepage"
interiiorr1b8eb.webp,.webp,0.026,27474,cms.suzukihyperlocal.com\interiiorr1b8eb.webp,D:\Papah\suzukisemarangcenter\TRADA_RAW\cms.suzukihyperlocal.com\interiiorr1b8eb.webp,ARCHIVE_UNIDENTIFIED,Unclear legacy asset,Archive until contextual source is confirmed
Interior-18a7c.webp,.webp,0.018,18962,cms.suzukihyperlocal.com\Interior-18a7c.webp,D:\Papah\suzukisemarangcenter\TRADA_RAW\cms.suzukihyperlocal.com\Interior-18a7c.webp,SHARED_INTERIOR,Interior,Relevant product page
Interior-2fd5b.webp,.webp,0.019,19626,cms.suzukihyperlocal.com\Interior-2fd5b.webp,D:\Papah\suzukisemarangcenter\TRADA_RAW\cms.suzukihyperlocal.com\Interior-2fd5b.webp,SHARED_INTERIOR,Interior,Relevant product page
Interior-3e0f4.webp,.webp,0.022,23142,cms.suzukihyperlocal.com\Interior-3e0f4.webp,D:\Papah\suzukisemarangcenter\TRADA_RAW\cms.suzukihyperlocal.com\Interior-3e0f4.webp,SHARED_INTERIOR,Interior,Relevant product page
Interior-467c9.webp,.webp,0.021,22364,cms.suzukihyperlocal.com\Interior-467c9.webp,D:\Papah\suzukisemarangcenter\TRADA_RAW\cms.suzukihyperlocal.com\Interior-467c9.webp,SHARED_INTERIOR,Interior,Relevant product page
Interior-57771.webp,.webp,0.02,20734,cms.suzukihyperlocal.com\Interior-57771.webp,D:\Papah\suzukisemarangcenter\TRADA_RAW\cms.suzukihyperlocal.com\Interior-57771.webp,SHARED_INTERIOR,Interior,Relevant product page
Interior-62fe6.webp,.webp,0.017,18236,cms.suzukihyperlocal.com\Interior-62fe6.webp,D:\Papah\suzukisemarangcenter\TRADA_RAW\cms.suzukihyperlocal.com\Interior-62fe6.webp,SHARED_INTERIOR,Interior,Relevant product page
Interior-77c22.webp,.webp,0.012,12522,cms.suzukihyperlocal.com\Interior-77c22.webp,D:\Papah\suzukisemarangcenter\TRADA_RAW\cms.suzukihyperlocal.com\Interior-77c22.webp,SHARED_INTERIOR,Interior,Relevant product page
Interior01_(2)-JIMNY_3-DOORS1f97.webp,.webp,0.019,19472,cms.suzukihyperlocal.com\Interior01_(2)-JIMNY_3-DOORS1f97.webp,D:\Papah\suzukisemarangcenter\TRADA_RAW\cms.suzukihyperlocal.com\Interior01_(2)-JIMNY_3-DOORS1f97.webp,JIMNY,Product/interior/exterior/color,Product page + catalog
Interior02_(2)-JIMNY_3-DOORS8177.webp,.webp,0.023,24276,cms.suzukihyperlocal.com\Interior02_(2)-JIMNY_3-DOORS8177.webp,D:\Papah\suzukisemarangcenter\TRADA_RAW\cms.suzukihyperlocal.com\Interior02_(2)-JIMNY_3-DOORS8177.webp,JIMNY,Product/interior/exterior/color,Product page + catalog
Interior03_(2)-JIMNY_3-DOORSbbfe.webp,.webp,0.025,26300,cms.suzukihyperlocal.com\Interior03_(2)-JIMNY_3-DOORSbbfe.webp,D:\Papah\suzukisemarangcenter\TRADA_RAW\cms.suzukihyperlocal.com\Interior03_(2)-JIMNY_3-DOORSbbfe.webp,JIMNY,Product/interior/exterior/color,Product page + catalog
Interior04_(1)-JIMNY_3-DOORS4895.webp,.webp,0.018,18728,cms.suzukihyperlocal.com\Interior04_(1)-JIMNY_3-DOORS4895.webp,D:\Papah\suzukisemarangcenter\TRADA_RAW\cms.suzukihyperlocal.com\Interior04_(1)-JIMNY_3-DOORS4895.webp,JIMNY,Product/interior/exterior/color,Product page + catalog
Interior05_(1)1bc9.webp,.webp,0.022,22864,cms.suzukihyperlocal.com\Interior05_(1)1bc9.webp,D:\Papah\suzukisemarangcenter\TRADA_RAW\cms.suzukihyperlocal.com\Interior05_(1)1bc9.webp,SHARED_INTERIOR,Interior,Relevant product page
interior20d3f.webp,.webp,0.015,15964,cms.suzukihyperlocal.com\interior20d3f.webp,D:\Papah\suzukisemarangcenter\TRADA_RAW\cms.suzukihyperlocal.com\interior20d3f.webp,SHARED_INTERIOR,Interior,Relevant product page
interior3215d.webp,.webp,0.026,27136,cms.suzukihyperlocal.com\interior3215d.webp,D:\Papah\suzukisemarangcenter\TRADA_RAW\cms.suzukihyperlocal.com\interior3215d.webp,SHARED_INTERIOR,Interior,Relevant product page
interior40013.webp,.webp,0.019,19658,cms.suzukihyperlocal.com\interior40013.webp,D:\Papah\suzukisemarangcenter\TRADA_RAW\cms.suzukihyperlocal.com\interior40013.webp,SHARED_INTERIOR,Interior,Relevant product page
Interior5a6a.webp,.webp,0.018,18966,cms.suzukihyperlocal.com\Interior5a6a.webp,D:\Papah\suzukisemarangcenter\TRADA_RAW\cms.suzukihyperlocal.com\Interior5a6a.webp,SHARED_INTERIOR,Interior,Relevant product page
interior7e2fe.webp,.webp,0.022,23048,cms.suzukihyperlocal.com\interior7e2fe.webp,D:\Papah\suzukisemarangcenter\TRADA_RAW\cms.suzukihyperlocal.com\interior7e2fe.webp,SHARED_INTERIOR,Interior,Relevant product page
interior8d4d5.webp,.webp,0.025,26454,cms.suzukihyperlocal.com\interior8d4d5.webp,D:\Papah\suzukisemarangcenter\TRADA_RAW\cms.suzukihyperlocal.com\interior8d4d5.webp,SHARED_INTERIOR,Interior,Relevant product page
interiorrr03e5c0.webp,.webp,0.196,205592,cms.suzukihyperlocal.com\interiorrr03e5c0.webp,D:\Papah\suzukisemarangcenter\TRADA_RAW\cms.suzukihyperlocal.com\interiorrr03e5c0.webp,SHARED_INTERIOR,Interior,Relevant product page
interiorrr044c17.webp,.webp,0.31,325280,cms.suzukihyperlocal.com\interiorrr044c17.webp,D:\Papah\suzukisemarangcenter\TRADA_RAW\cms.suzukihyperlocal.com\interiorrr044c17.webp,SHARED_INTERIOR,Interior,Relevant product page
Interior_1-JIMNY_5-DOORS0ec6.webp,.webp,0.003,3502,cms.suzukihyperlocal.com\Interior_1-JIMNY_5-DOORS0ec6.webp,D:\Papah\suzukisemarangcenter\TRADA_RAW\cms.suzukihyperlocal.com\Interior_1-JIMNY_5-DOORS0ec6.webp,JIMNY_5,Product/interior/exterior/color,Product page + catalog
Interior_2-JIMNY_5-DOORS3999.webp,.webp,0.007,7454,cms.suzukihyperlocal.com\Interior_2-JIMNY_5-DOORS3999.webp,D:\Papah\suzukisemarangcenter\TRADA_RAW\cms.suzukihyperlocal.com\Interior_2-JIMNY_5-DOORS3999.webp,JIMNY_5,Product/interior/exterior/color,Product page + catalog
Interior_3-JIMNY_5-DOORS71d6.webp,.webp,0.005,5582,cms.suzukihyperlocal.com\Interior_3-JIMNY_5-DOORS71d6.webp,D:\Papah\suzukisemarangcenter\TRADA_RAW\cms.suzukihyperlocal.com\Interior_3-JIMNY_5-DOORS71d6.webp,JIMNY_5,Product/interior/exterior/color,Product page + catalog
Interior_4-JIMNY_5-DOORS5857.webp,.webp,0.005,4956,cms.suzukihyperlocal.com\Interior_4-JIMNY_5-DOORS5857.webp,D:\Papah\suzukisemarangcenter\TRADA_RAW\cms.suzukihyperlocal.com\Interior_4-JIMNY_5-DOORS5857.webp,JIMNY_5,Product/interior/exterior/color,Product page + catalog
Interior_5-JIMNY_5-DOORS9e39.webp,.webp,0.006,5850,cms.suzukihyperlocal.com\Interior_5-JIMNY_5-DOORS9e39.webp,D:\Papah\suzukisemarangcenter\TRADA_RAW\cms.suzukihyperlocal.com\Interior_5-JIMNY_5-DOORS9e39.webp,JIMNY_5,Product/interior/exterior/color,Product page + catalog
Interior_6-JIMNY_5-DOORS436f.webp,.webp,0.007,7184,cms.suzukihyperlocal.com\Interior_6-JIMNY_5-DOORS436f.webp,D:\Papah\suzukisemarangcenter\TRADA_RAW\cms.suzukihyperlocal.com\Interior_6-JIMNY_5-DOORS436f.webp,JIMNY_5,Product/interior/exterior/color,Product page + catalog
Interior_7-JIMNY_5-DOORSba04.webp,.webp,0.008,8380,cms.suzukihyperlocal.com\Interior_7-JIMNY_5-DOORSba04.webp,D:\Papah\suzukisemarangcenter\TRADA_RAW\cms.suzukihyperlocal.com\Interior_7-JIMNY_5-DOORSba04.webp,JIMNY_5,Product/interior/exterior/color,Product page + catalog
Interior_8-JIMNY_5-DOORS59ea.webp,.webp,0.005,5088,cms.suzukihyperlocal.com\Interior_8-JIMNY_5-DOORS59ea.webp,D:\Papah\suzukisemarangcenter\TRADA_RAW\cms.suzukihyperlocal.com\Interior_8-JIMNY_5-DOORS59ea.webp,JIMNY_5,Product/interior/exterior/color,Product page + catalog
interiot627d3.webp,.webp,0.022,23402,cms.suzukihyperlocal.com\interiot627d3.webp,D:\Papah\suzukisemarangcenter\TRADA_RAW\cms.suzukihyperlocal.com\interiot627d3.webp,ARCHIVE_UNIDENTIFIED,Unclear legacy asset,Archive until contextual source is confirmed
Jenis_Pintu_Mobil_Dealer_Suzuki99f6.jpg,.jpg,0.362,379447,cms.suzukihyperlocal.com\Jenis_Pintu_Mobil_Dealer_Suzuki99f6.jpg,D:\Papah\suzukisemarangcenter\TRADA_RAW\cms.suzukihyperlocal.com\Jenis_Pintu_Mobil_Dealer_Suzuki99f6.jpg,ARTICLE_MEDIA,Article / educational / maintenance image,"Blog/SEO article; optional, not homepage"
jenis_sim_dealer_suzukiee2a.jpg,.jpg,0.06,63333,cms.suzukihyperlocal.com\jenis_sim_dealer_suzukiee2a.jpg,D:\Papah\suzukisemarangcenter\TRADA_RAW\cms.suzukihyperlocal.com\jenis_sim_dealer_suzukiee2a.jpg,ARTICLE_MEDIA,Article / educational / maintenance image,"Blog/SEO article; optional, not homepage"
kabel_busi_mobil_dealer_suzuki6404.png,.png,0.244,256296,cms.suzukihyperlocal.com\kabel_busi_mobil_dealer_suzuki6404.png,D:\Papah\suzukisemarangcenter\TRADA_RAW\cms.suzukihyperlocal.com\kabel_busi_mobil_dealer_suzuki6404.png,ARCHIVE_UNIDENTIFIED,Unclear legacy asset,Archive until contextual source is confirmed
kartini-2c177.jpg,.jpg,0.46,482540,cms.suzukihyperlocal.com\kartini-2c177.jpg,D:\Papah\suzukisemarangcenter\TRADA_RAW\cms.suzukihyperlocal.com\kartini-2c177.jpg,ARTICLE_OR_PROMO_ARCHIVE,Legacy article/promo asset,Archive; use only when content is intentionally republished
kilas-balik-suzuki-indonesia-2020-tetap-pacu-kinerja-meski-pandemi-melanda067f.jpg,.jpg,0.356,373690,cms.suzukihyperlocal.com\kilas-balik-suzuki-indonesia-2020-tetap-pacu-kinerja-meski-pandemi-melanda067f.jpg,D:\Papah\suzukisemarangcenter\TRADA_RAW\cms.suzukihyperlocal.com\kilas-balik-suzuki-indonesia-2020-tetap-pacu-kinerja-meski-pandemi-melanda067f.jpg,ARTICLE_OR_PROMO_ARCHIVE,Legacy article/promo asset,Archive; use only when content is intentionally republished
kinetic_yellow-JIMNY_3-DOORS5318.webp,.webp,0.034,35854,cms.suzukihyperlocal.com\kinetic_yellow-JIMNY_3-DOORS5318.webp,D:\Papah\suzukisemarangcenter\TRADA_RAW\cms.suzukihyperlocal.com\kinetic_yellow-JIMNY_3-DOORS5318.webp,JIMNY,Product/interior/exterior/color,Product page + catalog
KOMITMEN8064.jpg,.jpg,0.568,595232,cms.suzukihyperlocal.com\KOMITMEN8064.jpg,D:\Papah\suzukisemarangcenter\TRADA_RAW\cms.suzukihyperlocal.com\KOMITMEN8064.jpg,ARCHIVE_UNIDENTIFIED,Unclear legacy asset,Archive until contextual source is confirmed
komponen_mobil_manual_dealer_suzuki26ad.png,.png,0.164,172191,cms.suzukihyperlocal.com\komponen_mobil_manual_dealer_suzuki26ad.png,D:\Papah\suzukisemarangcenter\TRADA_RAW\cms.suzukihyperlocal.com\komponen_mobil_manual_dealer_suzuki26ad.png,ARTICLE_MEDIA,Article / educational / maintenance image,"Blog/SEO article; optional, not homepage"
kontes-modifikasi-digital-suzuki-terus-berinovasi-berakhir-inilah-para-pemenangnya85dd.jpg,.jpg,0.287,300935,cms.suzukihyperlocal.com\kontes-modifikasi-digital-suzuki-terus-berinovasi-berakhir-inilah-para-pemenangnya85dd.jpg,D:\Papah\suzukisemarangcenter\TRADA_RAW\cms.suzukihyperlocal.com\kontes-modifikasi-digital-suzuki-terus-berinovasi-berakhir-inilah-para-pemenangnya85dd.jpg,ARTICLE_OR_PROMO_ARCHIVE,Legacy article/promo asset,Archive; use only when content is intentionally republished
lokasi_latihan_mobil_dealer_suzuki3db1.png,.png,0.291,304647,cms.suzukihyperlocal.com\lokasi_latihan_mobil_dealer_suzuki3db1.png,D:\Papah\suzukisemarangcenter\TRADA_RAW\cms.suzukihyperlocal.com\lokasi_latihan_mobil_dealer_suzuki3db1.png,ARTICLE_MEDIA,Article / educational / maintenance image,"Blog/SEO article; optional, not homepage"
loker-1ed69.jpg,.jpg,0.483,506639,cms.suzukihyperlocal.com\loker-1ed69.jpg,D:\Papah\suzukisemarangcenter\TRADA_RAW\cms.suzukihyperlocal.com\loker-1ed69.jpg,ARTICLE_OR_PROMO_ARCHIVE,Legacy article/promo asset,Archive; use only when content is intentionally republished
loker-20d07.jpg,.jpg,0.211,221107,cms.suzukihyperlocal.com\loker-20d07.jpg,D:\Papah\suzukisemarangcenter\TRADA_RAW\cms.suzukihyperlocal.com\loker-20d07.jpg,ARTICLE_OR_PROMO_ARCHIVE,Legacy article/promo asset,Archive; use only when content is intentionally republished
LOKER410f.jpg,.jpg,0.367,384386,cms.suzukihyperlocal.com\LOKER410f.jpg,D:\Papah\suzukisemarangcenter\TRADA_RAW\cms.suzukihyperlocal.com\LOKER410f.jpg,ARTICLE_OR_PROMO_ARCHIVE,Legacy article/promo asset,Archive; use only when content is intentionally republished
manfaat_mobil_listrik_dealer_suzuki4687.png,.png,0.203,213320,cms.suzukihyperlocal.com\manfaat_mobil_listrik_dealer_suzuki4687.png,D:\Papah\suzukisemarangcenter\TRADA_RAW\cms.suzukihyperlocal.com\manfaat_mobil_listrik_dealer_suzuki4687.png,ARTICLE_MEDIA,Article / educational / maintenance image,"Blog/SEO article; optional, not homepage"
masker1b3dc.jpg,.jpg,0.14,146309,cms.suzukihyperlocal.com\masker1b3dc.jpg,D:\Papah\suzukisemarangcenter\TRADA_RAW\cms.suzukihyperlocal.com\masker1b3dc.jpg,ARCHIVE_UNIDENTIFIED,Unclear legacy asset,Archive until contextual source is confirmed
mechanic-hand-checking-fixing-broken-car-car-service-garage_146671-19718177b.jpg,.jpg,0.076,80179,cms.suzukihyperlocal.com\mechanic-hand-checking-fixing-broken-car-car-service-garage_146671-19718177b.jpg,D:\Papah\suzukisemarangcenter\TRADA_RAW\cms.suzukihyperlocal.com\mechanic-hand-checking-fixing-broken-car-car-service-garage_146671-19718177b.jpg,ARCHIVE_UNIDENTIFIED,Unclear legacy asset,Archive until contextual source is confirmed
medium_grey-JIMNY_3-DOORS5cac.webp,.webp,0.033,34870,cms.suzukihyperlocal.com\medium_grey-JIMNY_3-DOORS5cac.webp,D:\Papah\suzukisemarangcenter\TRADA_RAW\cms.suzukihyperlocal.com\medium_grey-JIMNY_3-DOORS5cac.webp,JIMNY,Product/interior/exterior/color,Product page + catalog
mekanik-Handalcf74.jpg,.jpg,0.256,268821,cms.suzukihyperlocal.com\mekanik-Handalcf74.jpg,D:\Papah\suzukisemarangcenter\TRADA_RAW\cms.suzukihyperlocal.com\mekanik-Handalcf74.jpg,ARCHIVE_UNIDENTIFIED,Unclear legacy asset,Archive until contextual source is confirmed
Mello-Deep-Red-ALL_NEW_ERTIGAd3d4.webp,.webp,0.055,57182,cms.suzukihyperlocal.com\Mello-Deep-Red-ALL_NEW_ERTIGAd3d4.webp,D:\Papah\suzukisemarangcenter\TRADA_RAW\cms.suzukihyperlocal.com\Mello-Deep-Red-ALL_NEW_ERTIGAd3d4.webp,ERTIGA_HYBRID,Product/color/interior,Product page + catalog
menderek_mobil_mogok_dealer_suzuki972c.png,.png,0.121,126901,cms.suzukihyperlocal.com\menderek_mobil_mogok_dealer_suzuki972c.png,D:\Papah\suzukisemarangcenter\TRADA_RAW\cms.suzukihyperlocal.com\menderek_mobil_mogok_dealer_suzuki972c.png,ARTICLE_MEDIA,Article / educational / maintenance image,"Blog/SEO article; optional, not homepage"
mengatasi_storing_audio_mobil_dealer_suzukib152.jpg,.jpg,0.078,81926,cms.suzukihyperlocal.com\mengatasi_storing_audio_mobil_dealer_suzukib152.jpg,D:\Papah\suzukisemarangcenter\TRADA_RAW\cms.suzukihyperlocal.com\mengatasi_storing_audio_mobil_dealer_suzukib152.jpg,ARTICLE_MEDIA,Article / educational / maintenance image,"Blog/SEO article; optional, not homepage"
mengemudi_dijalan_becek8bd7.jpg,.jpg,0.141,148161,cms.suzukihyperlocal.com\mengemudi_dijalan_becek8bd7.jpg,D:\Papah\suzukisemarangcenter\TRADA_RAW\cms.suzukihyperlocal.com\mengemudi_dijalan_becek8bd7.jpg,ARTICLE_MEDIA,Article / educational / maintenance image,"Blog/SEO article; optional, not homepage"
menjaga-mobil-agar-tetap-amanc114.jpg,.jpg,0.06,62983,cms.suzukihyperlocal.com\menjaga-mobil-agar-tetap-amanc114.jpg,D:\Papah\suzukisemarangcenter\TRADA_RAW\cms.suzukihyperlocal.com\menjaga-mobil-agar-tetap-amanc114.jpg,ARTICLE_MEDIA,Article / educational / maintenance image,"Blog/SEO article; optional, not homepage"
merawat-pintu-mobil34bc.jpg,.jpg,0.046,48003,cms.suzukihyperlocal.com\merawat-pintu-mobil34bc.jpg,D:\Papah\suzukisemarangcenter\TRADA_RAW\cms.suzukihyperlocal.com\merawat-pintu-mobil34bc.jpg,ARTICLE_MEDIA,Article / educational / maintenance image,"Blog/SEO article; optional, not homepage"
Metalic-Magma-Gray-Primary-ALL_NEW_ERTIGAa908.webp,.webp,0.054,56820,cms.suzukihyperlocal.com\Metalic-Magma-Gray-Primary-ALL_NEW_ERTIGAa908.webp,D:\Papah\suzukisemarangcenter\TRADA_RAW\cms.suzukihyperlocal.com\Metalic-Magma-Gray-Primary-ALL_NEW_ERTIGAa908.webp,ERTIGA_HYBRID,Product/color/interior,Product page + catalog
minyak-rem1edd.jpg,.jpg,0.041,42971,cms.suzukihyperlocal.com\minyak-rem1edd.jpg,D:\Papah\suzukisemarangcenter\TRADA_RAW\cms.suzukihyperlocal.com\minyak-rem1edd.jpg,ARTICLE_MEDIA,Article / educational / maintenance image,"Blog/SEO article; optional, not homepage"
minyak_rem_dealer_suzuki081a.png,.png,0.252,264447,cms.suzukihyperlocal.com\minyak_rem_dealer_suzuki081a.png,D:\Papah\suzukisemarangcenter\TRADA_RAW\cms.suzukihyperlocal.com\minyak_rem_dealer_suzuki081a.png,ARCHIVE_UNIDENTIFIED,Unclear legacy asset,Archive until contextual source is confirmed
mobil-suzuki-produksi-2021-kini-dilengkapi-alat-pemadam-api-ringan_thumb22aa.png,.png,0.066,69438,cms.suzukihyperlocal.com\mobil-suzuki-produksi-2021-kini-dilengkapi-alat-pemadam-api-ringan_thumb22aa.png,D:\Papah\suzukisemarangcenter\TRADA_RAW\cms.suzukihyperlocal.com\mobil-suzuki-produksi-2021-kini-dilengkapi-alat-pemadam-api-ringan_thumb22aa.png,ARTICLE_MEDIA,Article image,Blog/SEO article
MOBILE50a2.jpg,.jpg,0.909,953315,cms.suzukihyperlocal.com\MOBILE50a2.jpg,D:\Papah\suzukisemarangcenter\TRADA_RAW\cms.suzukihyperlocal.com\MOBILE50a2.jpg,ARCHIVE_UNIDENTIFIED,Unclear legacy asset,Archive until contextual source is confirmed
mobl_berwarna_hitam_xl7_dealer_suzuki7ed5.png,.png,0.417,437610,cms.suzukihyperlocal.com\mobl_berwarna_hitam_xl7_dealer_suzuki7ed5.png,D:\Papah\suzukisemarangcenter\TRADA_RAW\cms.suzukihyperlocal.com\mobl_berwarna_hitam_xl7_dealer_suzuki7ed5.png,XL7_HYBRID,Product asset,Homepage hero + product page
New-Prime-Graphite-Grey-NEW_CARRY_PICK-UP6209.webp,.webp,0.044,46092,cms.suzukihyperlocal.com\New-Prime-Graphite-Grey-NEW_CARRY_PICK-UP6209.webp,D:\Papah\suzukisemarangcenter\TRADA_RAW\cms.suzukihyperlocal.com\New-Prime-Graphite-Grey-NEW_CARRY_PICK-UP6209.webp,NEW_CARRY,Product/color,Product page + catalog
NKRI-22234.jpg,.jpg,0.197,206990,cms.suzukihyperlocal.com\NKRI-22234.jpg,D:\Papah\suzukisemarangcenter\TRADA_RAW\cms.suzukihyperlocal.com\NKRI-22234.jpg,ARCHIVE_UNIDENTIFIED,Unclear legacy asset,Archive until contextual source is confirmed
off-road-tire-on-car-extreme-sport-SBI-30109074287fc.jpg,.jpg,0.146,153003,cms.suzukihyperlocal.com\off-road-tire-on-car-extreme-sport-SBI-30109074287fc.jpg,D:\Papah\suzukisemarangcenter\TRADA_RAW\cms.suzukihyperlocal.com\off-road-tire-on-car-extreme-sport-SBI-30109074287fc.jpg,ARCHIVE_UNIDENTIFIED,Unclear legacy asset,Archive until contextual source is confirmed
pajak_progresif_dealer_suzukiab47.jpg,.jpg,0.047,48959,cms.suzukihyperlocal.com\pajak_progresif_dealer_suzukiab47.jpg,D:\Papah\suzukisemarangcenter\TRADA_RAW\cms.suzukihyperlocal.com\pajak_progresif_dealer_suzukiab47.jpg,ARCHIVE_UNIDENTIFIED,Unclear legacy asset,Archive until contextual source is confirmed
PAKET-SERVIS-ARUS-BALIK5569.jpg,.jpg,1.316,1379748,cms.suzukihyperlocal.com\PAKET-SERVIS-ARUS-BALIK5569.jpg,D:\Papah\suzukisemarangcenter\TRADA_RAW\cms.suzukihyperlocal.com\PAKET-SERVIS-ARUS-BALIK5569.jpg,ARTICLE_OR_PROMO_ARCHIVE,Legacy article/promo asset,Archive; use only when content is intentionally republished
paket-servis6cff.jpg,.jpg,0.234,245362,cms.suzukihyperlocal.com\paket-servis6cff.jpg,D:\Papah\suzukisemarangcenter\TRADA_RAW\cms.suzukihyperlocal.com\paket-servis6cff.jpg,ARTICLE_OR_PROMO_ARCHIVE,Legacy article/promo asset,Archive; use only when content is intentionally republished
parkir_mobil_matic_dealer_suzukie6e1.png,.png,0.081,85292,cms.suzukihyperlocal.com\parkir_mobil_matic_dealer_suzukie6e1.png,D:\Papah\suzukisemarangcenter\TRADA_RAW\cms.suzukihyperlocal.com\parkir_mobil_matic_dealer_suzukie6e1.png,ARTICLE_MEDIA,Article / educational / maintenance image,"Blog/SEO article; optional, not homepage"
Pearl-Snow-White-ALL_NEW_ERTIGA34e4.webp,.webp,0.054,56596,cms.suzukihyperlocal.com\Pearl-Snow-White-ALL_NEW_ERTIGA34e4.webp,D:\Papah\suzukisemarangcenter\TRADA_RAW\cms.suzukihyperlocal.com\Pearl-Snow-White-ALL_NEW_ERTIGA34e4.webp,ERTIGA_HYBRID,Product/color/interior,Product page + catalog
pearl-snow-white-SGX1d7b.png,.png,0.43,450757,cms.suzukihyperlocal.com\pearl-snow-white-SGX1d7b.png,D:\Papah\suzukisemarangcenter\TRADA_RAW\cms.suzukihyperlocal.com\pearl-snow-white-SGX1d7b.png,FRONX,Exterior/color/variant,Product page + catalog
pearl_pure_white-JIMNY_3-DOORSf4bb.webp,.webp,0.034,35450,cms.suzukihyperlocal.com\pearl_pure_white-JIMNY_3-DOORSf4bb.webp,D:\Papah\suzukisemarangcenter\TRADA_RAW\cms.suzukihyperlocal.com\pearl_pure_white-JIMNY_3-DOORSf4bb.webp,JIMNY,Product/interior/exterior/color,Product page + catalog
PEARL_SNOW_WHITE-CRUISEa509.webp,.webp,0.096,100474,cms.suzukihyperlocal.com\PEARL_SNOW_WHITE-CRUISEa509.webp,D:\Papah\suzukisemarangcenter\TRADA_RAW\cms.suzukihyperlocal.com\PEARL_SNOW_WHITE-CRUISEa509.webp,FRONX,Exterior/color/variant,Product page + catalog
pedal_kopling_dealer_suzuki95eb.JPG,.jpg,0.029,30135,cms.suzukihyperlocal.com\pedal_kopling_dealer_suzuki95eb.JPG,D:\Papah\suzukisemarangcenter\TRADA_RAW\cms.suzukihyperlocal.com\pedal_kopling_dealer_suzuki95eb.JPG,ARTICLE_MEDIA,Article / educational / maintenance image,"Blog/SEO article; optional, not homepage"
Pelanggan-482c0.jpg,.jpg,0.379,397617,cms.suzukihyperlocal.com\Pelanggan-482c0.jpg,D:\Papah\suzukisemarangcenter\TRADA_RAW\cms.suzukihyperlocal.com\Pelanggan-482c0.jpg,ARCHIVE_UNIDENTIFIED,Unclear legacy asset,Archive until contextual source is confirmed
pentingnya-fitur-smart-e-mirror-pada-suzuki-xl7_thumb404e.png,.png,0.327,343125,cms.suzukihyperlocal.com\pentingnya-fitur-smart-e-mirror-pada-suzuki-xl7_thumb404e.png,D:\Papah\suzukisemarangcenter\TRADA_RAW\cms.suzukihyperlocal.com\pentingnya-fitur-smart-e-mirror-pada-suzuki-xl7_thumb404e.png,XL7_HYBRID,Product asset,Homepage hero + product page
penyebab_bunyi_gluduk_dealer_suzuki8007.jpg,.jpg,0.049,51057,cms.suzukihyperlocal.com\penyebab_bunyi_gluduk_dealer_suzuki8007.jpg,D:\Papah\suzukisemarangcenter\TRADA_RAW\cms.suzukihyperlocal.com\penyebab_bunyi_gluduk_dealer_suzuki8007.jpg,ARTICLE_MEDIA,Article / educational / maintenance image,"Blog/SEO article; optional, not homepage"
penyebab_kopling_mobil_keras_dealer_suzukib144.JPG,.jpg,0.023,24266,cms.suzukihyperlocal.com\penyebab_kopling_mobil_keras_dealer_suzukib144.JPG,D:\Papah\suzukisemarangcenter\TRADA_RAW\cms.suzukihyperlocal.com\penyebab_kopling_mobil_keras_dealer_suzukib144.JPG,ARTICLE_MEDIA,Article / educational / maintenance image,"Blog/SEO article; optional, not homepage"
power_steering_mobil_dealer_suzukica1e.jpg,.jpg,0.102,107014,cms.suzukihyperlocal.com\power_steering_mobil_dealer_suzukica1e.jpg,D:\Papah\suzukisemarangcenter\TRADA_RAW\cms.suzukihyperlocal.com\power_steering_mobil_dealer_suzukica1e.jpg,ARTICLE_MEDIA,Article / educational / maintenance image,"Blog/SEO article; optional, not homepage"
PPNBM-0-harga-naikb1ab.jpg,.jpg,0.328,343495,cms.suzukihyperlocal.com\PPNBM-0-harga-naikb1ab.jpg,D:\Papah\suzukisemarangcenter\TRADA_RAW\cms.suzukihyperlocal.com\PPNBM-0-harga-naikb1ab.jpg,ARTICLE_OR_PROMO_ARCHIVE,Legacy article/promo asset,Archive; use only when content is intentionally republished
PPNBMaa6f.jpg,.jpg,0.306,321119,cms.suzukihyperlocal.com\PPNBMaa6f.jpg,D:\Papah\suzukisemarangcenter\TRADA_RAW\cms.suzukihyperlocal.com\PPNBMaa6f.jpg,ARTICLE_OR_PROMO_ARCHIVE,Legacy article/promo asset,Archive; use only when content is intentionally republished
PU-50%ae13.jpg,.jpg,0.388,406903,cms.suzukihyperlocal.com\PU-50%ae13.jpg,D:\Papah\suzukisemarangcenter\TRADA_RAW\cms.suzukihyperlocal.com\PU-50%ae13.jpg,ARTICLE_OR_PROMO_ARCHIVE,Legacy article/promo asset,Archive; use only when content is intentionally republished
PU-Imlek0b0d.jpg,.jpg,0.261,273825,cms.suzukihyperlocal.com\PU-Imlek0b0d.jpg,D:\Papah\suzukisemarangcenter\TRADA_RAW\cms.suzukihyperlocal.com\PU-Imlek0b0d.jpg,ARTICLE_OR_PROMO_ARCHIVE,Legacy article/promo asset,Archive; use only when content is intentionally republished
PU-USAHA9656.jpg,.jpg,1.271,1333237,cms.suzukihyperlocal.com\PU-USAHA9656.jpg,D:\Papah\suzukisemarangcenter\TRADA_RAW\cms.suzukihyperlocal.com\PU-USAHA9656.jpg,ARTICLE_OR_PROMO_ARCHIVE,Legacy article/promo asset,Archive; use only when content is intentionally republished
PU46bc.jpg,.jpg,0.248,259677,cms.suzukihyperlocal.com\PU46bc.jpg,D:\Papah\suzukisemarangcenter\TRADA_RAW\cms.suzukihyperlocal.com\PU46bc.jpg,ARCHIVE_UNIDENTIFIED,Unclear legacy asset,Archive until contextual source is confirmed
radiator_flush_dealer_suzukidd7a.png,.png,0.724,759320,cms.suzukihyperlocal.com\radiator_flush_dealer_suzukidd7a.png,D:\Papah\suzukisemarangcenter\TRADA_RAW\cms.suzukihyperlocal.com\radiator_flush_dealer_suzukidd7a.png,ARTICLE_MEDIA,Article / educational / maintenance image,"Blog/SEO article; optional, not homepage"
Rajanya-Pick-upc138.jpg,.jpg,0.075,78367,cms.suzukihyperlocal.com\Rajanya-Pick-upc138.jpg,D:\Papah\suzukisemarangcenter\TRADA_RAW\cms.suzukihyperlocal.com\Rajanya-Pick-upc138.jpg,ARTICLE_OR_PROMO_ARCHIVE,Legacy article/promo asset,Archive; use only when content is intentionally republished
Real-Black-NEW_CARRY_PICK-UPe84c.webp,.webp,0.042,44368,cms.suzukihyperlocal.com\Real-Black-NEW_CARRY_PICK-UPe84c.webp,D:\Papah\suzukisemarangcenter\TRADA_RAW\cms.suzukihyperlocal.com\Real-Black-NEW_CARRY_PICK-UPe84c.webp,NEW_CARRY,Product/color,Product page + catalog
red-APV_ARENA9435.webp,.webp,0.048,50828,cms.suzukihyperlocal.com\red-APV_ARENA9435.webp,D:\Papah\suzukisemarangcenter\TRADA_RAW\cms.suzukihyperlocal.com\red-APV_ARENA9435.webp,LEGACY_PRODUCT_ARCHIVE,APV product asset,Archive only; not current primary lineup
Red-S-PRESSO6c73.webp,.webp,0.06,62520,cms.suzukihyperlocal.com\Red-S-PRESSO6c73.webp,D:\Papah\suzukisemarangcenter\TRADA_RAW\cms.suzukihyperlocal.com\Red-S-PRESSO6c73.webp,S_PRESSO,Product asset,Product page + catalog
rem_cakram_Dealer_suzukiee99.JPG,.jpg,0.035,36888,cms.suzukihyperlocal.com\rem_cakram_Dealer_suzukiee99.JPG,D:\Papah\suzukisemarangcenter\TRADA_RAW\cms.suzukihyperlocal.com\rem_cakram_Dealer_suzukiee99.JPG,ARTICLE_MEDIA,Article / educational / maintenance image,"Blog/SEO article; optional, not homepage"
rocker_arm_dealer_suzuki83cb.jpg,.jpg,0.152,159885,cms.suzukihyperlocal.com\rocker_arm_dealer_suzuki83cb.jpg,D:\Papah\suzukisemarangcenter\TRADA_RAW\cms.suzukihyperlocal.com\rocker_arm_dealer_suzuki83cb.jpg,ARTICLE_MEDIA,Article / educational / maintenance image,"Blog/SEO article; optional, not homepage"
savana-ivory-SGXee76.png,.png,0.452,473735,cms.suzukihyperlocal.com\savana-ivory-SGXee76.png,D:\Papah\suzukisemarangcenter\TRADA_RAW\cms.suzukihyperlocal.com\savana-ivory-SGXee76.png,FRONX,Exterior/color/variant,Product page + catalog
semakind6c9.jpg,.jpg,0.416,435809,cms.suzukihyperlocal.com\semakind6c9.jpg,D:\Papah\suzukisemarangcenter\TRADA_RAW\cms.suzukihyperlocal.com\semakind6c9.jpg,ARCHIVE_UNIDENTIFIED,Unclear legacy asset,Archive until contextual source is confirmed
sensor_ect_dealer_suzuki_(1)8e4f.jpg,.jpg,0.018,19201,cms.suzukihyperlocal.com\sensor_ect_dealer_suzuki_(1)8e4f.jpg,D:\Papah\suzukisemarangcenter\TRADA_RAW\cms.suzukihyperlocal.com\sensor_ect_dealer_suzuki_(1)8e4f.jpg,ARTICLE_MEDIA,Article / educational / maintenance image,"Blog/SEO article; optional, not homepage"
servis-2c3b7.jpg,.jpg,0.168,175741,cms.suzukihyperlocal.com\servis-2c3b7.jpg,D:\Papah\suzukisemarangcenter\TRADA_RAW\cms.suzukihyperlocal.com\servis-2c3b7.jpg,ARCHIVE_UNIDENTIFIED,Unclear legacy asset,Archive until contextual source is confirmed
Silky-Silver-ALL_NEW_ERTIGA26ac.webp,.webp,0.053,55824,cms.suzukihyperlocal.com\Silky-Silver-ALL_NEW_ERTIGA26ac.webp,D:\Papah\suzukisemarangcenter\TRADA_RAW\cms.suzukihyperlocal.com\Silky-Silver-ALL_NEW_ERTIGA26ac.webp,ERTIGA_HYBRID,Product/color/interior,Product page + catalog
Silky-Silver-NEW_CARRY_PICK-UP5b0e.webp,.webp,0.036,37402,cms.suzukihyperlocal.com\Silky-Silver-NEW_CARRY_PICK-UP5b0e.webp,D:\Papah\suzukisemarangcenter\TRADA_RAW\cms.suzukihyperlocal.com\Silky-Silver-NEW_CARRY_PICK-UP5b0e.webp,NEW_CARRY,Product/color,Product page + catalog
Silkysilver-S-PRESSOb2d0.webp,.webp,0.054,56268,cms.suzukihyperlocal.com\Silkysilver-S-PRESSOb2d0.webp,D:\Papah\suzukisemarangcenter\TRADA_RAW\cms.suzukihyperlocal.com\Silkysilver-S-PRESSOb2d0.webp,S_PRESSO,Product asset,Product page + catalog
silky_silver_metallic-JIMNY_3-DOORS0b68.webp,.webp,0.034,35524,cms.suzukihyperlocal.com\silky_silver_metallic-JIMNY_3-DOORS0b68.webp,D:\Papah\suzukisemarangcenter\TRADA_RAW\cms.suzukihyperlocal.com\silky_silver_metallic-JIMNY_3-DOORS0b68.webp,JIMNY,Product/interior/exterior/color,Product page + catalog
silver-APV_ARENA9b6a.webp,.webp,0.05,52412,cms.suzukihyperlocal.com\silver-APV_ARENA9b6a.webp,D:\Papah\suzukisemarangcenter\TRADA_RAW\cms.suzukihyperlocal.com\silver-APV_ARENA9b6a.webp,LEGACY_PRODUCT_ARCHIVE,APV product asset,Archive only; not current primary lineup
sistem_pengisian_mobil_dealer_suzuki06de.jpg,.jpg,0.099,104205,cms.suzukihyperlocal.com\sistem_pengisian_mobil_dealer_suzuki06de.jpg,D:\Papah\suzukisemarangcenter\TRADA_RAW\cms.suzukihyperlocal.com\sistem_pengisian_mobil_dealer_suzuki06de.jpg,ARTICLE_MEDIA,Article / educational / maintenance image,"Blog/SEO article; optional, not homepage"
Sizzle_Orange-White-S-PRESSOdc39.webp,.webp,0.06,62578,cms.suzukihyperlocal.com\Sizzle_Orange-White-S-PRESSOdc39.webp,D:\Papah\suzukisemarangcenter\TRADA_RAW\cms.suzukihyperlocal.com\Sizzle_Orange-White-S-PRESSOdc39.webp,S_PRESSO,Product asset,Product page + catalog
ssda68.jpg,.jpg,0.448,469827,cms.suzukihyperlocal.com\ssda68.jpg,D:\Papah\suzukisemarangcenter\TRADA_RAW\cms.suzukihyperlocal.com\ssda68.jpg,ARCHIVE_UNIDENTIFIED,Unclear legacy asset,Archive until contextual source is confirmed
SST1121.jpg,.jpg,0.256,268210,cms.suzukihyperlocal.com\SST1121.jpg,D:\Papah\suzukisemarangcenter\TRADA_RAW\cms.suzukihyperlocal.com\SST1121.jpg,ARCHIVE_UNIDENTIFIED,Unclear legacy asset,Archive until contextual source is confirmed
sufi-1fef4.jpg,.jpg,0.966,1013243,cms.suzukihyperlocal.com\sufi-1fef4.jpg,D:\Papah\suzukisemarangcenter\TRADA_RAW\cms.suzukihyperlocal.com\sufi-1fef4.jpg,ARCHIVE_UNIDENTIFIED,Unclear legacy asset,Archive until contextual source is confirmed
Sultan-Sayur1c9a.jpg,.jpg,1.05,1100756,cms.suzukihyperlocal.com\Sultan-Sayur1c9a.jpg,D:\Papah\suzukisemarangcenter\TRADA_RAW\cms.suzukihyperlocal.com\Sultan-Sayur1c9a.jpg,ARTICLE_OR_PROMO_ARCHIVE,Legacy article/promo asset,Archive; use only when content is intentionally republished
suzuki-berikan-servis-kendaraan-gratis-bagi-korban-banjir-kalimantan-selatan_thumb09f8.png,.png,0.345,361952,cms.suzukihyperlocal.com\suzuki-berikan-servis-kendaraan-gratis-bagi-korban-banjir-kalimantan-selatan_thumb09f8.png,D:\Papah\suzukisemarangcenter\TRADA_RAW\cms.suzukihyperlocal.com\suzuki-berikan-servis-kendaraan-gratis-bagi-korban-banjir-kalimantan-selatan_thumb09f8.png,ARTICLE_MEDIA,Article image,Blog/SEO article
Suzuki-Ertiga-Hybrid-GX-Hero-[FLIP]-BRAVE-KHAKI-[FIX-LAYERS]_1-GX83ca.webp,.webp,0.053,55368,cms.suzukihyperlocal.com\Suzuki-Ertiga-Hybrid-GX-Hero-[FLIP]-BRAVE-KHAKI-[FIX-LAYERS]_1-GX83ca.webp,D:\Papah\suzukisemarangcenter\TRADA_RAW\cms.suzukihyperlocal.com\Suzuki-Ertiga-Hybrid-GX-Hero-[FLIP]-BRAVE-KHAKI-[FIX-LAYERS]_1-GX83ca.webp,ERTIGA_HYBRID,Product/color/interior,Product page + catalog
Suzuki-Ertiga-Hybrid-GX-Hero-[FLIP]-COOL-BLACK-[FIX-LAYERS]_1-GXfc6d.webp,.webp,0.051,53820,cms.suzukihyperlocal.com\Suzuki-Ertiga-Hybrid-GX-Hero-[FLIP]-COOL-BLACK-[FIX-LAYERS]_1-GXfc6d.webp,D:\Papah\suzukisemarangcenter\TRADA_RAW\cms.suzukihyperlocal.com\Suzuki-Ertiga-Hybrid-GX-Hero-[FLIP]-COOL-BLACK-[FIX-LAYERS]_1-GXfc6d.webp,ERTIGA_HYBRID,Product/color/interior,Product page + catalog
Suzuki-Ertiga-Hybrid-GX-Hero-[FLIP]-MELLOW-DEEP-RED-[FIX-LAYERS]_2-GX03f6.webp,.webp,0.053,55116,cms.suzukihyperlocal.com\Suzuki-Ertiga-Hybrid-GX-Hero-[FLIP]-MELLOW-DEEP-RED-[FIX-LAYERS]_2-GX03f6.webp,D:\Papah\suzukisemarangcenter\TRADA_RAW\cms.suzukihyperlocal.com\Suzuki-Ertiga-Hybrid-GX-Hero-[FLIP]-MELLOW-DEEP-RED-[FIX-LAYERS]_2-GX03f6.webp,ERTIGA_HYBRID,Product/color/interior,Product page + catalog
Suzuki-Ertiga-Hybrid-GX-Hero-[FLIP]-METALLIC-MAGMA-GREY-[FIX-LAYERS]_2-GXb147.webp,.webp,0.054,56448,cms.suzukihyperlocal.com\Suzuki-Ertiga-Hybrid-GX-Hero-[FLIP]-METALLIC-MAGMA-GREY-[FIX-LAYERS]_2-GXb147.webp,D:\Papah\suzukisemarangcenter\TRADA_RAW\cms.suzukihyperlocal.com\Suzuki-Ertiga-Hybrid-GX-Hero-[FLIP]-METALLIC-MAGMA-GREY-[FIX-LAYERS]_2-GXb147.webp,ERTIGA_HYBRID,Product/color/interior,Product page + catalog
Suzuki-Ertiga-Hybrid-GX-Hero-[FLIP]-PEARL-SNOW-WHITE-[FIX-LAYERS]_1-GX40a0.webp,.webp,0.054,56532,cms.suzukihyperlocal.com\Suzuki-Ertiga-Hybrid-GX-Hero-[FLIP]-PEARL-SNOW-WHITE-[FIX-LAYERS]_1-GX40a0.webp,D:\Papah\suzukisemarangcenter\TRADA_RAW\cms.suzukihyperlocal.com\Suzuki-Ertiga-Hybrid-GX-Hero-[FLIP]-PEARL-SNOW-WHITE-[FIX-LAYERS]_1-GX40a0.webp,ERTIGA_HYBRID,Product/color/interior,Product page + catalog
Suzuki-Ertiga-Hybrid-GX-Hero-[FLIP]-SILKY-SILVER-[FIX-LAYERS]_1-GXffae.webp,.webp,0.053,55618,cms.suzukihyperlocal.com\Suzuki-Ertiga-Hybrid-GX-Hero-[FLIP]-SILKY-SILVER-[FIX-LAYERS]_1-GXffae.webp,D:\Papah\suzukisemarangcenter\TRADA_RAW\cms.suzukihyperlocal.com\Suzuki-Ertiga-Hybrid-GX-Hero-[FLIP]-SILKY-SILVER-[FIX-LAYERS]_1-GXffae.webp,ERTIGA_HYBRID,Product/color/interior,Product page + catalog
Suzuki-Ertiga-Hybrid-GX-Hero-[FLIP]-[FIX-LAYERS]-copy_1-GX3cf9.webp,.webp,0.054,57000,cms.suzukihyperlocal.com\Suzuki-Ertiga-Hybrid-GX-Hero-[FLIP]-[FIX-LAYERS]-copy_1-GX3cf9.webp,D:\Papah\suzukisemarangcenter\TRADA_RAW\cms.suzukihyperlocal.com\Suzuki-Ertiga-Hybrid-GX-Hero-[FLIP]-[FIX-LAYERS]-copy_1-GX3cf9.webp,ERTIGA_HYBRID,Product/color/interior,Product page + catalog
suzuki-luncurkan-tampilan-baru-new-carry-pick-up4d55.jpg,.jpg,0.157,164904,cms.suzukihyperlocal.com\suzuki-luncurkan-tampilan-baru-new-carry-pick-up4d55.jpg,D:\Papah\suzukisemarangcenter\TRADA_RAW\cms.suzukihyperlocal.com\suzuki-luncurkan-tampilan-baru-new-carry-pick-up4d55.jpg,NEW_CARRY,Product/color,Product page + catalog
tachometer_mobil_suzuki_dealer_suzuki4683.jpg,.jpg,0.087,91409,cms.suzukihyperlocal.com\tachometer_mobil_suzuki_dealer_suzuki4683.jpg,D:\Papah\suzukisemarangcenter\TRADA_RAW\cms.suzukihyperlocal.com\tachometer_mobil_suzuki_dealer_suzuki4683.jpg,ARTICLE_MEDIA,Article / educational / maintenance image,"Blog/SEO article; optional, not homepage"
tanda_tombol_dashboard_bermasalah41e0.webp,.webp,0.023,23736,cms.suzukihyperlocal.com\tanda_tombol_dashboard_bermasalah41e0.webp,D:\Papah\suzukisemarangcenter\TRADA_RAW\cms.suzukihyperlocal.com\tanda_tombol_dashboard_bermasalah41e0.webp,ARTICLE_MEDIA,Article / educational / maintenance image,"Blog/SEO article; optional, not homepage"
thumbnail_GXf9a9.webp,.webp,0.048,50562,cms.suzukihyperlocal.com\thumbnail_GXf9a9.webp,D:\Papah\suzukisemarangcenter\TRADA_RAW\cms.suzukihyperlocal.com\thumbnail_GXf9a9.webp,ARTICLE_MEDIA,Article image,Blog/SEO article
tips-agar-posisi-duduk-nyaman-dan-aman-saat-berkendara_thumbce32.png,.png,0.372,389671,cms.suzukihyperlocal.com\tips-agar-posisi-duduk-nyaman-dan-aman-saat-berkendara_thumbce32.png,D:\Papah\suzukisemarangcenter\TRADA_RAW\cms.suzukihyperlocal.com\tips-agar-posisi-duduk-nyaman-dan-aman-saat-berkendara_thumbce32.png,ARTICLE_MEDIA,Article image,Blog/SEO article
transmisi_mobil_dealer_suzuki0c15.jpg,.jpg,0.151,158563,cms.suzukihyperlocal.com\transmisi_mobil_dealer_suzuki0c15.jpg,D:\Papah\suzukisemarangcenter\TRADA_RAW\cms.suzukihyperlocal.com\transmisi_mobil_dealer_suzuki0c15.jpg,ARTICLE_MEDIA,Article / educational / maintenance image,"Blog/SEO article; optional, not homepage"
Untitled-1-Recovered-Recovered-Recovered5058.jpg,.jpg,0.251,263135,cms.suzukihyperlocal.com\Untitled-1-Recovered-Recovered-Recovered5058.jpg,D:\Papah\suzukisemarangcenter\TRADA_RAW\cms.suzukihyperlocal.com\Untitled-1-Recovered-Recovered-Recovered5058.jpg,ARTICLE_MEDIA,Article image,Blog/SEO article
website81d9.jpg,.jpg,0.414,433817,cms.suzukihyperlocal.com\website81d9.jpg,D:\Papah\suzukisemarangcenter\TRADA_RAW\cms.suzukihyperlocal.com\website81d9.jpg,ASSET_REFERENCE,Generic/technical visual,Archive/reference; not core content
WhatsApp-Image-2022-06-23-at-14.15.266945.jpeg,.jpeg,0.275,288787,cms.suzukihyperlocal.com\WhatsApp-Image-2022-06-23-at-14.15.266945.jpeg,D:\Papah\suzukisemarangcenter\TRADA_RAW\cms.suzukihyperlocal.com\WhatsApp-Image-2022-06-23-at-14.15.266945.jpeg,CONTACT_UI,Contact asset,Contact/WhatsApp
White-NEW_CARRY_PICK-UP95de.webp,.webp,0.04,41932,cms.suzukihyperlocal.com\White-NEW_CARRY_PICK-UP95de.webp,D:\Papah\suzukisemarangcenter\TRADA_RAW\cms.suzukihyperlocal.com\White-NEW_CARRY_PICK-UP95de.webp,NEW_CARRY,Product/color,Product page + catalog
White-S-PRESSO3060.webp,.webp,0.052,54788,cms.suzukihyperlocal.com\White-S-PRESSO3060.webp,D:\Papah\suzukisemarangcenter\TRADA_RAW\cms.suzukihyperlocal.com\White-S-PRESSO3060.webp,S_PRESSO,Product asset,Product page + catalog
XL71d55.jpg,.jpg,0.533,559149,cms.suzukihyperlocal.com\XL71d55.jpg,D:\Papah\suzukisemarangcenter\TRADA_RAW\cms.suzukihyperlocal.com\XL71d55.jpg,XL7_HYBRID,Product asset,Homepage hero + product page
suzukilogo-pp-removebg-preview.png,.png,0.08,83803,cms.suzukihyperlocal.com\images\defaults\suzukilogo-pp-removebg-preview.png,D:\Papah\suzukisemarangcenter\TRADA_RAW\cms.suzukihyperlocal.com\images\defaults\suzukilogo-pp-removebg-preview.png,BRAND_UI,Logo/icon,Header/footer/UI
total-penjualan-bulan-agustus-2022-meningkat-suzuki-xl7-jadi-salah-satu-kontributor-positif1664342992_thumb.png,.png,0.0,0,d2fgf7u961ce77.cloudfront.net\uploads\news\total-penjualan-bulan-agustus-2022-meningkat-suzuki-xl7-jadi-salah-satu-kontributor-positif1664342992_thumb.png,D:\Papah\suzukisemarangcenter\TRADA_RAW\d2fgf7u961ce77.cloudfront.net\uploads\news\total-penjualan-bulan-agustus-2022-meningkat-suzuki-xl7-jadi-salah-satu-kontributor-positif1664342992_thumb.png,XL7_HYBRID,Product asset,Homepage hero + product page
unnamed.jpg,.jpg,0.125,131526,lh6.googleusercontent.com\unnamed.jpg,D:\Papah\suzukisemarangcenter\TRADA_RAW\lh6.googleusercontent.com\unnamed.jpg,EXTERNAL_REFERENCE,External-source asset,Archive/reference; do not publish automatically
la-brands-400.svg,.svg,0.884,927335,maxst.icons8.com\vue-static\landings\line-awesome\line-awesome\1.3.0\fonts\la-brands-400.svg,D:\Papah\suzukisemarangcenter\TRADA_RAW\maxst.icons8.com\vue-static\landings\line-awesome\line-awesome\1.3.0\fonts\la-brands-400.svg,BRAND_UI,Logo/icon,Header/footer/UI
la-regular-400.svg,.svg,0.108,113535,maxst.icons8.com\vue-static\landings\line-awesome\line-awesome\1.3.0\fonts\la-regular-400.svg,D:\Papah\suzukisemarangcenter\TRADA_RAW\maxst.icons8.com\vue-static\landings\line-awesome\line-awesome\1.3.0\fonts\la-regular-400.svg,BRAND_UI,Logo/icon,Header/footer/UI
la-solid-900.svg,.svg,0.88,923151,maxst.icons8.com\vue-static\landings\line-awesome\line-awesome\1.3.0\fonts\la-solid-900.svg,D:\Papah\suzukisemarangcenter\TRADA_RAW\maxst.icons8.com\vue-static\landings\line-awesome\line-awesome\1.3.0\fonts\la-solid-900.svg,BRAND_UI,Logo/icon,Header/footer/UI
54982-suzuki-baleno-giias-2022-suaradotcom-manuel-j-nainggolan.jpg,.jpg,0.049,51043,media.suara.com\pictures\653x366\2022\08\12\54982-suzuki-baleno-giias-2022-suaradotcom-manuel-j-nainggolan.jpg,D:\Papah\suzukisemarangcenter\TRADA_RAW\media.suara.com\pictures\653x366\2022\08\12\54982-suzuki-baleno-giias-2022-suaradotcom-manuel-j-nainggolan.jpg,BALENO,Product asset,Product page + catalog if confirmed
49884-giias-2022-suzuki-s-presso.jpg,.jpg,0.054,56842,media.suara.com\pictures\653x366\2022\08\14\49884-giias-2022-suzuki-s-presso.jpg,D:\Papah\suzukisemarangcenter\TRADA_RAW\media.suara.com\pictures\653x366\2022\08\14\49884-giias-2022-suzuki-s-presso.jpg,S_PRESSO,Product asset,Product page + catalog
car-replace-tire-and-wheels-free.jpg,.jpg,0.057,59825,nmaa.co.id\wp-content\uploads\2021\03\car-replace-tire-and-wheels-free.jpg,D:\Papah\suzukisemarangcenter\TRADA_RAW\nmaa.co.id\wp-content\uploads\2021\03\car-replace-tire-and-wheels-free.jpg,EXTERNAL_REFERENCE,External-source asset,Archive/reference; do not publish automatically
freepik-wiper-mobil-ulti-2.jpg,.jpg,0.048,50738,nmaa.co.id\wp-content\uploads\2021\06\freepik-wiper-mobil-ulti-2.jpg,D:\Papah\suzukisemarangcenter\TRADA_RAW\nmaa.co.id\wp-content\uploads\2021\06\freepik-wiper-mobil-ulti-2.jpg,EXTERNAL_REFERENCE,External-source asset,Archive/reference; do not publish automatically
banner.webp,.webp,0.028,29766,suzukitradajateng.co.id\assets\images\banner.webp,D:\Papah\suzukisemarangcenter\TRADA_RAW\suzukitradajateng.co.id\assets\images\banner.webp,PROMO_HERO_BANNER,Banner/hero,Homepage/promo
battery ertiga hybrid.webp,.webp,0.495,518828,suzukitradajateng.co.id\assets\images\battery ertiga hybrid.webp,D:\Papah\suzukisemarangcenter\TRADA_RAW\suzukitradajateng.co.id\assets\images\battery ertiga hybrid.webp,ERTIGA_HYBRID,Product/color/interior,Product page + catalog
ertiga-hybrid-cruise.webp,.webp,0.061,64428,suzukitradajateng.co.id\assets\images\ertiga-hybrid-cruise.webp,D:\Papah\suzukisemarangcenter\TRADA_RAW\suzukitradajateng.co.id\assets\images\ertiga-hybrid-cruise.webp,ERTIGA_HYBRID,Product/color/interior,Product page + catalog
ertiga-hybrid-gx.webp,.webp,0.115,120272,suzukitradajateng.co.id\assets\images\ertiga-hybrid-gx.webp,D:\Papah\suzukisemarangcenter\TRADA_RAW\suzukitradajateng.co.id\assets\images\ertiga-hybrid-gx.webp,ERTIGA_HYBRID,Product/color/interior,Product page + catalog
FA DI-KV1- SUZUKI NEW ERTIGA 2024-LAYER (1) 1-min.webp,.webp,0.176,184462,suzukitradajateng.co.id\assets\images\FA DI-KV1- SUZUKI NEW ERTIGA 2024-LAYER (1) 1-min.webp,D:\Papah\suzukisemarangcenter\TRADA_RAW\suzukitradajateng.co.id\assets\images\FA DI-KV1- SUZUKI NEW ERTIGA 2024-LAYER (1) 1-min.webp,ERTIGA_HYBRID,Product/color/interior,Product page + catalog
feature.webp,.webp,0.083,87312,suzukitradajateng.co.id\assets\images\feature.webp,D:\Papah\suzukisemarangcenter\TRADA_RAW\suzukitradajateng.co.id\assets\images\feature.webp,FEATURE_SAFETY,Feature/safety,Relevant product page
Frame 317426.webp,.webp,0.0,520,suzukitradajateng.co.id\assets\images\Frame 317426.webp,D:\Papah\suzukisemarangcenter\TRADA_RAW\suzukitradajateng.co.id\assets\images\Frame 317426.webp,ASSET_REFERENCE,Generic/technical visual,Archive/reference; not core content
Frame 317492.webp,.webp,0.12,126140,suzukitradajateng.co.id\assets\images\Frame 317492.webp,D:\Papah\suzukisemarangcenter\TRADA_RAW\suzukitradajateng.co.id\assets\images\Frame 317492.webp,ASSET_REFERENCE,Generic/technical visual,Archive/reference; not core content
modal-bg.webp,.webp,0.019,20012,suzukitradajateng.co.id\assets\images\modal-bg.webp,D:\Papah\suzukisemarangcenter\TRADA_RAW\suzukitradajateng.co.id\assets\images\modal-bg.webp,UI_TECHNICAL,UI/technical asset,Archive/reference; not core website content
Arctic White Pearl + Bluish Black Pearl.png,.png,0.326,342212,suzukitradajateng.co.id\assets\images\e-vitara\Arctic White Pearl + Bluish Black Pearl.png,D:\Papah\suzukisemarangcenter\TRADA_RAW\suzukitradajateng.co.id\assets\images\e-vitara\Arctic White Pearl + Bluish Black Pearl.png,E_VITARA,Future/verify lineup,Produk
Bluish Black Pearl.png,.png,0.298,312676,suzukitradajateng.co.id\assets\images\e-vitara\Bluish Black Pearl.png,D:\Papah\suzukisemarangcenter\TRADA_RAW\suzukitradajateng.co.id\assets\images\e-vitara\Bluish Black Pearl.png,E_VITARA,Future/verify lineup,Produk
Land Breeze Green Pearl Metallic + Bluish Black Pearl.png,.png,0.355,371798,suzukitradajateng.co.id\assets\images\e-vitara\Land Breeze Green Pearl Metallic + Bluish Black Pearl.png,D:\Papah\suzukisemarangcenter\TRADA_RAW\suzukitradajateng.co.id\assets\images\e-vitara\Land Breeze Green Pearl Metallic + Bluish Black Pearl.png,E_VITARA,Future/verify lineup,Produk
BANNER EXTERIOR.png,.png,1.13,1184990,suzukitradajateng.co.id\assets\images\e-vitara\banner-interior-exterior\BANNER EXTERIOR.png,D:\Papah\suzukisemarangcenter\TRADA_RAW\suzukitradajateng.co.id\assets\images\e-vitara\banner-interior-exterior\BANNER EXTERIOR.png,E_VITARA,Future/verify lineup,Produk
BANNER INTERIOR.png,.png,1.43,1499353,suzukitradajateng.co.id\assets\images\e-vitara\banner-interior-exterior\BANNER INTERIOR.png,D:\Papah\suzukisemarangcenter\TRADA_RAW\suzukitradajateng.co.id\assets\images\e-vitara\banner-interior-exterior\BANNER INTERIOR.png,E_VITARA,Future/verify lineup,Produk
Dynamic Design to Catch Your Eye.                        Made for Every Moment on the Road.png,.png,1.137,1191854,suzukitradajateng.co.id\assets\images\e-vitara\banners\Dynamic Design to Catch Your Eye.                        Made for Every Moment on the Road.png,D:\Papah\suzukisemarangcenter\TRADA_RAW\suzukitradajateng.co.id\assets\images\e-vitara\banners\Dynamic Design to Catch Your Eye.                        Made for Every Moment on the Road.png,E_VITARA,Future/verify lineup,Produk
e-vitara_dekstop.png,.png,0.909,952831,suzukitradajateng.co.id\assets\images\e-vitara\banners\e-vitara_dekstop.png,D:\Papah\suzukisemarangcenter\TRADA_RAW\suzukitradajateng.co.id\assets\images\e-vitara\banners\e-vitara_dekstop.png,E_VITARA,Future/verify lineup,Produk
INTEGRATED DISPLAY SYSTEM.png,.png,1.104,1158056,suzukitradajateng.co.id\assets\images\e-vitara\banners\INTEGRATED DISPLAY SYSTEM.png,D:\Papah\suzukisemarangcenter\TRADA_RAW\suzukitradajateng.co.id\assets\images\e-vitara\banners\INTEGRATED DISPLAY SYSTEM.png,E_VITARA,Future/verify lineup,Produk
PROGRESS IS THE ROAD WE’VE NEVER STOPPED TAKING.png,.png,1.01,1059410,suzukitradajateng.co.id\assets\images\e-vitara\banners\PROGRESS IS THE ROAD WE’VE NEVER STOPPED TAKING.png,D:\Papah\suzukisemarangcenter\TRADA_RAW\suzukitradajateng.co.id\assets\images\e-vitara\banners\PROGRESS IS THE ROAD WE’VE NEVER STOPPED TAKING.png,E_VITARA,Future/verify lineup,Produk
Alloy Wheel 18’.png,.png,0.78,817759,suzukitradajateng.co.id\assets\images\e-vitara\exterior\EXTERIOR\Alloy Wheel 18’.png,D:\Papah\suzukisemarangcenter\TRADA_RAW\suzukitradajateng.co.id\assets\images\e-vitara\exterior\EXTERIOR\Alloy Wheel 18’.png,E_VITARA,Future/verify lineup,Produk
Front LED Matrix Lamps.png,.png,1.017,1066330,suzukitradajateng.co.id\assets\images\e-vitara\exterior\EXTERIOR\Front LED Matrix Lamps.png,D:\Papah\suzukisemarangcenter\TRADA_RAW\suzukitradajateng.co.id\assets\images\e-vitara\exterior\EXTERIOR\Front LED Matrix Lamps.png,E_VITARA,Future/verify lineup,Produk
Futuristic Front Look.png,.png,0.773,810153,suzukitradajateng.co.id\assets\images\e-vitara\exterior\EXTERIOR\Futuristic Front Look.png,D:\Papah\suzukisemarangcenter\TRADA_RAW\suzukitradajateng.co.id\assets\images\e-vitara\exterior\EXTERIOR\Futuristic Front Look.png,E_VITARA,Future/verify lineup,Produk
Rear LED Matrix Lamps.png,.png,1.0,1048418,suzukitradajateng.co.id\assets\images\e-vitara\exterior\EXTERIOR\Rear LED Matrix Lamps.png,D:\Papah\suzukisemarangcenter\TRADA_RAW\suzukitradajateng.co.id\assets\images\e-vitara\exterior\EXTERIOR\Rear LED Matrix Lamps.png,E_VITARA,Future/verify lineup,Produk
6 Speakers with Inﬁnity Premium Sound System + Subwoofer.png,.png,1.62,1698752,suzukitradajateng.co.id\assets\images\e-vitara\interior\6 Speakers with Inﬁnity Premium Sound System + Subwoofer.png,D:\Papah\suzukisemarangcenter\TRADA_RAW\suzukitradajateng.co.id\assets\images\e-vitara\interior\6 Speakers with Inﬁnity Premium Sound System + Subwoofer.png,E_VITARA,Future/verify lineup,Produk
alloy wheel garnish18’’ satin silver_.png,.png,0.555,582383,suzukitradajateng.co.id\assets\images\e-vitara\interior\alloy wheel garnish18’’ satin silver_.png,D:\Papah\suzukisemarangcenter\TRADA_RAW\suzukitradajateng.co.id\assets\images\e-vitara\interior\alloy wheel garnish18’’ satin silver_.png,E_VITARA,Future/verify lineup,Produk
ANTI PM2.5 AIR-CONDITIONER FILTER_.png,.png,1.074,1126303,suzukitradajateng.co.id\assets\images\e-vitara\interior\ANTI PM2.5 AIR-CONDITIONER FILTER_.png,D:\Papah\suzukisemarangcenter\TRADA_RAW\suzukitradajateng.co.id\assets\images\e-vitara\interior\ANTI PM2.5 AIR-CONDITIONER FILTER_.png,E_VITARA,Future/verify lineup,Produk
BACK DOOR SCUFF PLATE_.png,.png,1.419,1487506,suzukitradajateng.co.id\assets\images\e-vitara\interior\BACK DOOR SCUFF PLATE_.png,D:\Papah\suzukisemarangcenter\TRADA_RAW\suzukitradajateng.co.id\assets\images\e-vitara\interior\BACK DOOR SCUFF PLATE_.png,E_VITARA,Future/verify lineup,Produk
Custom Ambient Lighting.png,.png,0.694,727445,suzukitradajateng.co.id\assets\images\e-vitara\interior\Custom Ambient Lighting.png,D:\Papah\suzukisemarangcenter\TRADA_RAW\suzukitradajateng.co.id\assets\images\e-vitara\interior\Custom Ambient Lighting.png,E_VITARA,Future/verify lineup,Produk
door handle pocket protector film_.png,.png,1.497,1569367,suzukitradajateng.co.id\assets\images\e-vitara\interior\door handle pocket protector film_.png,D:\Papah\suzukisemarangcenter\TRADA_RAW\suzukitradajateng.co.id\assets\images\e-vitara\interior\door handle pocket protector film_.png,E_VITARA,Future/verify lineup,Produk
Floating Centre Console.png,.png,0.667,699132,suzukitradajateng.co.id\assets\images\e-vitara\interior\Floating Centre Console.png,D:\Papah\suzukisemarangcenter\TRADA_RAW\suzukitradajateng.co.id\assets\images\e-vitara\interior\Floating Centre Console.png,E_VITARA,Future/verify lineup,Produk
Front Center USB Port (Type A & C).png,.png,0.608,637148,suzukitradajateng.co.id\assets\images\e-vitara\interior\Front Center USB Port (Type A & C).png,D:\Papah\suzukisemarangcenter\TRADA_RAW\suzukitradajateng.co.id\assets\images\e-vitara\interior\Front Center USB Port (Type A & C).png,E_VITARA,Future/verify lineup,Produk
LUGGAGE MAT TRAY_.png,.png,1.355,1420622,suzukitradajateng.co.id\assets\images\e-vitara\interior\LUGGAGE MAT TRAY_.png,D:\Papah\suzukisemarangcenter\TRADA_RAW\suzukitradajateng.co.id\assets\images\e-vitara\interior\LUGGAGE MAT TRAY_.png,E_VITARA,Future/verify lineup,Produk
Luggage Space.png,.png,0.829,869099,suzukitradajateng.co.id\assets\images\e-vitara\interior\Luggage Space.png,D:\Papah\suzukisemarangcenter\TRADA_RAW\suzukitradajateng.co.id\assets\images\e-vitara\interior\Luggage Space.png,E_VITARA,Future/verify lineup,Produk
MULTI ROOF RACK_.png,.png,0.897,940617,suzukitradajateng.co.id\assets\images\e-vitara\interior\MULTI ROOF RACK_.png,D:\Papah\suzukisemarangcenter\TRADA_RAW\suzukitradajateng.co.id\assets\images\e-vitara\interior\MULTI ROOF RACK_.png,E_VITARA,Future/verify lineup,Produk
Panoramic Glass Roof.png,.png,1.047,1098094,suzukitradajateng.co.id\assets\images\e-vitara\interior\Panoramic Glass Roof.png,D:\Papah\suzukisemarangcenter\TRADA_RAW\suzukitradajateng.co.id\assets\images\e-vitara\interior\Panoramic Glass Roof.png,E_VITARA,Future/verify lineup,Produk
Rear Passenger USB Port (Type A & C).png,.png,0.712,746328,suzukitradajateng.co.id\assets\images\e-vitara\interior\Rear Passenger USB Port (Type A & C).png,D:\Papah\suzukisemarangcenter\TRADA_RAW\suzukitradajateng.co.id\assets\images\e-vitara\interior\Rear Passenger USB Port (Type A & C).png,E_VITARA,Future/verify lineup,Produk
Side Sill Scuff_.png,.png,1.292,1354912,suzukitradajateng.co.id\assets\images\e-vitara\interior\Side Sill Scuff_.png,D:\Papah\suzukisemarangcenter\TRADA_RAW\suzukitradajateng.co.id\assets\images\e-vitara\interior\Side Sill Scuff_.png,E_VITARA,Future/verify lineup,Produk
SIDE UNDER GARNISH_.png,.png,0.858,899869,suzukitradajateng.co.id\assets\images\e-vitara\interior\SIDE UNDER GARNISH_.png,D:\Papah\suzukisemarangcenter\TRADA_RAW\suzukitradajateng.co.id\assets\images\e-vitara\interior\SIDE UNDER GARNISH_.png,E_VITARA,Future/verify lineup,Produk
Squircle Steering Wheel.png,.png,1.082,1134330,suzukitradajateng.co.id\assets\images\e-vitara\interior\Squircle Steering Wheel.png,D:\Papah\suzukisemarangcenter\TRADA_RAW\suzukitradajateng.co.id\assets\images\e-vitara\interior\Squircle Steering Wheel.png,E_VITARA,Future/verify lineup,Produk
ULTIMATE COMFORT.png,.png,0.444,465212,suzukitradajateng.co.id\assets\images\e-vitara\interior\ULTIMATE COMFORT.png,D:\Papah\suzukisemarangcenter\TRADA_RAW\suzukitradajateng.co.id\assets\images\e-vitara\interior\ULTIMATE COMFORT.png,E_VITARA,Future/verify lineup,Produk
"Utility, Reﬁned for Maximum Ease.png",.png,0.342,358695,"suzukitradajateng.co.id\assets\images\e-vitara\interior\Utility, Reﬁned for Maximum Ease.png","D:\Papah\suzukisemarangcenter\TRADA_RAW\suzukitradajateng.co.id\assets\images\e-vitara\interior\Utility, Reﬁned for Maximum Ease.png",E_VITARA,Future/verify lineup,Produk
Wheel Lock Nut Set_.png,.png,1.008,1056788,suzukitradajateng.co.id\assets\images\e-vitara\interior\Wheel Lock Nut Set_.png,D:\Papah\suzukisemarangcenter\TRADA_RAW\suzukitradajateng.co.id\assets\images\e-vitara\interior\Wheel Lock Nut Set_.png,E_VITARA,Future/verify lineup,Produk
Wireless Charger.png,.png,0.586,614088,suzukitradajateng.co.id\assets\images\e-vitara\interior\Wireless Charger.png,D:\Papah\suzukisemarangcenter\TRADA_RAW\suzukitradajateng.co.id\assets\images\e-vitara\interior\Wireless Charger.png,E_VITARA,Future/verify lineup,Produk
Adaptive Cruise Control (ACC).png,.png,0.694,728234,suzukitradajateng.co.id\assets\images\e-vitara\safety_support\SAFETY SUPPORT\Adaptive Cruise Control (ACC).png,D:\Papah\suzukisemarangcenter\TRADA_RAW\suzukitradajateng.co.id\assets\images\e-vitara\safety_support\SAFETY SUPPORT\Adaptive Cruise Control (ACC).png,E_VITARA,Future/verify lineup,Produk
Adaptive High Beam System (AHS).png,.png,0.285,298427,suzukitradajateng.co.id\assets\images\e-vitara\safety_support\SAFETY SUPPORT\Adaptive High Beam System (AHS).png,D:\Papah\suzukisemarangcenter\TRADA_RAW\suzukitradajateng.co.id\assets\images\e-vitara\safety_support\SAFETY SUPPORT\Adaptive High Beam System (AHS).png,E_VITARA,Future/verify lineup,Produk
Blind Spot Monitor (BSM).png,.png,0.434,454904,suzukitradajateng.co.id\assets\images\e-vitara\safety_support\SAFETY SUPPORT\Blind Spot Monitor (BSM).png,D:\Papah\suzukisemarangcenter\TRADA_RAW\suzukitradajateng.co.id\assets\images\e-vitara\safety_support\SAFETY SUPPORT\Blind Spot Monitor (BSM).png,E_VITARA,Future/verify lineup,Produk
Dual Sensor Brake Support II (DSBS II).png,.png,0.413,433060,suzukitradajateng.co.id\assets\images\e-vitara\safety_support\SAFETY SUPPORT\Dual Sensor Brake Support II (DSBS II).png,D:\Papah\suzukisemarangcenter\TRADA_RAW\suzukitradajateng.co.id\assets\images\e-vitara\safety_support\SAFETY SUPPORT\Dual Sensor Brake Support II (DSBS II).png,E_VITARA,Future/verify lineup,Produk
Lane Departure Prevention (LDP).png,.png,0.331,346929,suzukitradajateng.co.id\assets\images\e-vitara\safety_support\SAFETY SUPPORT\Lane Departure Prevention (LDP).png,D:\Papah\suzukisemarangcenter\TRADA_RAW\suzukitradajateng.co.id\assets\images\e-vitara\safety_support\SAFETY SUPPORT\Lane Departure Prevention (LDP).png,E_VITARA,Future/verify lineup,Produk
Lane Keep Assist (LKA).png,.png,0.276,289598,suzukitradajateng.co.id\assets\images\e-vitara\safety_support\SAFETY SUPPORT\Lane Keep Assist (LKA).png,D:\Papah\suzukisemarangcenter\TRADA_RAW\suzukitradajateng.co.id\assets\images\e-vitara\safety_support\SAFETY SUPPORT\Lane Keep Assist (LKA).png,E_VITARA,Future/verify lineup,Produk
Multiple Collision Braking.png,.png,0.341,357928,suzukitradajateng.co.id\assets\images\e-vitara\safety_support\SAFETY SUPPORT\Multiple Collision Braking.png,D:\Papah\suzukisemarangcenter\TRADA_RAW\suzukitradajateng.co.id\assets\images\e-vitara\safety_support\SAFETY SUPPORT\Multiple Collision Braking.png,E_VITARA,Future/verify lineup,Produk
Rear Crossing Traﬃc Alert (RCTA).png,.png,0.323,338601,suzukitradajateng.co.id\assets\images\e-vitara\safety_support\SAFETY SUPPORT\Rear Crossing Traﬃc Alert (RCTA).png,D:\Papah\suzukisemarangcenter\TRADA_RAW\suzukitradajateng.co.id\assets\images\e-vitara\safety_support\SAFETY SUPPORT\Rear Crossing Traﬃc Alert (RCTA).png,E_VITARA,Future/verify lineup,Produk
SAFETY SUPPORT.png,.png,0.544,570558,suzukitradajateng.co.id\assets\images\e-vitara\safety_support\SAFETY SUPPORT\SAFETY SUPPORT.png,D:\Papah\suzukisemarangcenter\TRADA_RAW\suzukitradajateng.co.id\assets\images\e-vitara\safety_support\SAFETY SUPPORT\SAFETY SUPPORT.png,E_VITARA,Future/verify lineup,Produk
Battery & Range.png,.png,1.574,1649962,suzukitradajateng.co.id\assets\images\e-vitara\slideshow\Battery & Range.png,D:\Papah\suzukisemarangcenter\TRADA_RAW\suzukitradajateng.co.id\assets\images\e-vitara\slideshow\Battery & Range.png,E_VITARA,Future/verify lineup,Produk
"Charging, Designed for Convenience.png",.png,1.483,1554598,"suzukitradajateng.co.id\assets\images\e-vitara\slideshow\Charging, Designed for Convenience.png","D:\Papah\suzukisemarangcenter\TRADA_RAW\suzukitradajateng.co.id\assets\images\e-vitara\slideshow\Charging, Designed for Convenience.png",E_VITARA,Future/verify lineup,Produk
"Driving Engineered Control, Conﬁdent Performance.png",.png,1.573,1649353,"suzukitradajateng.co.id\assets\images\e-vitara\slideshow\Driving Engineered Control, Conﬁdent Performance.png","D:\Papah\suzukisemarangcenter\TRADA_RAW\suzukitradajateng.co.id\assets\images\e-vitara\slideshow\Driving Engineered Control, Conﬁdent Performance.png",E_VITARA,Future/verify lineup,Produk
heartect.png,.png,1.801,1887975,suzukitradajateng.co.id\assets\images\e-vitara\slideshow\heartect.png,D:\Papah\suzukisemarangcenter\TRADA_RAW\suzukitradajateng.co.id\assets\images\e-vitara\slideshow\heartect.png,E_VITARA,Future/verify lineup,Produk
1.webp,.webp,0.009,9954,suzukitradajateng.co.id\assets\images\exterior\grand-vitara\gx\1.webp,D:\Papah\suzukisemarangcenter\TRADA_RAW\suzukitradajateng.co.id\assets\images\exterior\grand-vitara\gx\1.webp,GRAND_VITARA,Product asset,Product page + catalog
2.webp,.webp,0.007,7592,suzukitradajateng.co.id\assets\images\exterior\grand-vitara\gx\2.webp,D:\Papah\suzukisemarangcenter\TRADA_RAW\suzukitradajateng.co.id\assets\images\exterior\grand-vitara\gx\2.webp,GRAND_VITARA,Product asset,Product page + catalog
3.webp,.webp,0.005,5764,suzukitradajateng.co.id\assets\images\exterior\grand-vitara\gx\3.webp,D:\Papah\suzukisemarangcenter\TRADA_RAW\suzukitradajateng.co.id\assets\images\exterior\grand-vitara\gx\3.webp,GRAND_VITARA,Product asset,Product page + catalog
4.webp,.webp,0.006,6714,suzukitradajateng.co.id\assets\images\exterior\grand-vitara\gx\4.webp,D:\Papah\suzukisemarangcenter\TRADA_RAW\suzukitradajateng.co.id\assets\images\exterior\grand-vitara\gx\4.webp,GRAND_VITARA,Product asset,Product page + catalog
7.webp,.webp,0.004,4660,suzukitradajateng.co.id\assets\images\exterior\grand-vitara\gx\7.webp,D:\Papah\suzukisemarangcenter\TRADA_RAW\suzukitradajateng.co.id\assets\images\exterior\grand-vitara\gx\7.webp,GRAND_VITARA,Product asset,Product page + catalog
8.webp,.webp,0.005,5638,suzukitradajateng.co.id\assets\images\exterior\grand-vitara\gx\8.webp,D:\Papah\suzukisemarangcenter\TRADA_RAW\suzukitradajateng.co.id\assets\images\exterior\grand-vitara\gx\8.webp,GRAND_VITARA,Product asset,Product page + catalog
exterior-105e1f.webp,.webp,0.007,7710,suzukitradajateng.co.id\assets\images\exterior\gx\exterior-105e1f.webp,D:\Papah\suzukisemarangcenter\TRADA_RAW\suzukitradajateng.co.id\assets\images\exterior\gx\exterior-105e1f.webp,SHARED_EXTERIOR,Exterior,Relevant product page
exterior-15e1f.webp,.webp,0.012,12630,suzukitradajateng.co.id\assets\images\exterior\gx\exterior-15e1f.webp,D:\Papah\suzukisemarangcenter\TRADA_RAW\suzukitradajateng.co.id\assets\images\exterior\gx\exterior-15e1f.webp,SHARED_EXTERIOR,Exterior,Relevant product page
exterior-25e1f.webp,.webp,0.009,9094,suzukitradajateng.co.id\assets\images\exterior\gx\exterior-25e1f.webp,D:\Papah\suzukisemarangcenter\TRADA_RAW\suzukitradajateng.co.id\assets\images\exterior\gx\exterior-25e1f.webp,SHARED_EXTERIOR,Exterior,Relevant product page
exterior-35e1f.webp,.webp,0.008,8072,suzukitradajateng.co.id\assets\images\exterior\gx\exterior-35e1f.webp,D:\Papah\suzukisemarangcenter\TRADA_RAW\suzukitradajateng.co.id\assets\images\exterior\gx\exterior-35e1f.webp,SHARED_EXTERIOR,Exterior,Relevant product page
exterior-45e1f.webp,.webp,0.012,13020,suzukitradajateng.co.id\assets\images\exterior\gx\exterior-45e1f.webp,D:\Papah\suzukisemarangcenter\TRADA_RAW\suzukitradajateng.co.id\assets\images\exterior\gx\exterior-45e1f.webp,SHARED_EXTERIOR,Exterior,Relevant product page
exterior-55e1f.webp,.webp,0.007,7800,suzukitradajateng.co.id\assets\images\exterior\gx\exterior-55e1f.webp,D:\Papah\suzukisemarangcenter\TRADA_RAW\suzukitradajateng.co.id\assets\images\exterior\gx\exterior-55e1f.webp,SHARED_EXTERIOR,Exterior,Relevant product page
exterior-65e1f.webp,.webp,0.005,5024,suzukitradajateng.co.id\assets\images\exterior\gx\exterior-65e1f.webp,D:\Papah\suzukisemarangcenter\TRADA_RAW\suzukitradajateng.co.id\assets\images\exterior\gx\exterior-65e1f.webp,SHARED_EXTERIOR,Exterior,Relevant product page
exterior-75e1f.webp,.webp,0.011,11042,suzukitradajateng.co.id\assets\images\exterior\gx\exterior-75e1f.webp,D:\Papah\suzukisemarangcenter\TRADA_RAW\suzukitradajateng.co.id\assets\images\exterior\gx\exterior-75e1f.webp,SHARED_EXTERIOR,Exterior,Relevant product page
exterior-85e1f.webp,.webp,0.006,6622,suzukitradajateng.co.id\assets\images\exterior\gx\exterior-85e1f.webp,D:\Papah\suzukisemarangcenter\TRADA_RAW\suzukitradajateng.co.id\assets\images\exterior\gx\exterior-85e1f.webp,SHARED_EXTERIOR,Exterior,Relevant product page
exterior-95e1f.webp,.webp,0.006,6420,suzukitradajateng.co.id\assets\images\exterior\gx\exterior-95e1f.webp,D:\Papah\suzukisemarangcenter\TRADA_RAW\suzukitradajateng.co.id\assets\images\exterior\gx\exterior-95e1f.webp,SHARED_EXTERIOR,Exterior,Relevant product page
exterior-15e1f.webp,.webp,0.012,12396,suzukitradajateng.co.id\assets\images\exterior\ss\exterior-15e1f.webp,D:\Papah\suzukisemarangcenter\TRADA_RAW\suzukitradajateng.co.id\assets\images\exterior\ss\exterior-15e1f.webp,SHARED_EXTERIOR,Exterior,Relevant product page
exterior-25e1f.webp,.webp,0.012,12228,suzukitradajateng.co.id\assets\images\exterior\ss\exterior-25e1f.webp,D:\Papah\suzukisemarangcenter\TRADA_RAW\suzukitradajateng.co.id\assets\images\exterior\ss\exterior-25e1f.webp,SHARED_EXTERIOR,Exterior,Relevant product page
exterior-35e1f.webp,.webp,0.007,7056,suzukitradajateng.co.id\assets\images\exterior\ss\exterior-35e1f.webp,D:\Papah\suzukisemarangcenter\TRADA_RAW\suzukitradajateng.co.id\assets\images\exterior\ss\exterior-35e1f.webp,SHARED_EXTERIOR,Exterior,Relevant product page
exterior-45e1f.webp,.webp,0.016,17100,suzukitradajateng.co.id\assets\images\exterior\ss\exterior-45e1f.webp,D:\Papah\suzukisemarangcenter\TRADA_RAW\suzukitradajateng.co.id\assets\images\exterior\ss\exterior-45e1f.webp,SHARED_EXTERIOR,Exterior,Relevant product page
exterior-55e1f.webp,.webp,0.012,12398,suzukitradajateng.co.id\assets\images\exterior\ss\exterior-55e1f.webp,D:\Papah\suzukisemarangcenter\TRADA_RAW\suzukitradajateng.co.id\assets\images\exterior\ss\exterior-55e1f.webp,SHARED_EXTERIOR,Exterior,Relevant product page
exterior-65e1f.webp,.webp,0.014,14870,suzukitradajateng.co.id\assets\images\exterior\ss\exterior-65e1f.webp,D:\Papah\suzukisemarangcenter\TRADA_RAW\suzukitradajateng.co.id\assets\images\exterior\ss\exterior-65e1f.webp,SHARED_EXTERIOR,Exterior,Relevant product page
exterior-75e1f.webp,.webp,0.016,16270,suzukitradajateng.co.id\assets\images\exterior\ss\exterior-75e1f.webp,D:\Papah\suzukisemarangcenter\TRADA_RAW\suzukitradajateng.co.id\assets\images\exterior\ss\exterior-75e1f.webp,SHARED_EXTERIOR,Exterior,Relevant product page
exterior-85e1f.webp,.webp,0.018,19382,suzukitradajateng.co.id\assets\images\exterior\ss\exterior-85e1f.webp,D:\Papah\suzukisemarangcenter\TRADA_RAW\suzukitradajateng.co.id\assets\images\exterior\ss\exterior-85e1f.webp,SHARED_EXTERIOR,Exterior,Relevant product page
Adaptive cruise control.png,.png,0.149,156458,suzukitradajateng.co.id\assets\images\fronx-safety-support\Adaptive cruise control.png,D:\Papah\suzukisemarangcenter\TRADA_RAW\suzukitradajateng.co.id\assets\images\fronx-safety-support\Adaptive cruise control.png,FRONX,Product asset,Product page + homepage
BSM.png,.png,0.134,140453,suzukitradajateng.co.id\assets\images\fronx-safety-support\BSM.png,D:\Papah\suzukisemarangcenter\TRADA_RAW\suzukitradajateng.co.id\assets\images\fronx-safety-support\BSM.png,FRONX,Product asset,Product page + homepage
DSBSII.png,.png,0.136,142345,suzukitradajateng.co.id\assets\images\fronx-safety-support\DSBSII.png,D:\Papah\suzukisemarangcenter\TRADA_RAW\suzukitradajateng.co.id\assets\images\fronx-safety-support\DSBSII.png,FRONX,Product asset,Product page + homepage
High Beam Assist.png,.png,0.073,76318,suzukitradajateng.co.id\assets\images\fronx-safety-support\High Beam Assist.png,D:\Papah\suzukisemarangcenter\TRADA_RAW\suzukitradajateng.co.id\assets\images\fronx-safety-support\High Beam Assist.png,FRONX,Product asset,Product page + homepage
HILL HOLD CONTROL.png,.png,0.548,574165,suzukitradajateng.co.id\assets\images\fronx-safety-support\HILL HOLD CONTROL.png,D:\Papah\suzukisemarangcenter\TRADA_RAW\suzukitradajateng.co.id\assets\images\fronx-safety-support\HILL HOLD CONTROL.png,FRONX,Product asset,Product page + homepage
lane departure prevention.png,.png,0.083,87249,suzukitradajateng.co.id\assets\images\fronx-safety-support\lane departure prevention.png,D:\Papah\suzukisemarangcenter\TRADA_RAW\suzukitradajateng.co.id\assets\images\fronx-safety-support\lane departure prevention.png,FRONX,Product asset,Product page + homepage
lane departure warning.png,.png,0.051,53875,suzukitradajateng.co.id\assets\images\fronx-safety-support\lane departure warning.png,D:\Papah\suzukisemarangcenter\TRADA_RAW\suzukitradajateng.co.id\assets\images\fronx-safety-support\lane departure warning.png,FRONX,Product asset,Product page + homepage
lane keep asisstant.png,.png,0.135,141735,suzukitradajateng.co.id\assets\images\fronx-safety-support\lane keep asisstant.png,D:\Papah\suzukisemarangcenter\TRADA_RAW\suzukitradajateng.co.id\assets\images\fronx-safety-support\lane keep asisstant.png,FRONX,Product asset,Product page + homepage
PARKING SENSOR.png,.png,0.878,920751,suzukitradajateng.co.id\assets\images\fronx-safety-support\PARKING SENSOR.png,D:\Papah\suzukisemarangcenter\TRADA_RAW\suzukitradajateng.co.id\assets\images\fronx-safety-support\PARKING SENSOR.png,FRONX,Product asset,Product page + homepage
rear cross traffic alert.png,.png,0.137,143954,suzukitradajateng.co.id\assets\images\fronx-safety-support\rear cross traffic alert.png,D:\Papah\suzukisemarangcenter\TRADA_RAW\suzukitradajateng.co.id\assets\images\fronx-safety-support\rear cross traffic alert.png,FRONX,Product asset,Product page + homepage
vehicle swaying warning.png,.png,0.063,65785,suzukitradajateng.co.id\assets\images\fronx-safety-support\vehicle swaying warning.png,D:\Papah\suzukisemarangcenter\TRADA_RAW\suzukitradajateng.co.id\assets\images\fronx-safety-support\vehicle swaying warning.png,FRONX,Product asset,Product page + homepage
1.webp,.webp,0.009,9808,suzukitradajateng.co.id\assets\images\interior\grand-vitara\gx\1.webp,D:\Papah\suzukisemarangcenter\TRADA_RAW\suzukitradajateng.co.id\assets\images\interior\grand-vitara\gx\1.webp,GRAND_VITARA,Product asset,Product page + catalog
10.webp,.webp,0.004,4016,suzukitradajateng.co.id\assets\images\interior\grand-vitara\gx\10.webp,D:\Papah\suzukisemarangcenter\TRADA_RAW\suzukitradajateng.co.id\assets\images\interior\grand-vitara\gx\10.webp,GRAND_VITARA,Product asset,Product page + catalog
11.webp,.webp,0.007,7350,suzukitradajateng.co.id\assets\images\interior\grand-vitara\gx\11.webp,D:\Papah\suzukisemarangcenter\TRADA_RAW\suzukitradajateng.co.id\assets\images\interior\grand-vitara\gx\11.webp,GRAND_VITARA,Product asset,Product page + catalog
12.webp,.webp,0.007,7766,suzukitradajateng.co.id\assets\images\interior\grand-vitara\gx\12.webp,D:\Papah\suzukisemarangcenter\TRADA_RAW\suzukitradajateng.co.id\assets\images\interior\grand-vitara\gx\12.webp,GRAND_VITARA,Product asset,Product page + catalog
13.webp,.webp,0.007,7664,suzukitradajateng.co.id\assets\images\interior\grand-vitara\gx\13.webp,D:\Papah\suzukisemarangcenter\TRADA_RAW\suzukitradajateng.co.id\assets\images\interior\grand-vitara\gx\13.webp,GRAND_VITARA,Product asset,Product page + catalog
14.webp,.webp,0.004,3694,suzukitradajateng.co.id\assets\images\interior\grand-vitara\gx\14.webp,D:\Papah\suzukisemarangcenter\TRADA_RAW\suzukitradajateng.co.id\assets\images\interior\grand-vitara\gx\14.webp,GRAND_VITARA,Product asset,Product page + catalog
15.webp,.webp,0.007,7030,suzukitradajateng.co.id\assets\images\interior\grand-vitara\gx\15.webp,D:\Papah\suzukisemarangcenter\TRADA_RAW\suzukitradajateng.co.id\assets\images\interior\grand-vitara\gx\15.webp,GRAND_VITARA,Product asset,Product page + catalog
16.webp,.webp,0.004,4484,suzukitradajateng.co.id\assets\images\interior\grand-vitara\gx\16.webp,D:\Papah\suzukisemarangcenter\TRADA_RAW\suzukitradajateng.co.id\assets\images\interior\grand-vitara\gx\16.webp,GRAND_VITARA,Product asset,Product page + catalog
17 inch Dual - Tone Alloy Wheels.png,.png,0.174,182782,suzukitradajateng.co.id\assets\images\interior\grand-vitara\gx\17 inch Dual - Tone Alloy Wheels.png,D:\Papah\suzukisemarangcenter\TRADA_RAW\suzukitradajateng.co.id\assets\images\interior\grand-vitara\gx\17 inch Dual - Tone Alloy Wheels.png,GRAND_VITARA,Product asset,Product page + catalog
17.webp,.webp,0.006,5950,suzukitradajateng.co.id\assets\images\interior\grand-vitara\gx\17.webp,D:\Papah\suzukisemarangcenter\TRADA_RAW\suzukitradajateng.co.id\assets\images\interior\grand-vitara\gx\17.webp,GRAND_VITARA,Product asset,Product page + catalog
18.webp,.webp,0.004,4678,suzukitradajateng.co.id\assets\images\interior\grand-vitara\gx\18.webp,D:\Papah\suzukisemarangcenter\TRADA_RAW\suzukitradajateng.co.id\assets\images\interior\grand-vitara\gx\18.webp,GRAND_VITARA,Product asset,Product page + catalog
19.webp,.webp,0.002,2314,suzukitradajateng.co.id\assets\images\interior\grand-vitara\gx\19.webp,D:\Papah\suzukisemarangcenter\TRADA_RAW\suzukitradajateng.co.id\assets\images\interior\grand-vitara\gx\19.webp,GRAND_VITARA,Product asset,Product page + catalog
2.webp,.webp,0.012,12934,suzukitradajateng.co.id\assets\images\interior\grand-vitara\gx\2.webp,D:\Papah\suzukisemarangcenter\TRADA_RAW\suzukitradajateng.co.id\assets\images\interior\grand-vitara\gx\2.webp,GRAND_VITARA,Product asset,Product page + catalog
20.webp,.webp,0.003,2934,suzukitradajateng.co.id\assets\images\interior\grand-vitara\gx\20.webp,D:\Papah\suzukisemarangcenter\TRADA_RAW\suzukitradajateng.co.id\assets\images\interior\grand-vitara\gx\20.webp,GRAND_VITARA,Product asset,Product page + catalog
21.webp,.webp,0.022,22824,suzukitradajateng.co.id\assets\images\interior\grand-vitara\gx\21.webp,D:\Papah\suzukisemarangcenter\TRADA_RAW\suzukitradajateng.co.id\assets\images\interior\grand-vitara\gx\21.webp,GRAND_VITARA,Product asset,Product page + catalog
22.webp,.webp,0.021,22236,suzukitradajateng.co.id\assets\images\interior\grand-vitara\gx\22.webp,D:\Papah\suzukisemarangcenter\TRADA_RAW\suzukitradajateng.co.id\assets\images\interior\grand-vitara\gx\22.webp,GRAND_VITARA,Product asset,Product page + catalog
23.webp,.webp,0.009,9126,suzukitradajateng.co.id\assets\images\interior\grand-vitara\gx\23.webp,D:\Papah\suzukisemarangcenter\TRADA_RAW\suzukitradajateng.co.id\assets\images\interior\grand-vitara\gx\23.webp,GRAND_VITARA,Product asset,Product page + catalog
24.webp,.webp,0.009,9920,suzukitradajateng.co.id\assets\images\interior\grand-vitara\gx\24.webp,D:\Papah\suzukisemarangcenter\TRADA_RAW\suzukitradajateng.co.id\assets\images\interior\grand-vitara\gx\24.webp,GRAND_VITARA,Product asset,Product page + catalog
25.webp,.webp,0.009,9078,suzukitradajateng.co.id\assets\images\interior\grand-vitara\gx\25.webp,D:\Papah\suzukisemarangcenter\TRADA_RAW\suzukitradajateng.co.id\assets\images\interior\grand-vitara\gx\25.webp,GRAND_VITARA,Product asset,Product page + catalog
26.webp,.webp,0.008,7902,suzukitradajateng.co.id\assets\images\interior\grand-vitara\gx\26.webp,D:\Papah\suzukisemarangcenter\TRADA_RAW\suzukitradajateng.co.id\assets\images\interior\grand-vitara\gx\26.webp,GRAND_VITARA,Product asset,Product page + catalog
3.webp,.webp,0.007,7082,suzukitradajateng.co.id\assets\images\interior\grand-vitara\gx\3.webp,D:\Papah\suzukisemarangcenter\TRADA_RAW\suzukitradajateng.co.id\assets\images\interior\grand-vitara\gx\3.webp,GRAND_VITARA,Product asset,Product page + catalog
4.webp,.webp,0.006,6616,suzukitradajateng.co.id\assets\images\interior\grand-vitara\gx\4.webp,D:\Papah\suzukisemarangcenter\TRADA_RAW\suzukitradajateng.co.id\assets\images\interior\grand-vitara\gx\4.webp,GRAND_VITARA,Product asset,Product page + catalog
6.webp,.webp,0.014,15080,suzukitradajateng.co.id\assets\images\interior\grand-vitara\gx\6.webp,D:\Papah\suzukisemarangcenter\TRADA_RAW\suzukitradajateng.co.id\assets\images\interior\grand-vitara\gx\6.webp,GRAND_VITARA,Product asset,Product page + catalog
7 inch Digital TFT Color Multi-Information Display.png,.png,0.232,242871,suzukitradajateng.co.id\assets\images\interior\grand-vitara\gx\7 inch Digital TFT Color Multi-Information Display.png,D:\Papah\suzukisemarangcenter\TRADA_RAW\suzukitradajateng.co.id\assets\images\interior\grand-vitara\gx\7 inch Digital TFT Color Multi-Information Display.png,GRAND_VITARA,Product asset,Product page + catalog
7.webp,.webp,0.009,9922,suzukitradajateng.co.id\assets\images\interior\grand-vitara\gx\7.webp,D:\Papah\suzukisemarangcenter\TRADA_RAW\suzukitradajateng.co.id\assets\images\interior\grand-vitara\gx\7.webp,GRAND_VITARA,Product asset,Product page + catalog
8.webp,.webp,0.01,10516,suzukitradajateng.co.id\assets\images\interior\grand-vitara\gx\8.webp,D:\Papah\suzukisemarangcenter\TRADA_RAW\suzukitradajateng.co.id\assets\images\interior\grand-vitara\gx\8.webp,GRAND_VITARA,Product asset,Product page + catalog
9.webp,.webp,0.004,4500,suzukitradajateng.co.id\assets\images\interior\grand-vitara\gx\9.webp,D:\Papah\suzukisemarangcenter\TRADA_RAW\suzukitradajateng.co.id\assets\images\interior\grand-vitara\gx\9.webp,GRAND_VITARA,Product asset,Product page + catalog
Apple CarPlay & Android Auto.png,.png,0.193,202612,suzukitradajateng.co.id\assets\images\interior\grand-vitara\gx\Apple CarPlay & Android Auto.png,D:\Papah\suzukisemarangcenter\TRADA_RAW\suzukitradajateng.co.id\assets\images\interior\grand-vitara\gx\Apple CarPlay & Android Auto.png,GRAND_VITARA,Product asset,Product page + catalog
Auto Climate AC.png,.png,0.303,317393,suzukitradajateng.co.id\assets\images\interior\grand-vitara\gx\Auto Climate AC.png,D:\Papah\suzukisemarangcenter\TRADA_RAW\suzukitradajateng.co.id\assets\images\interior\grand-vitara\gx\Auto Climate AC.png,GRAND_VITARA,Product asset,Product page + catalog
Cabin Lamp (LED).png,.png,0.3,314548,suzukitradajateng.co.id\assets\images\interior\grand-vitara\gx\Cabin Lamp (LED).png,D:\Papah\suzukisemarangcenter\TRADA_RAW\suzukitradajateng.co.id\assets\images\interior\grand-vitara\gx\Cabin Lamp (LED).png,GRAND_VITARA,Product asset,Product page + catalog
Excellent Comfort.png,.png,0.355,372273,suzukitradajateng.co.id\assets\images\interior\grand-vitara\gx\Excellent Comfort.png,D:\Papah\suzukisemarangcenter\TRADA_RAW\suzukitradajateng.co.id\assets\images\interior\grand-vitara\gx\Excellent Comfort.png,GRAND_VITARA,Product asset,Product page + catalog
Panoramic Sunroof.png,.png,0.321,336620,suzukitradajateng.co.id\assets\images\interior\grand-vitara\gx\Panoramic Sunroof.png,D:\Papah\suzukisemarangcenter\TRADA_RAW\suzukitradajateng.co.id\assets\images\interior\grand-vitara\gx\Panoramic Sunroof.png,GRAND_VITARA,Product asset,Product page + catalog
Spot Map Lamp (LED).png,.png,0.354,371057,suzukitradajateng.co.id\assets\images\interior\grand-vitara\gx\Spot Map Lamp (LED).png,D:\Papah\suzukisemarangcenter\TRADA_RAW\suzukitradajateng.co.id\assets\images\interior\grand-vitara\gx\Spot Map Lamp (LED).png,GRAND_VITARA,Product asset,Product page + catalog
Ventilated Seats.png,.png,0.373,391470,suzukitradajateng.co.id\assets\images\interior\grand-vitara\gx\Ventilated Seats.png,D:\Papah\suzukisemarangcenter\TRADA_RAW\suzukitradajateng.co.id\assets\images\interior\grand-vitara\gx\Ventilated Seats.png,GRAND_VITARA,Product asset,Product page + catalog
interior-15e1f.webp,.webp,0.016,16436,suzukitradajateng.co.id\assets\images\interior\gx\interior-15e1f.webp,D:\Papah\suzukisemarangcenter\TRADA_RAW\suzukitradajateng.co.id\assets\images\interior\gx\interior-15e1f.webp,SHARED_INTERIOR,Interior,Relevant product page
interior-25e1f.webp,.webp,0.012,12676,suzukitradajateng.co.id\assets\images\interior\gx\interior-25e1f.webp,D:\Papah\suzukisemarangcenter\TRADA_RAW\suzukitradajateng.co.id\assets\images\interior\gx\interior-25e1f.webp,SHARED_INTERIOR,Interior,Relevant product page
interior-35e1f.webp,.webp,0.006,6680,suzukitradajateng.co.id\assets\images\interior\gx\interior-35e1f.webp,D:\Papah\suzukisemarangcenter\TRADA_RAW\suzukitradajateng.co.id\assets\images\interior\gx\interior-35e1f.webp,SHARED_INTERIOR,Interior,Relevant product page
interior-45e1f.webp,.webp,0.012,12230,suzukitradajateng.co.id\assets\images\interior\gx\interior-45e1f.webp,D:\Papah\suzukisemarangcenter\TRADA_RAW\suzukitradajateng.co.id\assets\images\interior\gx\interior-45e1f.webp,SHARED_INTERIOR,Interior,Relevant product page
interior-65e1f.webp,.webp,0.008,8502,suzukitradajateng.co.id\assets\images\interior\gx\interior-65e1f.webp,D:\Papah\suzukisemarangcenter\TRADA_RAW\suzukitradajateng.co.id\assets\images\interior\gx\interior-65e1f.webp,SHARED_INTERIOR,Interior,Relevant product page
interior-75e1f.webp,.webp,0.007,7578,suzukitradajateng.co.id\assets\images\interior\gx\interior-75e1f.webp,D:\Papah\suzukisemarangcenter\TRADA_RAW\suzukitradajateng.co.id\assets\images\interior\gx\interior-75e1f.webp,SHARED_INTERIOR,Interior,Relevant product page
interior-85e1f.webp,.webp,0.009,9834,suzukitradajateng.co.id\assets\images\interior\gx\interior-85e1f.webp,D:\Papah\suzukisemarangcenter\TRADA_RAW\suzukitradajateng.co.id\assets\images\interior\gx\interior-85e1f.webp,SHARED_INTERIOR,Interior,Relevant product page
interior-95e1f.webp,.webp,0.009,9128,suzukitradajateng.co.id\assets\images\interior\gx\interior-95e1f.webp,D:\Papah\suzukisemarangcenter\TRADA_RAW\suzukitradajateng.co.id\assets\images\interior\gx\interior-95e1f.webp,SHARED_INTERIOR,Interior,Relevant product page
interior-15e1f.webp,.webp,0.012,12198,suzukitradajateng.co.id\assets\images\interior\ss\interior-15e1f.webp,D:\Papah\suzukisemarangcenter\TRADA_RAW\suzukitradajateng.co.id\assets\images\interior\ss\interior-15e1f.webp,SHARED_INTERIOR,Interior,Relevant product page
interior-25e1f.webp,.webp,0.014,14652,suzukitradajateng.co.id\assets\images\interior\ss\interior-25e1f.webp,D:\Papah\suzukisemarangcenter\TRADA_RAW\suzukitradajateng.co.id\assets\images\interior\ss\interior-25e1f.webp,SHARED_INTERIOR,Interior,Relevant product page
interior-35e1f.webp,.webp,0.013,13984,suzukitradajateng.co.id\assets\images\interior\ss\interior-35e1f.webp,D:\Papah\suzukisemarangcenter\TRADA_RAW\suzukitradajateng.co.id\assets\images\interior\ss\interior-35e1f.webp,SHARED_INTERIOR,Interior,Relevant product page
interior-45e1f.webp,.webp,0.016,16518,suzukitradajateng.co.id\assets\images\interior\ss\interior-45e1f.webp,D:\Papah\suzukisemarangcenter\TRADA_RAW\suzukitradajateng.co.id\assets\images\interior\ss\interior-45e1f.webp,SHARED_INTERIOR,Interior,Relevant product page
interior-55e1f.webp,.webp,0.009,9910,suzukitradajateng.co.id\assets\images\interior\ss\interior-55e1f.webp,D:\Papah\suzukisemarangcenter\TRADA_RAW\suzukitradajateng.co.id\assets\images\interior\ss\interior-55e1f.webp,SHARED_INTERIOR,Interior,Relevant product page
interior-65e1f.webp,.webp,0.013,13200,suzukitradajateng.co.id\assets\images\interior\ss\interior-65e1f.webp,D:\Papah\suzukisemarangcenter\TRADA_RAW\suzukitradajateng.co.id\assets\images\interior\ss\interior-65e1f.webp,SHARED_INTERIOR,Interior,Relevant product page
interior-75e1f.webp,.webp,0.016,16310,suzukitradajateng.co.id\assets\images\interior\ss\interior-75e1f.webp,D:\Papah\suzukisemarangcenter\TRADA_RAW\suzukitradajateng.co.id\assets\images\interior\ss\interior-75e1f.webp,SHARED_INTERIOR,Interior,Relevant product page
interior-85e1f.webp,.webp,0.016,16702,suzukitradajateng.co.id\assets\images\interior\ss\interior-85e1f.webp,D:\Papah\suzukisemarangcenter\TRADA_RAW\suzukitradajateng.co.id\assets\images\interior\ss\interior-85e1f.webp,SHARED_INTERIOR,Interior,Relevant product page
arrow-right.png,.png,0.0,210,suzukitradajateng.co.id\assets\img\arrow-right.png,D:\Papah\suzukisemarangcenter\TRADA_RAW\suzukitradajateng.co.id\assets\img\arrow-right.png,UI_TECHNICAL,UI/technical asset,Archive/reference; not core website content
bg_breadcrumb.png,.png,0.0,336,suzukitradajateng.co.id\assets\img\bg_breadcrumb.png,D:\Papah\suzukisemarangcenter\TRADA_RAW\suzukitradajateng.co.id\assets\img\bg_breadcrumb.png,UI_TECHNICAL,UI/technical asset,Archive/reference; not core website content
bg_hubungi-sales.png,.png,0.301,315401,suzukitradajateng.co.id\assets\img\bg_hubungi-sales.png,D:\Papah\suzukisemarangcenter\TRADA_RAW\suzukitradajateng.co.id\assets\img\bg_hubungi-sales.png,ARCHIVE_UNIDENTIFIED,Unclear legacy asset,Archive until contextual source is confirmed
bg_page.png,.png,0.106,111595,suzukitradajateng.co.id\assets\img\bg_page.png,D:\Papah\suzukisemarangcenter\TRADA_RAW\suzukitradajateng.co.id\assets\img\bg_page.png,UI_TECHNICAL,UI/technical asset,Archive/reference; not core website content
bg_produk-pilihan.png,.png,0.004,3787,suzukitradajateng.co.id\assets\img\bg_produk-pilihan.png,D:\Papah\suzukisemarangcenter\TRADA_RAW\suzukitradajateng.co.id\assets\img\bg_produk-pilihan.png,UI_TECHNICAL,UI/technical asset,Archive/reference; not core website content
bg_stack-shadow_center.png,.png,0.002,1930,suzukitradajateng.co.id\assets\img\bg_stack-shadow_center.png,D:\Papah\suzukisemarangcenter\TRADA_RAW\suzukitradajateng.co.id\assets\img\bg_stack-shadow_center.png,UI_TECHNICAL,UI/technical asset,Archive/reference; not core website content
bg_stack-shadow_left.png,.png,0.003,3130,suzukitradajateng.co.id\assets\img\bg_stack-shadow_left.png,D:\Papah\suzukisemarangcenter\TRADA_RAW\suzukitradajateng.co.id\assets\img\bg_stack-shadow_left.png,UI_TECHNICAL,UI/technical asset,Archive/reference; not core website content
bg_stack-shadow_right.png,.png,0.003,2989,suzukitradajateng.co.id\assets\img\bg_stack-shadow_right.png,D:\Papah\suzukisemarangcenter\TRADA_RAW\suzukitradajateng.co.id\assets\img\bg_stack-shadow_right.png,UI_TECHNICAL,UI/technical asset,Archive/reference; not core website content
favicon.ico,.ico,0.001,1150,suzukitradajateng.co.id\assets\img\favicon.ico,D:\Papah\suzukisemarangcenter\TRADA_RAW\suzukitradajateng.co.id\assets\img\favicon.ico,BRAND_UI,Logo/icon,Header/footer/UI
favicon_16_suzuki.png,.png,0.001,1347,suzukitradajateng.co.id\assets\img\favicon_16_suzuki.png,D:\Papah\suzukisemarangcenter\TRADA_RAW\suzukitradajateng.co.id\assets\img\favicon_16_suzuki.png,BRAND_UI,Logo/icon,Header/footer/UI
favicon_180_suzuki.png,.png,0.014,14926,suzukitradajateng.co.id\assets\img\favicon_180_suzuki.png,D:\Papah\suzukisemarangcenter\TRADA_RAW\suzukitradajateng.co.id\assets\img\favicon_180_suzuki.png,BRAND_UI,Logo/icon,Header/footer/UI
favicon_192_suzuki.png,.png,0.016,16498,suzukitradajateng.co.id\assets\img\favicon_192_suzuki.png,D:\Papah\suzukisemarangcenter\TRADA_RAW\suzukitradajateng.co.id\assets\img\favicon_192_suzuki.png,BRAND_UI,Logo/icon,Header/footer/UI
favicon_32_suzuki.png,.png,0.002,2002,suzukitradajateng.co.id\assets\img\favicon_32_suzuki.png,D:\Papah\suzukisemarangcenter\TRADA_RAW\suzukitradajateng.co.id\assets\img\favicon_32_suzuki.png,BRAND_UI,Logo/icon,Header/footer/UI
favicon_512_suzuki.png,.png,0.065,68188,suzukitradajateng.co.id\assets\img\favicon_512_suzuki.png,D:\Papah\suzukisemarangcenter\TRADA_RAW\suzukitradajateng.co.id\assets\img\favicon_512_suzuki.png,BRAND_UI,Logo/icon,Header/footer/UI
floating_icon_c_calc.png,.png,0.0,486,suzukitradajateng.co.id\assets\img\floating_icon_c_calc.png,D:\Papah\suzukisemarangcenter\TRADA_RAW\suzukitradajateng.co.id\assets\img\floating_icon_c_calc.png,BRAND_UI,Logo/icon,Header/footer/UI
floating_icon_d_test-drive.png,.png,0.001,749,suzukitradajateng.co.id\assets\img\floating_icon_d_test-drive.png,D:\Papah\suzukisemarangcenter\TRADA_RAW\suzukitradajateng.co.id\assets\img\floating_icon_d_test-drive.png,BRAND_UI,Logo/icon,Header/footer/UI
floating_icon_e_booking-service.png,.png,0.001,567,suzukitradajateng.co.id\assets\img\floating_icon_e_booking-service.png,D:\Papah\suzukisemarangcenter\TRADA_RAW\suzukitradajateng.co.id\assets\img\floating_icon_e_booking-service.png,BRAND_UI,Logo/icon,Header/footer/UI
hero-angle.png,.png,1.314,1378058,suzukitradajateng.co.id\assets\img\hero-angle.png,D:\Papah\suzukisemarangcenter\TRADA_RAW\suzukitradajateng.co.id\assets\img\hero-angle.png,PROMO_HERO_BANNER,Banner/hero,Homepage/promo
icon_otp.png,.png,0.005,5606,suzukitradajateng.co.id\assets\img\icon_otp.png,D:\Papah\suzukisemarangcenter\TRADA_RAW\suzukitradajateng.co.id\assets\img\icon_otp.png,BRAND_UI,Logo/icon,Header/footer/UI
icon_top-bar_down.png,.png,0.0,201,suzukitradajateng.co.id\assets\img\icon_top-bar_down.png,D:\Papah\suzukisemarangcenter\TRADA_RAW\suzukitradajateng.co.id\assets\img\icon_top-bar_down.png,BRAND_UI,Logo/icon,Header/footer/UI
icon_top-bar_marker.png,.png,0.0,338,suzukitradajateng.co.id\assets\img\icon_top-bar_marker.png,D:\Papah\suzukisemarangcenter\TRADA_RAW\suzukitradajateng.co.id\assets\img\icon_top-bar_marker.png,BRAND_UI,Logo/icon,Header/footer/UI
line.png,.png,0.0,139,suzukitradajateng.co.id\assets\img\line.png,D:\Papah\suzukisemarangcenter\TRADA_RAW\suzukitradajateng.co.id\assets\img\line.png,UI_TECHNICAL,UI/technical asset,Archive/reference; not core website content
parts.png,.png,0.22,230826,suzukitradajateng.co.id\assets\img\parts.png,D:\Papah\suzukisemarangcenter\TRADA_RAW\suzukitradajateng.co.id\assets\img\parts.png,ARCHIVE_UNIDENTIFIED,Unclear legacy asset,Archive until contextual source is confirmed
putih_logo_splash.webp,.webp,0.003,2860,suzukitradajateng.co.id\assets\img\putih_logo_splash.webp,D:\Papah\suzukisemarangcenter\TRADA_RAW\suzukitradajateng.co.id\assets\img\putih_logo_splash.webp,BRAND_UI,Logo/icon,Header/footer/UI
sales.png,.png,0.179,187376,suzukitradajateng.co.id\assets\img\sales.png,D:\Papah\suzukisemarangcenter\TRADA_RAW\suzukitradajateng.co.id\assets\img\sales.png,ARCHIVE_UNIDENTIFIED,Unclear legacy asset,Archive until contextual source is confirmed
servis.png,.png,0.199,209060,suzukitradajateng.co.id\assets\img\servis.png,D:\Papah\suzukisemarangcenter\TRADA_RAW\suzukitradajateng.co.id\assets\img\servis.png,ARCHIVE_UNIDENTIFIED,Unclear legacy asset,Archive until contextual source is confirmed
splash-mb.jpg,.jpg,0.157,164215,suzukitradajateng.co.id\assets\img\splash-mb.jpg,D:\Papah\suzukisemarangcenter\TRADA_RAW\suzukitradajateng.co.id\assets\img\splash-mb.jpg,PROMO_HERO_BANNER,Banner/hero,Homepage/promo after visual review
sujuki.png,.png,0.04,41628,suzukitradajateng.co.id\assets\img\sujuki.png,D:\Papah\suzukisemarangcenter\TRADA_RAW\suzukitradajateng.co.id\assets\img\sujuki.png,ARCHIVE_UNIDENTIFIED,Unclear legacy asset,Archive until contextual source is confirmed
toggler-icon.svg,.svg,0.0,355,suzukitradajateng.co.id\assets\img\toggler-icon.svg,D:\Papah\suzukisemarangcenter\TRADA_RAW\suzukitradajateng.co.id\assets\img\toggler-icon.svg,BRAND_UI,Logo/icon,Header/footer/UI
grand-vitara.png,.png,0.395,413826,suzukitradajateng.co.id\assets\img\v2\grand-vitara.png,D:\Papah\suzukisemarangcenter\TRADA_RAW\suzukitradajateng.co.id\assets\img\v2\grand-vitara.png,GRAND_VITARA,Product asset,Product page + catalog
xl7-exterior-kv.png,.png,1.784,1871026,suzukitradajateng.co.id\assets\img\v2\xl7-exterior-kv.png,D:\Papah\suzukisemarangcenter\TRADA_RAW\suzukitradajateng.co.id\assets\img\v2\xl7-exterior-kv.png,XL7_HYBRID,Product asset,Homepage hero + product page
xl7-interior-kv.png,.png,1.421,1490210,suzukitradajateng.co.id\assets\img\v2\xl7-interior-kv.png,D:\Papah\suzukisemarangcenter\TRADA_RAW\suzukitradajateng.co.id\assets\img\v2\xl7-interior-kv.png,XL7_HYBRID,Product asset,Homepage hero + product page
about-new.webp,.webp,0.047,49394,suzukitradajateng.co.id\assets\img\v2\banner\about-new.webp,D:\Papah\suzukisemarangcenter\TRADA_RAW\suzukitradajateng.co.id\assets\img\v2\banner\about-new.webp,PROMO_HERO_BANNER,Banner/hero,Homepage/promo
banner-new-mb.webp,.webp,0.03,31232,suzukitradajateng.co.id\assets\img\v2\banner\banner-new-mb.webp,D:\Papah\suzukisemarangcenter\TRADA_RAW\suzukitradajateng.co.id\assets\img\v2\banner\banner-new-mb.webp,PROMO_HERO_BANNER,Banner/hero,Homepage/promo
banner-new.webp,.webp,0.087,91690,suzukitradajateng.co.id\assets\img\v2\banner\banner-new.webp,D:\Papah\suzukisemarangcenter\TRADA_RAW\suzukitradajateng.co.id\assets\img\v2\banner\banner-new.webp,PROMO_HERO_BANNER,Banner/hero,Homepage/promo
page-contact.webp,.webp,0.175,183504,suzukitradajateng.co.id\assets\img\v2\banner\page-contact.webp,D:\Papah\suzukisemarangcenter\TRADA_RAW\suzukitradajateng.co.id\assets\img\v2\banner\page-contact.webp,PROMO_HERO_BANNER,Banner/hero,Homepage/promo
page-news.webp,.webp,0.067,70012,suzukitradajateng.co.id\assets\img\v2\banner\page-news.webp,D:\Papah\suzukisemarangcenter\TRADA_RAW\suzukitradajateng.co.id\assets\img\v2\banner\page-news.webp,PROMO_HERO_BANNER,Banner/hero,Homepage/promo
page-part.webp,.webp,0.114,119598,suzukitradajateng.co.id\assets\img\v2\banner\page-part.webp,D:\Papah\suzukisemarangcenter\TRADA_RAW\suzukitradajateng.co.id\assets\img\v2\banner\page-part.webp,PROMO_HERO_BANNER,Banner/hero,Homepage/promo
page-service.webp,.webp,0.018,18836,suzukitradajateng.co.id\assets\img\v2\banner\page-service.webp,D:\Papah\suzukisemarangcenter\TRADA_RAW\suzukitradajateng.co.id\assets\img\v2\banner\page-service.webp,PROMO_HERO_BANNER,Banner/hero,Homepage/promo
page-simulasi-kredit.webp,.webp,0.063,66058,suzukitradajateng.co.id\assets\img\v2\banner\page-simulasi-kredit.webp,D:\Papah\suzukisemarangcenter\TRADA_RAW\suzukitradajateng.co.id\assets\img\v2\banner\page-simulasi-kredit.webp,PROMO_HERO_BANNER,Banner/hero,Homepage/promo
privacy-banner.webp,.webp,0.084,87604,suzukitradajateng.co.id\assets\img\v2\banner\privacy-banner.webp,D:\Papah\suzukisemarangcenter\TRADA_RAW\suzukitradajateng.co.id\assets\img\v2\banner\privacy-banner.webp,PROMO_HERO_BANNER,Banner/hero,Homepage/promo
produk-new.webp,.webp,0.032,33262,suzukitradajateng.co.id\assets\img\v2\banner\produk-new.webp,D:\Papah\suzukisemarangcenter\TRADA_RAW\suzukitradajateng.co.id\assets\img\v2\banner\produk-new.webp,PROMO_HERO_BANNER,Banner/hero,Homepage/promo
hub-sales.jpg,.jpg,0.005,5211,suzukitradajateng.co.id\assets\img\v2\icon\hub-sales.jpg,D:\Papah\suzukisemarangcenter\TRADA_RAW\suzukitradajateng.co.id\assets\img\v2\icon\hub-sales.jpg,BRAND_UI,Logo/icon,Header/footer/UI
hub-sales.webp,.webp,0.001,1214,suzukitradajateng.co.id\assets\img\v2\icon\hub-sales.webp,D:\Papah\suzukisemarangcenter\TRADA_RAW\suzukitradajateng.co.id\assets\img\v2\icon\hub-sales.webp,BRAND_UI,Logo/icon,Header/footer/UI
jadwal-service.jpg,.jpg,0.005,5659,suzukitradajateng.co.id\assets\img\v2\icon\jadwal-service.jpg,D:\Papah\suzukisemarangcenter\TRADA_RAW\suzukitradajateng.co.id\assets\img\v2\icon\jadwal-service.jpg,BRAND_UI,Logo/icon,Header/footer/UI
jadwal-service.webp,.webp,0.001,1226,suzukitradajateng.co.id\assets\img\v2\icon\jadwal-service.webp,D:\Papah\suzukisemarangcenter\TRADA_RAW\suzukitradajateng.co.id\assets\img\v2\icon\jadwal-service.webp,BRAND_UI,Logo/icon,Header/footer/UI
pesan-part.jpg,.jpg,0.005,5032,suzukitradajateng.co.id\assets\img\v2\icon\pesan-part.jpg,D:\Papah\suzukisemarangcenter\TRADA_RAW\suzukitradajateng.co.id\assets\img\v2\icon\pesan-part.jpg,BRAND_UI,Logo/icon,Header/footer/UI
pesan-part.webp,.webp,0.001,1278,suzukitradajateng.co.id\assets\img\v2\icon\pesan-part.webp,D:\Papah\suzukisemarangcenter\TRADA_RAW\suzukitradajateng.co.id\assets\img\v2\icon\pesan-part.webp,BRAND_UI,Logo/icon,Header/footer/UI
simulasi-kredit.jpg,.jpg,0.005,4934,suzukitradajateng.co.id\assets\img\v2\icon\simulasi-kredit.jpg,D:\Papah\suzukisemarangcenter\TRADA_RAW\suzukitradajateng.co.id\assets\img\v2\icon\simulasi-kredit.jpg,BRAND_UI,Logo/icon,Header/footer/UI
simulasi-kredit.webp,.webp,0.001,1052,suzukitradajateng.co.id\assets\img\v2\icon\simulasi-kredit.webp,D:\Papah\suzukisemarangcenter\TRADA_RAW\suzukitradajateng.co.id\assets\img\v2\icon\simulasi-kredit.webp,BRAND_UI,Logo/icon,Header/footer/UI
news-1.webp,.webp,0.007,7760,suzukitradajateng.co.id\assets\img\v2\post\news-1.webp,D:\Papah\suzukisemarangcenter\TRADA_RAW\suzukitradajateng.co.id\assets\img\v2\post\news-1.webp,ARTICLE_MEDIA,Article image,Blog/SEO article
ertiga.webp,.webp,0.006,6394,suzukitradajateng.co.id\assets\img\v2\product\ertiga.webp,D:\Papah\suzukisemarangcenter\TRADA_RAW\suzukitradajateng.co.id\assets\img\v2\product\ertiga.webp,ERTIGA_HYBRID,Product/color/interior,Product page + catalog
seat.svg,.svg,0.002,1669,suzukitradajateng.co.id\assets\img\v2\product-page\seat.svg,D:\Papah\suzukisemarangcenter\TRADA_RAW\suzukitradajateng.co.id\assets\img\v2\product-page\seat.svg,UI_TECHNICAL,UI/technical asset,Archive/reference; not core website content
transmisi.svg,.svg,0.001,985,suzukitradajateng.co.id\assets\img\v2\product-page\transmisi.svg,D:\Papah\suzukisemarangcenter\TRADA_RAW\suzukitradajateng.co.id\assets\img\v2\product-page\transmisi.svg,UI_TECHNICAL,UI/technical asset,Archive/reference; not core website content
arrow-down.svg,.svg,0.0,197,suzukitradajateng.co.id\assets\img\v2\svg\arrow-down.svg,D:\Papah\suzukisemarangcenter\TRADA_RAW\suzukitradajateng.co.id\assets\img\v2\svg\arrow-down.svg,UI_TECHNICAL,UI/technical asset,Archive/reference; not core website content
arrow-right-outlet.svg,.svg,0.0,260,suzukitradajateng.co.id\assets\img\v2\svg\arrow-right-outlet.svg,D:\Papah\suzukisemarangcenter\TRADA_RAW\suzukitradajateng.co.id\assets\img\v2\svg\arrow-right-outlet.svg,UI_TECHNICAL,UI/technical asset,Archive/reference; not core website content
arrow-right.svg,.svg,0.001,889,suzukitradajateng.co.id\assets\img\v2\svg\arrow-right.svg,D:\Papah\suzukisemarangcenter\TRADA_RAW\suzukitradajateng.co.id\assets\img\v2\svg\arrow-right.svg,UI_TECHNICAL,UI/technical asset,Archive/reference; not core website content
date.svg,.svg,0.002,1737,suzukitradajateng.co.id\assets\img\v2\svg\date.svg,D:\Papah\suzukisemarangcenter\TRADA_RAW\suzukitradajateng.co.id\assets\img\v2\svg\date.svg,UI_TECHNICAL,UI/technical asset,Archive/reference; not core website content
fb.svg,.svg,0.0,404,suzukitradajateng.co.id\assets\img\v2\svg\fb.svg,D:\Papah\suzukisemarangcenter\TRADA_RAW\suzukitradajateng.co.id\assets\img\v2\svg\fb.svg,UI_TECHNICAL,UI/technical asset,Archive/reference; not core website content
ig.svg,.svg,0.005,4780,suzukitradajateng.co.id\assets\img\v2\svg\ig.svg,D:\Papah\suzukisemarangcenter\TRADA_RAW\suzukitradajateng.co.id\assets\img\v2\svg\ig.svg,UI_TECHNICAL,UI/technical asset,Archive/reference; not core website content
logo.svg,.svg,0.23,241219,suzukitradajateng.co.id\assets\img\v2\svg\logo.svg,D:\Papah\suzukisemarangcenter\TRADA_RAW\suzukitradajateng.co.id\assets\img\v2\svg\logo.svg,BRAND_UI,Logo/icon,Header/footer/UI
plus.svg,.svg,0.0,481,suzukitradajateng.co.id\assets\img\v2\svg\plus.svg,D:\Papah\suzukisemarangcenter\TRADA_RAW\suzukitradajateng.co.id\assets\img\v2\svg\plus.svg,UI_TECHNICAL,UI/technical asset,Archive/reference; not core website content
right-bc.svg,.svg,0.0,412,suzukitradajateng.co.id\assets\img\v2\svg\right-bc.svg,D:\Papah\suzukisemarangcenter\TRADA_RAW\suzukitradajateng.co.id\assets\img\v2\svg\right-bc.svg,UI_TECHNICAL,UI/technical asset,Archive/reference; not core website content
share.svg,.svg,0.001,1260,suzukitradajateng.co.id\assets\img\v2\svg\share.svg,D:\Papah\suzukisemarangcenter\TRADA_RAW\suzukitradajateng.co.id\assets\img\v2\svg\share.svg,UI_TECHNICAL,UI/technical asset,Archive/reference; not core website content
telephone.svg,.svg,0.001,1013,suzukitradajateng.co.id\assets\img\v2\svg\telephone.svg,D:\Papah\suzukisemarangcenter\TRADA_RAW\suzukitradajateng.co.id\assets\img\v2\svg\telephone.svg,UI_TECHNICAL,UI/technical asset,Archive/reference; not core website content
user.svg,.svg,0.002,1968,suzukitradajateng.co.id\assets\img\v2\svg\user.svg,D:\Papah\suzukisemarangcenter\TRADA_RAW\suzukitradajateng.co.id\assets\img\v2\svg\user.svg,UI_TECHNICAL,UI/technical asset,Archive/reference; not core website content
wa.svg,.svg,0.001,1371,suzukitradajateng.co.id\assets\img\v2\svg\wa.svg,D:\Papah\suzukisemarangcenter\TRADA_RAW\suzukitradajateng.co.id\assets\img\v2\svg\wa.svg,UI_TECHNICAL,UI/technical asset,Archive/reference; not core website content
yt.svg,.svg,0.004,4064,suzukitradajateng.co.id\assets\img\v2\svg\yt.svg,D:\Papah\suzukisemarangcenter\TRADA_RAW\suzukitradajateng.co.id\assets\img\v2\svg\yt.svg,UI_TECHNICAL,UI/technical asset,Archive/reference; not core website content
email-v2.svg,.svg,0.001,895,suzukitradajateng.co.id\assets\svg\email-v2.svg,D:\Papah\suzukisemarangcenter\TRADA_RAW\suzukitradajateng.co.id\assets\svg\email-v2.svg,UI_TECHNICAL,UI/technical asset,Archive/reference; not core website content
fb-v2.svg,.svg,0.0,398,suzukitradajateng.co.id\assets\svg\fb-v2.svg,D:\Papah\suzukisemarangcenter\TRADA_RAW\suzukitradajateng.co.id\assets\svg\fb-v2.svg,UI_TECHNICAL,UI/technical asset,Archive/reference; not core website content
telegram-v2.svg,.svg,0.001,1007,suzukitradajateng.co.id\assets\svg\telegram-v2.svg,D:\Papah\suzukisemarangcenter\TRADA_RAW\suzukitradajateng.co.id\assets\svg\telegram-v2.svg,UI_TECHNICAL,UI/technical asset,Archive/reference; not core website content
wa-v2.svg,.svg,0.002,1927,suzukitradajateng.co.id\assets\svg\wa-v2.svg,D:\Papah\suzukisemarangcenter\TRADA_RAW\suzukitradajateng.co.id\assets\svg\wa-v2.svg,UI_TECHNICAL,UI/technical asset,Archive/reference; not core website content
x-v2.svg,.svg,0.0,421,suzukitradajateng.co.id\assets\svg\x-v2.svg,D:\Papah\suzukisemarangcenter\TRADA_RAW\suzukitradajateng.co.id\assets\svg\x-v2.svg,UI_TECHNICAL,UI/technical asset,Archive/reference; not core website content
131914304_s.jpg,.jpg,0.049,51457,www.suzuki.co.id\uploads\image\131914304_s.jpg,D:\Papah\suzukisemarangcenter\TRADA_RAW\www.suzuki.co.id\uploads\image\131914304_s.jpg,ARTICLE_MEDIA,Article image,Blog/SEO article
Suzuki_Digimod_Contest_-_Pemenang_Favorit_1__1_.jpg,.jpg,0.326,341765,www.suzuki.co.id\uploads\image\Suzuki_Digimod_Contest_-_Pemenang_Favorit_1__1_.jpg,D:\Papah\suzukisemarangcenter\TRADA_RAW\www.suzuki.co.id\uploads\image\Suzuki_Digimod_Contest_-_Pemenang_Favorit_1__1_.jpg,EXTERNAL_REFERENCE,External-source asset,Archive/reference; do not publish automatically
Suzuki_Digimod_Contest_-_Pemenang_Favorit_2__1_.jpg,.jpg,0.292,306376,www.suzuki.co.id\uploads\image\Suzuki_Digimod_Contest_-_Pemenang_Favorit_2__1_.jpg,D:\Papah\suzukisemarangcenter\TRADA_RAW\www.suzuki.co.id\uploads\image\Suzuki_Digimod_Contest_-_Pemenang_Favorit_2__1_.jpg,EXTERNAL_REFERENCE,External-source asset,Archive/reference; do not publish automatically
Suzuki_Digimod_Contest_-_Pemenang_Favorit_3__1_.jpg,.jpg,0.325,340868,www.suzuki.co.id\uploads\image\Suzuki_Digimod_Contest_-_Pemenang_Favorit_3__1_.jpg,D:\Papah\suzukisemarangcenter\TRADA_RAW\www.suzuki.co.id\uploads\image\Suzuki_Digimod_Contest_-_Pemenang_Favorit_3__1_.jpg,EXTERNAL_REFERENCE,External-source asset,Archive/reference; do not publish automatically
Suzuki_Digimod_Contest_-_Pemenang_Utama__1_.jpg,.jpg,0.287,300935,www.suzuki.co.id\uploads\image\Suzuki_Digimod_Contest_-_Pemenang_Utama__1_.jpg,D:\Papah\suzukisemarangcenter\TRADA_RAW\www.suzuki.co.id\uploads\image\Suzuki_Digimod_Contest_-_Pemenang_Utama__1_.jpg,EXTERNAL_REFERENCE,External-source asset,Archive/reference; do not publish automatically
