"Status","Name","Source","Destination","Reason"
"ARCHIVE_SKIP","backblue.gif","D:\Papah\suzukisemarangcenter\TRADA_RAW\backblue.gif","","Archive/reference"
"ARCHIVE_SKIP","fade.gif","D:\Papah\suzukisemarangcenter\TRADA_RAW\fade.gif","","Archive/reference"
"COPIED","003_-_Front_View_45º_FIXED_LAYERS_(5)-JIMNY_5-DOORS2705.webp","D:\Papah\suzukisemarangcenter\TRADA_RAW\cms.suzukihyperlocal.com\003_-_Front_View_45º_FIXED_LAYERS_(5)-JIMNY_5-DOORS2705.webp","D:\Papah\suzukisemarangcenter\SUZUKI_CENTER_ASSETS_FINAL\PRODUCTS\JIMNY\003_-_Front_View_45º_FIXED_LAYERS_(5)-JIMNY_5-DOORS2705.webp",""
"COPIED","003_COLORIZE_BLUISH_BLACK_FIXED_LAYERS-JIMNY_5-DOORSf5d8.webp","D:\Papah\suzukisemarangcenter\TRADA_RAW\cms.suzukihyperlocal.com\003_COLORIZE_BLUISH_BLACK_FIXED_LAYERS-JIMNY_5-DOORSf5d8.webp","D:\Papah\suzukisemarangcenter\SUZUKI_CENTER_ASSETS_FINAL\PRODUCTS\JIMNY\003_COLORIZE_BLUISH_BLACK_FIXED_LAYERS-JIMNY_5-DOORSf5d8.webp",""
"COPIED","003_COLORIZE_GRANITE_GRAY_FIXED_LAYERS-JIMNY_5-DOORS804a.webp","D:\Papah\suzukisemarangcenter\TRADA_RAW\cms.suzukihyperlocal.com\003_COLORIZE_GRANITE_GRAY_FIXED_LAYERS-JIMNY_5-DOORS804a.webp","D:\Papah\suzukisemarangcenter\SUZUKI_CENTER_ASSETS_FINAL\PRODUCTS\JIMNY\003_COLORIZE_GRANITE_GRAY_FIXED_LAYERS-JIMNY_5-DOORS804a.webp",""
"COPIED","003_COLORIZE_JUNGLE_GREEN_FIXED_LAYERS-JIMNY_5-DOORS3e08.webp","D:\Papah\suzukisemarangcenter\TRADA_RAW\cms.suzukihyperlocal.com\003_COLORIZE_JUNGLE_GREEN_FIXED_LAYERS-JIMNY_5-DOORS3e08.webp","D:\Papah\suzukisemarangcenter\SUZUKI_CENTER_ASSETS_FINAL\PRODUCTS\JIMNY\003_COLORIZE_JUNGLE_GREEN_FIXED_LAYERS-JIMNY_5-DOORS3e08.webp",""
"COPIED","003_COLORIZE_KINETIC_YELLOW_FIXED_LAYERS-JIMNY_5-DOORS05cf.webp","D:\Papah\suzukisemarangcenter\TRADA_RAW\cms.suzukihyperlocal.com\003_COLORIZE_KINETIC_YELLOW_FIXED_LAYERS-JIMNY_5-DOORS05cf.webp","D:\Papah\suzukisemarangcenter\SUZUKI_CENTER_ASSETS_FINAL\PRODUCTS\JIMNY\003_COLORIZE_KINETIC_YELLOW_FIXED_LAYERS-JIMNY_5-DOORS05cf.webp",""
"COPIED","003_COLORIZE_METALLIC_CHIFFON_IVORY_FIXED_LAYERS-JIMNY_5-DOORS2120.webp","D:\Papah\suzukisemarangcenter\TRADA_RAW\cms.suzukihyperlocal.com\003_COLORIZE_METALLIC_CHIFFON_IVORY_FIXED_LAYERS-JIMNY_5-DOORS2120.webp","D:\Papah\suzukisemarangcenter\SUZUKI_CENTER_ASSETS_FINAL\PRODUCTS\JIMNY\003_COLORIZE_METALLIC_CHIFFON_IVORY_FIXED_LAYERS-JIMNY_5-DOORS2120.webp",""
"COPIED","01_Suzuki FRONX GL Exterior 45┬║ front side - FLIP [COOL BLACK]-GLd57e.png","D:\Papah\suzukisemarangcenter\TRADA_RAW\cms.suzukihyperlocal.com\01_Suzuki FRONX GL Exterior 45┬║ front side - FLIP [COOL BLACK]-GLd57e.png","D:\Papah\suzukisemarangcenter\SUZUKI_CENTER_ASSETS_FINAL\PRODUCTS\FRONX\01_Suzuki FRONX GL Exterior 45┬║ front side - FLIP [COOL BLACK]-GLd57e.png",""
"COPIED","01_Suzuki FRONX GL Exterior 45┬║ front side - FLIP [MAGMA GREY]-GLe73f.png","D:\Papah\suzukisemarangcenter\TRADA_RAW\cms.suzukihyperlocal.com\01_Suzuki FRONX GL Exterior 45┬║ front side - FLIP [MAGMA GREY]-GLe73f.png","D:\Papah\suzukisemarangcenter\SUZUKI_CENTER_ASSETS_FINAL\PRODUCTS\FRONX\01_Suzuki FRONX GL Exterior 45┬║ front side - FLIP [MAGMA GREY]-GLe73f.png",""
"COPIED","01_Suzuki FRONX GL Exterior 45┬║ front side - FLIP [SNOW WHITE]-GLda52.png","D:\Papah\suzukisemarangcenter\TRADA_RAW\cms.suzukihyperlocal.com\01_Suzuki FRONX GL Exterior 45┬║ front side - FLIP [SNOW WHITE]-GLda52.png","D:\Papah\suzukisemarangcenter\SUZUKI_CENTER_ASSETS_FINAL\PRODUCTS\FRONX\01_Suzuki FRONX GL Exterior 45┬║ front side - FLIP [SNOW WHITE]-GLda52.png",""
"COPIED","01_Suzuki FRONX GX Exterior 45┬║ front side - FLIP [COOL BLACK] copy-GX8429.png","D:\Papah\suzukisemarangcenter\TRADA_RAW\cms.suzukihyperlocal.com\01_Suzuki FRONX GX Exterior 45┬║ front side - FLIP [COOL BLACK] copy-GX8429.png","D:\Papah\suzukisemarangcenter\SUZUKI_CENTER_ASSETS_FINAL\PRODUCTS\FRONX\01_Suzuki FRONX GX Exterior 45┬║ front side - FLIP [COOL BLACK] copy-GX8429.png",""
"COPIED","01_Suzuki FRONX GX Exterior 45┬║ front side - FLIP [MAGMA GREY] copy-GX7bb4.png","D:\Papah\suzukisemarangcenter\TRADA_RAW\cms.suzukihyperlocal.com\01_Suzuki FRONX GX Exterior 45┬║ front side - FLIP [MAGMA GREY] copy-GX7bb4.png","D:\Papah\suzukisemarangcenter\SUZUKI_CENTER_ASSETS_FINAL\PRODUCTS\FRONX\01_Suzuki FRONX GX Exterior 45┬║ front side - FLIP [MAGMA GREY] copy-GX7bb4.png",""
"COPIED","01_Suzuki FRONX GX Exterior 45┬║ front side - FLIP [SAVANA IVORY] copy-GX349b.png","D:\Papah\suzukisemarangcenter\TRADA_RAW\cms.suzukihyperlocal.com\01_Suzuki FRONX GX Exterior 45┬║ front side - FLIP [SAVANA IVORY] copy-GX349b.png","D:\Papah\suzukisemarangcenter\SUZUKI_CENTER_ASSETS_FINAL\PRODUCTS\FRONX\01_Suzuki FRONX GX Exterior 45┬║ front side - FLIP [SAVANA IVORY] copy-GX349b.png",""
"COPIED","01_Suzuki FRONX GX Exterior 45┬║ front side - FLIP [SNOW WHITE] copy-GX3659.png","D:\Papah\suzukisemarangcenter\TRADA_RAW\cms.suzukihyperlocal.com\01_Suzuki FRONX GX Exterior 45┬║ front side - FLIP [SNOW WHITE] copy-GX3659.png","D:\Papah\suzukisemarangcenter\SUZUKI_CENTER_ASSETS_FINAL\PRODUCTS\FRONX\01_Suzuki FRONX GX Exterior 45┬║ front side - FLIP [SNOW WHITE] copy-GX3659.png",""
"COPIED","01_Suzuki FRONX SGX Exterior 45┬║ front side - FLIP [COOL BLACK] copy-SGX5bc7.png","D:\Papah\suzukisemarangcenter\TRADA_RAW\cms.suzukihyperlocal.com\01_Suzuki FRONX SGX Exterior 45┬║ front side - FLIP [COOL BLACK] copy-SGX5bc7.png","D:\Papah\suzukisemarangcenter\SUZUKI_CENTER_ASSETS_FINAL\PRODUCTS\FRONX\01_Suzuki FRONX SGX Exterior 45┬║ front side - FLIP [COOL BLACK] copy-SGX5bc7.png",""
"COPIED","01_Suzuki FRONX SGX Exterior 45┬║ front side - FLIP [SAVANA IVORY] copy-SGX2792.png","D:\Papah\suzukisemarangcenter\TRADA_RAW\cms.suzukihyperlocal.com\01_Suzuki FRONX SGX Exterior 45┬║ front side - FLIP [SAVANA IVORY] copy-SGX2792.png","D:\Papah\suzukisemarangcenter\SUZUKI_CENTER_ASSETS_FINAL\PRODUCTS\FRONX\01_Suzuki FRONX SGX Exterior 45┬║ front side - FLIP [SAVANA IVORY] copy-SGX2792.png",""
"COPIED","01_Suzuki FRONX SGX Exterior 45┬║ front side - FLIP [SNOW WHITE] copy-SGXc61c.png","D:\Papah\suzukisemarangcenter\TRADA_RAW\cms.suzukihyperlocal.com\01_Suzuki FRONX SGX Exterior 45┬║ front side - FLIP [SNOW WHITE] copy-SGXc61c.png","D:\Papah\suzukisemarangcenter\SUZUKI_CENTER_ASSETS_FINAL\PRODUCTS\FRONX\01_Suzuki FRONX SGX Exterior 45┬║ front side - FLIP [SNOW WHITE] copy-SGXc61c.png",""
"COPIED","01_Suzuki FRONX SGX Exterior 45┬║ front side [ICE GRAYISH BLUE] copy-SGX5513.png","D:\Papah\suzukisemarangcenter\TRADA_RAW\cms.suzukihyperlocal.com\01_Suzuki FRONX SGX Exterior 45┬║ front side [ICE GRAYISH BLUE] copy-SGX5513.png","D:\Papah\suzukisemarangcenter\SUZUKI_CENTER_ASSETS_FINAL\PRODUCTS\FRONX\01_Suzuki FRONX SGX Exterior 45┬║ front side [ICE GRAYISH BLUE] copy-SGX5513.png",""
"COPIED","11. Head-Up Displaye1cd.png","D:\Papah\suzukisemarangcenter\TRADA_RAW\cms.suzukihyperlocal.com\11. Head-Up Displaye1cd.png","D:\Papah\suzukisemarangcenter\SUZUKI_CENTER_ASSETS_FINAL\FEATURES_SAFETY\11. Head-Up Displaye1cd.png",""
"COPIED","111a95.jpg","D:\Papah\suzukisemarangcenter\TRADA_RAW\cms.suzukihyperlocal.com\111a95.jpg","D:\Papah\suzukisemarangcenter\SUZUKI_CENTER_ASSETS_FINAL\ARCHIVE\REFERENCE\111a95.jpg",""
"COPIED","13. ELECTRONIC STABILITY PROGRAM (ESP®️)____b2ca.png","D:\Papah\suzukisemarangcenter\TRADA_RAW\cms.suzukihyperlocal.com\13. ELECTRONIC STABILITY PROGRAM (ESP®️)____b2ca.png","D:\Papah\suzukisemarangcenter\SUZUKI_CENTER_ASSETS_FINAL\FEATURES_SAFETY\13. ELECTRONIC STABILITY PROGRAM (ESP®️)____b2ca.png",""
"COPIED","1583137774-Recoveredfe3e.jpg","D:\Papah\suzukisemarangcenter\TRADA_RAW\cms.suzukihyperlocal.com\1583137774-Recoveredfe3e.jpg","D:\Papah\suzukisemarangcenter\SUZUKI_CENTER_ASSETS_FINAL\ARTICLES\1583137774-Recoveredfe3e.jpg",""
"COPIED","16b719.jpg","D:\Papah\suzukisemarangcenter\TRADA_RAW\cms.suzukihyperlocal.com\16b719.jpg","D:\Papah\suzukisemarangcenter\SUZUKI_CENTER_ASSETS_FINAL\ARCHIVE\REFERENCE\16b719.jpg",""
"COPIED","17137861602feb.webp","D:\Papah\suzukisemarangcenter\TRADA_RAW\cms.suzukihyperlocal.com\17137861602feb.webp","D:\Papah\suzukisemarangcenter\SUZUKI_CENTER_ASSETS_FINAL\ARTICLES\17137861602feb.webp",""
"COPIED","17155963419779.webp","D:\Papah\suzukisemarangcenter\TRADA_RAW\cms.suzukihyperlocal.com\17155963419779.webp","D:\Papah\suzukisemarangcenter\SUZUKI_CENTER_ASSETS_FINAL\ARTICLES\17155963419779.webp",""
"COPIED","17161923277f1c.webp","D:\Papah\suzukisemarangcenter\TRADA_RAW\cms.suzukihyperlocal.com\17161923277f1c.webp","D:\Papah\suzukisemarangcenter\SUZUKI_CENTER_ASSETS_FINAL\ARTICLES\17161923277f1c.webp",""
"COPIED","1716799842c56b.webp","D:\Papah\suzukisemarangcenter\TRADA_RAW\cms.suzukihyperlocal.com\1716799842c56b.webp","D:\Papah\suzukisemarangcenter\SUZUKI_CENTER_ASSETS_FINAL\ARTICLES\1716799842c56b.webp",""
"COPIED","171696450608f2.webp","D:\Papah\suzukisemarangcenter\TRADA_RAW\cms.suzukihyperlocal.com\171696450608f2.webp","D:\Papah\suzukisemarangcenter\SUZUKI_CENTER_ASSETS_FINAL\ARTICLES\171696450608f2.webp",""
"COPIED","171774887880c0.webp","D:\Papah\suzukisemarangcenter\TRADA_RAW\cms.suzukihyperlocal.com\171774887880c0.webp","D:\Papah\suzukisemarangcenter\SUZUKI_CENTER_ASSETS_FINAL\ARTICLES\171774887880c0.webp",""
"COPIED","17183596835e90.webp","D:\Papah\suzukisemarangcenter\TRADA_RAW\cms.suzukihyperlocal.com\17183596835e90.webp","D:\Papah\suzukisemarangcenter\SUZUKI_CENTER_ASSETS_FINAL\ARTICLES\17183596835e90.webp",""
"COPIED","17189530829d64.webp","D:\Papah\suzukisemarangcenter\TRADA_RAW\cms.suzukihyperlocal.com\17189530829d64.webp","D:\Papah\suzukisemarangcenter\SUZUKI_CENTER_ASSETS_FINAL\ARTICLES\17189530829d64.webp",""
"COPIED","17207736751b91.webp","D:\Papah\suzukisemarangcenter\TRADA_RAW\cms.suzukihyperlocal.com\17207736751b91.webp","D:\Papah\suzukisemarangcenter\SUZUKI_CENTER_ASSETS_FINAL\ARTICLES\17207736751b91.webp",""
"COPIED","1721267161b821.webp","D:\Papah\suzukisemarangcenter\TRADA_RAW\cms.suzukihyperlocal.com\1721267161b821.webp","D:\Papah\suzukisemarangcenter\SUZUKI_CENTER_ASSETS_FINAL\ARTICLES\1721267161b821.webp",""
"COPIED","1721398724cdb1.webp","D:\Papah\suzukisemarangcenter\TRADA_RAW\cms.suzukihyperlocal.com\1721398724cdb1.webp","D:\Papah\suzukisemarangcenter\SUZUKI_CENTER_ASSETS_FINAL\ARTICLES\1721398724cdb1.webp",""
"COPIED","1721987785a5e0.webp","D:\Papah\suzukisemarangcenter\TRADA_RAW\cms.suzukihyperlocal.com\1721987785a5e0.webp","D:\Papah\suzukisemarangcenter\SUZUKI_CENTER_ASSETS_FINAL\ARTICLES\1721987785a5e0.webp",""
"COPIED","17231885607423.webp","D:\Papah\suzukisemarangcenter\TRADA_RAW\cms.suzukihyperlocal.com\17231885607423.webp","D:\Papah\suzukisemarangcenter\SUZUKI_CENTER_ASSETS_FINAL\ARTICLES\17231885607423.webp",""
"COPIED","17237207855f09.webp","D:\Papah\suzukisemarangcenter\TRADA_RAW\cms.suzukihyperlocal.com\17237207855f09.webp","D:\Papah\suzukisemarangcenter\SUZUKI_CENTER_ASSETS_FINAL\ARTICLES\17237207855f09.webp",""
"COPIED","17244248259f5a.webp","D:\Papah\suzukisemarangcenter\TRADA_RAW\cms.suzukihyperlocal.com\17244248259f5a.webp","D:\Papah\suzukisemarangcenter\SUZUKI_CENTER_ASSETS_FINAL\ARTICLES\17244248259f5a.webp",""
"COPIED","1726142830773b.webp","D:\Papah\suzukisemarangcenter\TRADA_RAW\cms.suzukihyperlocal.com\1726142830773b.webp","D:\Papah\suzukisemarangcenter\SUZUKI_CENTER_ASSETS_FINAL\ARTICLES\1726142830773b.webp",""
"COPIED","1727081711a7a9.webp","D:\Papah\suzukisemarangcenter\TRADA_RAW\cms.suzukihyperlocal.com\1727081711a7a9.webp","D:\Papah\suzukisemarangcenter\SUZUKI_CENTER_ASSETS_FINAL\ARTICLES\1727081711a7a9.webp",""
"COPIED","1727355217edb9.webp","D:\Papah\suzukisemarangcenter\TRADA_RAW\cms.suzukihyperlocal.com\1727355217edb9.webp","D:\Papah\suzukisemarangcenter\SUZUKI_CENTER_ASSETS_FINAL\ARTICLES\1727355217edb9.webp",""
"COPIED","1728568099ca48.webp","D:\Papah\suzukisemarangcenter\TRADA_RAW\cms.suzukihyperlocal.com\1728568099ca48.webp","D:\Papah\suzukisemarangcenter\SUZUKI_CENTER_ASSETS_FINAL\ARTICLES\1728568099ca48.webp",""
"COPIED","17295240035279.webp","D:\Papah\suzukisemarangcenter\TRADA_RAW\cms.suzukihyperlocal.com\17295240035279.webp","D:\Papah\suzukisemarangcenter\SUZUKI_CENTER_ASSETS_FINAL\ARTICLES\17295240035279.webp",""
"COPIED","173106476802e3.webp","D:\Papah\suzukisemarangcenter\TRADA_RAW\cms.suzukihyperlocal.com\173106476802e3.webp","D:\Papah\suzukisemarangcenter\SUZUKI_CENTER_ASSETS_FINAL\ARTICLES\173106476802e3.webp",""
"COPIED","1731998294465f.webp","D:\Papah\suzukisemarangcenter\TRADA_RAW\cms.suzukihyperlocal.com\1731998294465f.webp","D:\Papah\suzukisemarangcenter\SUZUKI_CENTER_ASSETS_FINAL\ARTICLES\1731998294465f.webp",""
"COPIED","173225867612cc.webp","D:\Papah\suzukisemarangcenter\TRADA_RAW\cms.suzukihyperlocal.com\173225867612cc.webp","D:\Papah\suzukisemarangcenter\SUZUKI_CENTER_ASSETS_FINAL\ARTICLES\173225867612cc.webp",""
"COPIED","1734089703049c.webp","D:\Papah\suzukisemarangcenter\TRADA_RAW\cms.suzukihyperlocal.com\1734089703049c.webp","D:\Papah\suzukisemarangcenter\SUZUKI_CENTER_ASSETS_FINAL\ARTICLES\1734089703049c.webp",""
"COPIED","1734620944ffd3.webp","D:\Papah\suzukisemarangcenter\TRADA_RAW\cms.suzukihyperlocal.com\1734620944ffd3.webp","D:\Papah\suzukisemarangcenter\SUZUKI_CENTER_ASSETS_FINAL\ARTICLES\1734620944ffd3.webp",""
"COPIED","173554239008a0.webp","D:\Papah\suzukisemarangcenter\TRADA_RAW\cms.suzukihyperlocal.com\173554239008a0.webp","D:\Papah\suzukisemarangcenter\SUZUKI_CENTER_ASSETS_FINAL\ARTICLES\173554239008a0.webp",""
"COPIED","17365013026750.webp","D:\Papah\suzukisemarangcenter\TRADA_RAW\cms.suzukihyperlocal.com\17365013026750.webp","D:\Papah\suzukisemarangcenter\SUZUKI_CENTER_ASSETS_FINAL\ARTICLES\17365013026750.webp",""
"COPIED","17374715481a68.webp","D:\Papah\suzukisemarangcenter\TRADA_RAW\cms.suzukihyperlocal.com\17374715481a68.webp","D:\Papah\suzukisemarangcenter\SUZUKI_CENTER_ASSETS_FINAL\ARTICLES\17374715481a68.webp",""
"COPIED","1738159733facd.webp","D:\Papah\suzukisemarangcenter\TRADA_RAW\cms.suzukihyperlocal.com\1738159733facd.webp","D:\Papah\suzukisemarangcenter\SUZUKI_CENTER_ASSETS_FINAL\ARTICLES\1738159733facd.webp",""
"COPIED","1738915910de22.webp","D:\Papah\suzukisemarangcenter\TRADA_RAW\cms.suzukihyperlocal.com\1738915910de22.webp","D:\Papah\suzukisemarangcenter\SUZUKI_CENTER_ASSETS_FINAL\ARTICLES\1738915910de22.webp",""
"COPIED","1739888867992c.webp","D:\Papah\suzukisemarangcenter\TRADA_RAW\cms.suzukihyperlocal.com\1739888867992c.webp","D:\Papah\suzukisemarangcenter\SUZUKI_CENTER_ASSETS_FINAL\ARTICLES\1739888867992c.webp",""
"COPIED","1739957442a875.webp","D:\Papah\suzukisemarangcenter\TRADA_RAW\cms.suzukihyperlocal.com\1739957442a875.webp","D:\Papah\suzukisemarangcenter\SUZUKI_CENTER_ASSETS_FINAL\ARTICLES\1739957442a875.webp",""
"COPIED","17409250779db7.webp","D:\Papah\suzukisemarangcenter\TRADA_RAW\cms.suzukihyperlocal.com\17409250779db7.webp","D:\Papah\suzukisemarangcenter\SUZUKI_CENTER_ASSETS_FINAL\ARTICLES\17409250779db7.webp",""
"COPIED","17411633055913.webp","D:\Papah\suzukisemarangcenter\TRADA_RAW\cms.suzukihyperlocal.com\17411633055913.webp","D:\Papah\suzukisemarangcenter\SUZUKI_CENTER_ASSETS_FINAL\ARTICLES\17411633055913.webp",""
"COPIED","1742477237b75c.webp","D:\Papah\suzukisemarangcenter\TRADA_RAW\cms.suzukihyperlocal.com\1742477237b75c.webp","D:\Papah\suzukisemarangcenter\SUZUKI_CENTER_ASSETS_FINAL\ARTICLES\1742477237b75c.webp",""
"COPIED","17429665458c99.webp","D:\Papah\suzukisemarangcenter\TRADA_RAW\cms.suzukihyperlocal.com\17429665458c99.webp","D:\Papah\suzukisemarangcenter\SUZUKI_CENTER_ASSETS_FINAL\ARTICLES\17429665458c99.webp",""
"COPIED","17430682476294.webp","D:\Papah\suzukisemarangcenter\TRADA_RAW\cms.suzukihyperlocal.com\17430682476294.webp","D:\Papah\suzukisemarangcenter\SUZUKI_CENTER_ASSETS_FINAL\ARTICLES\17430682476294.webp",""
"COPIED","174391.jpg","D:\Papah\suzukisemarangcenter\TRADA_RAW\cms.suzukihyperlocal.com\174391.jpg","D:\Papah\suzukisemarangcenter\SUZUKI_CENTER_ASSETS_FINAL\ARTICLES\174391.jpg",""
"COPIED","1744168060_bannera1fd.webp","D:\Papah\suzukisemarangcenter\TRADA_RAW\cms.suzukihyperlocal.com\1744168060_bannera1fd.webp","D:\Papah\suzukisemarangcenter\SUZUKI_CENTER_ASSETS_FINAL\HOME\PROMO\1744168060_bannera1fd.webp",""
"COPIED","1744168115_bannerbf69.webp","D:\Papah\suzukisemarangcenter\TRADA_RAW\cms.suzukihyperlocal.com\1744168115_bannerbf69.webp","D:\Papah\suzukisemarangcenter\SUZUKI_CENTER_ASSETS_FINAL\HOME\PROMO\1744168115_bannerbf69.webp",""
"COPIED","1744169444_banner6a80.webp","D:\Papah\suzukisemarangcenter\TRADA_RAW\cms.suzukihyperlocal.com\1744169444_banner6a80.webp","D:\Papah\suzukisemarangcenter\SUZUKI_CENTER_ASSETS_FINAL\HOME\PROMO\1744169444_banner6a80.webp",""
"COPIED","1744172397_bannerff0d.webp","D:\Papah\suzukisemarangcenter\TRADA_RAW\cms.suzukihyperlocal.com\1744172397_bannerff0d.webp","D:\Papah\suzukisemarangcenter\SUZUKI_CENTER_ASSETS_FINAL\HOME\PROMO\1744172397_bannerff0d.webp",""
"COPIED","17448176243cee.webp","D:\Papah\suzukisemarangcenter\TRADA_RAW\cms.suzukihyperlocal.com\17448176243cee.webp","D:\Papah\suzukisemarangcenter\SUZUKI_CENTER_ASSETS_FINAL\ARTICLES\17448176243cee.webp",""
"COPIED","17454813042bd6.webp","D:\Papah\suzukisemarangcenter\TRADA_RAW\cms.suzukihyperlocal.com\17454813042bd6.webp","D:\Papah\suzukisemarangcenter\SUZUKI_CENTER_ASSETS_FINAL\ARTICLES\17454813042bd6.webp",""
"COPIED","174556769082d9.webp","D:\Papah\suzukisemarangcenter\TRADA_RAW\cms.suzukihyperlocal.com\174556769082d9.webp","D:\Papah\suzukisemarangcenter\SUZUKI_CENTER_ASSETS_FINAL\ARTICLES\174556769082d9.webp",""
"COPIED","1746762745a7eb.webp","D:\Papah\suzukisemarangcenter\TRADA_RAW\cms.suzukihyperlocal.com\1746762745a7eb.webp","D:\Papah\suzukisemarangcenter\SUZUKI_CENTER_ASSETS_FINAL\ARTICLES\1746762745a7eb.webp",""
"COPIED","1747627755657c.webp","D:\Papah\suzukisemarangcenter\TRADA_RAW\cms.suzukihyperlocal.com\1747627755657c.webp","D:\Papah\suzukisemarangcenter\SUZUKI_CENTER_ASSETS_FINAL\ARTICLES\1747627755657c.webp",""
"COPIED","174797409118c7.webp","D:\Papah\suzukisemarangcenter\TRADA_RAW\cms.suzukihyperlocal.com\174797409118c7.webp","D:\Papah\suzukisemarangcenter\SUZUKI_CENTER_ASSETS_FINAL\ARTICLES\174797409118c7.webp",""
"COPIED","1748336665a51c.png","D:\Papah\suzukisemarangcenter\TRADA_RAW\cms.suzukihyperlocal.com\1748336665a51c.png","D:\Papah\suzukisemarangcenter\SUZUKI_CENTER_ASSETS_FINAL\ARTICLES\1748336665a51c.png",""
"COPIED","17483366691f79.png","D:\Papah\suzukisemarangcenter\TRADA_RAW\cms.suzukihyperlocal.com\17483366691f79.png","D:\Papah\suzukisemarangcenter\SUZUKI_CENTER_ASSETS_FINAL\ARTICLES\17483366691f79.png",""
"COPIED","17483366806906.png","D:\Papah\suzukisemarangcenter\TRADA_RAW\cms.suzukihyperlocal.com\17483366806906.png","D:\Papah\suzukisemarangcenter\SUZUKI_CENTER_ASSETS_FINAL\ARTICLES\17483366806906.png",""
"COPIED","1748336684aaf0.png","D:\Papah\suzukisemarangcenter\TRADA_RAW\cms.suzukihyperlocal.com\1748336684aaf0.png","D:\Papah\suzukisemarangcenter\SUZUKI_CENTER_ASSETS_FINAL\ARTICLES\1748336684aaf0.png",""
"COPIED","1748336688e325.png","D:\Papah\suzukisemarangcenter\TRADA_RAW\cms.suzukihyperlocal.com\1748336688e325.png","D:\Papah\suzukisemarangcenter\SUZUKI_CENTER_ASSETS_FINAL\ARTICLES\1748336688e325.png",""
"COPIED","1748336697718e.png","D:\Papah\suzukisemarangcenter\TRADA_RAW\cms.suzukihyperlocal.com\1748336697718e.png","D:\Papah\suzukisemarangcenter\SUZUKI_CENTER_ASSETS_FINAL\ARTICLES\1748336697718e.png",""
"COPIED","1748336733f835.png","D:\Papah\suzukisemarangcenter\TRADA_RAW\cms.suzukihyperlocal.com\1748336733f835.png","D:\Papah\suzukisemarangcenter\SUZUKI_CENTER_ASSETS_FINAL\ARTICLES\1748336733f835.png",""
"COPIED","17483367400a87.png","D:\Papah\suzukisemarangcenter\TRADA_RAW\cms.suzukihyperlocal.com\17483367400a87.png","D:\Papah\suzukisemarangcenter\SUZUKI_CENTER_ASSETS_FINAL\ARTICLES\17483367400a87.png",""
"COPIED","17483367515c37.png","D:\Papah\suzukisemarangcenter\TRADA_RAW\cms.suzukihyperlocal.com\17483367515c37.png","D:\Papah\suzukisemarangcenter\SUZUKI_CENTER_ASSETS_FINAL\ARTICLES\17483367515c37.png",""
"COPIED","174833675602e3.png","D:\Papah\suzukisemarangcenter\TRADA_RAW\cms.suzukihyperlocal.com\174833675602e3.png","D:\Papah\suzukisemarangcenter\SUZUKI_CENTER_ASSETS_FINAL\ARTICLES\174833675602e3.png",""
"COPIED","1748336762b4fb.png","D:\Papah\suzukisemarangcenter\TRADA_RAW\cms.suzukihyperlocal.com\1748336762b4fb.png","D:\Papah\suzukisemarangcenter\SUZUKI_CENTER_ASSETS_FINAL\ARTICLES\1748336762b4fb.png",""
"COPIED","1748336772735f.png","D:\Papah\suzukisemarangcenter\TRADA_RAW\cms.suzukihyperlocal.com\1748336772735f.png","D:\Papah\suzukisemarangcenter\SUZUKI_CENTER_ASSETS_FINAL\ARTICLES\1748336772735f.png",""
"COPIED","17483367793dcd.png","D:\Papah\suzukisemarangcenter\TRADA_RAW\cms.suzukihyperlocal.com\17483367793dcd.png","D:\Papah\suzukisemarangcenter\SUZUKI_CENTER_ASSETS_FINAL\ARTICLES\17483367793dcd.png",""
"COPIED","1748337408a46b.png","D:\Papah\suzukisemarangcenter\TRADA_RAW\cms.suzukihyperlocal.com\1748337408a46b.png","D:\Papah\suzukisemarangcenter\SUZUKI_CENTER_ASSETS_FINAL\ARTICLES\1748337408a46b.png",""
"COPIED","1748338524ecb5.png","D:\Papah\suzukisemarangcenter\TRADA_RAW\cms.suzukihyperlocal.com\1748338524ecb5.png","D:\Papah\suzukisemarangcenter\SUZUKI_CENTER_ASSETS_FINAL\ARTICLES\1748338524ecb5.png",""
"COPIED","1748338559032d.png","D:\Papah\suzukisemarangcenter\TRADA_RAW\cms.suzukihyperlocal.com\1748338559032d.png","D:\Papah\suzukisemarangcenter\SUZUKI_CENTER_ASSETS_FINAL\ARTICLES\1748338559032d.png",""
"COPIED","17494558062ca1.webp","D:\Papah\suzukisemarangcenter\TRADA_RAW\cms.suzukihyperlocal.com\17494558062ca1.webp","D:\Papah\suzukisemarangcenter\SUZUKI_CENTER_ASSETS_FINAL\ARTICLES\17494558062ca1.webp",""
"COPIED","1750047538a037.webp","D:\Papah\suzukisemarangcenter\TRADA_RAW\cms.suzukihyperlocal.com\1750047538a037.webp","D:\Papah\suzukisemarangcenter\SUZUKI_CENTER_ASSETS_FINAL\ARTICLES\1750047538a037.webp",""
"COPIED","1750403708769b.webp","D:\Papah\suzukisemarangcenter\TRADA_RAW\cms.suzukihyperlocal.com\1750403708769b.webp","D:\Papah\suzukisemarangcenter\SUZUKI_CENTER_ASSETS_FINAL\ARTICLES\1750403708769b.webp",""
"COPIED","17522076380f03.webp","D:\Papah\suzukisemarangcenter\TRADA_RAW\cms.suzukihyperlocal.com\17522076380f03.webp","D:\Papah\suzukisemarangcenter\SUZUKI_CENTER_ASSETS_FINAL\ARTICLES\17522076380f03.webp",""
"COPIED","17524636385117.webp","D:\Papah\suzukisemarangcenter\TRADA_RAW\cms.suzukihyperlocal.com\17524636385117.webp","D:\Papah\suzukisemarangcenter\SUZUKI_CENTER_ASSETS_FINAL\ARTICLES\17524636385117.webp",""
"COPIED","1752464513_banner5495.webp","D:\Papah\suzukisemarangcenter\TRADA_RAW\cms.suzukihyperlocal.com\1752464513_banner5495.webp","D:\Papah\suzukisemarangcenter\SUZUKI_CENTER_ASSETS_FINAL\HOME\PROMO\1752464513_banner5495.webp",""
"COPIED","175308107233e1.webp","D:\Papah\suzukisemarangcenter\TRADA_RAW\cms.suzukihyperlocal.com\175308107233e1.webp","D:\Papah\suzukisemarangcenter\SUZUKI_CENTER_ASSETS_FINAL\ARTICLES\175308107233e1.webp",""
"COPIED","1753430941b335.webp","D:\Papah\suzukisemarangcenter\TRADA_RAW\cms.suzukihyperlocal.com\1753430941b335.webp","D:\Papah\suzukisemarangcenter\SUZUKI_CENTER_ASSETS_FINAL\ARTICLES\1753430941b335.webp",""
"COPIED","175489013692e6.webp","D:\Papah\suzukisemarangcenter\TRADA_RAW\cms.suzukihyperlocal.com\175489013692e6.webp","D:\Papah\suzukisemarangcenter\SUZUKI_CENTER_ASSETS_FINAL\ARTICLES\175489013692e6.webp",""
"COPIED","17555016862f5d.webp","D:\Papah\suzukisemarangcenter\TRADA_RAW\cms.suzukihyperlocal.com\17555016862f5d.webp","D:\Papah\suzukisemarangcenter\SUZUKI_CENTER_ASSETS_FINAL\ARTICLES\17555016862f5d.webp",""
"COPIED","1756104763ae20.webp","D:\Papah\suzukisemarangcenter\TRADA_RAW\cms.suzukihyperlocal.com\1756104763ae20.webp","D:\Papah\suzukisemarangcenter\SUZUKI_CENTER_ASSETS_FINAL\ARTICLES\1756104763ae20.webp",""
"COPIED","1757663211d5f0.webp","D:\Papah\suzukisemarangcenter\TRADA_RAW\cms.suzukihyperlocal.com\1757663211d5f0.webp","D:\Papah\suzukisemarangcenter\SUZUKI_CENTER_ASSETS_FINAL\ARTICLES\1757663211d5f0.webp",""
"COPIED","17582538854baf.webp","D:\Papah\suzukisemarangcenter\TRADA_RAW\cms.suzukihyperlocal.com\17582538854baf.webp","D:\Papah\suzukisemarangcenter\SUZUKI_CENTER_ASSETS_FINAL\ARTICLES\17582538854baf.webp",""
"COPIED","17585274262416.webp","D:\Papah\suzukisemarangcenter\TRADA_RAW\cms.suzukihyperlocal.com\17585274262416.webp","D:\Papah\suzukisemarangcenter\SUZUKI_CENTER_ASSETS_FINAL\ARTICLES\17585274262416.webp",""
"COPIED","17591287683fd6.webp","D:\Papah\suzukisemarangcenter\TRADA_RAW\cms.suzukihyperlocal.com\17591287683fd6.webp","D:\Papah\suzukisemarangcenter\SUZUKI_CENTER_ASSETS_FINAL\ARTICLES\17591287683fd6.webp",""
"COPIED","17599137550a35.webp","D:\Papah\suzukisemarangcenter\TRADA_RAW\cms.suzukihyperlocal.com\17599137550a35.webp","D:\Papah\suzukisemarangcenter\SUZUKI_CENTER_ASSETS_FINAL\ARTICLES\17599137550a35.webp",""
"COPIED","1760078936d696.webp","D:\Papah\suzukisemarangcenter\TRADA_RAW\cms.suzukihyperlocal.com\1760078936d696.webp","D:\Papah\suzukisemarangcenter\SUZUKI_CENTER_ASSETS_FINAL\ARTICLES\1760078936d696.webp",""
"COPIED","17609436870a23.webp","D:\Papah\suzukisemarangcenter\TRADA_RAW\cms.suzukihyperlocal.com\17609436870a23.webp","D:\Papah\suzukisemarangcenter\SUZUKI_CENTER_ASSETS_FINAL\ARTICLES\17609436870a23.webp",""
"COPIED","17615301815def.webp","D:\Papah\suzukisemarangcenter\TRADA_RAW\cms.suzukihyperlocal.com\17615301815def.webp","D:\Papah\suzukisemarangcenter\SUZUKI_CENTER_ASSETS_FINAL\ARTICLES\17615301815def.webp",""
"COPIED","1761538698a7a4.webp","D:\Papah\suzukisemarangcenter\TRADA_RAW\cms.suzukihyperlocal.com\1761538698a7a4.webp","D:\Papah\suzukisemarangcenter\SUZUKI_CENTER_ASSETS_FINAL\ARTICLES\1761538698a7a4.webp",""
"COPIED","17627475773994.webp","D:\Papah\suzukisemarangcenter\TRADA_RAW\cms.suzukihyperlocal.com\17627475773994.webp","D:\Papah\suzukisemarangcenter\SUZUKI_CENTER_ASSETS_FINAL\ARTICLES\17627475773994.webp",""
"COPIED","17633565182528.webp","D:\Papah\suzukisemarangcenter\TRADA_RAW\cms.suzukihyperlocal.com\17633565182528.webp","D:\Papah\suzukisemarangcenter\SUZUKI_CENTER_ASSETS_FINAL\ARTICLES\17633565182528.webp",""
"COPIED","1763722609c6f2.png","D:\Papah\suzukisemarangcenter\TRADA_RAW\cms.suzukihyperlocal.com\1763722609c6f2.png","D:\Papah\suzukisemarangcenter\SUZUKI_CENTER_ASSETS_FINAL\ARTICLES\1763722609c6f2.png",""
"COPIED","1763722682400b.png","D:\Papah\suzukisemarangcenter\TRADA_RAW\cms.suzukihyperlocal.com\1763722682400b.png","D:\Papah\suzukisemarangcenter\SUZUKI_CENTER_ASSETS_FINAL\ARTICLES\1763722682400b.png",""
"COPIED","1763722761-GX78ff.png","D:\Papah\suzukisemarangcenter\TRADA_RAW\cms.suzukihyperlocal.com\1763722761-GX78ff.png","D:\Papah\suzukisemarangcenter\SUZUKI_CENTER_ASSETS_FINAL\ARTICLES\1763722761-GX78ff.png",""
"COPIED","1763722778-GX69a8.png","D:\Papah\suzukisemarangcenter\TRADA_RAW\cms.suzukihyperlocal.com\1763722778-GX69a8.png","D:\Papah\suzukisemarangcenter\SUZUKI_CENTER_ASSETS_FINAL\ARTICLES\1763722778-GX69a8.png",""
"COPIED","1763722840-GX5fea.png","D:\Papah\suzukisemarangcenter\TRADA_RAW\cms.suzukihyperlocal.com\1763722840-GX5fea.png","D:\Papah\suzukisemarangcenter\SUZUKI_CENTER_ASSETS_FINAL\ARTICLES\1763722840-GX5fea.png",""
"COPIED","1763722854-GX52b3.png","D:\Papah\suzukisemarangcenter\TRADA_RAW\cms.suzukihyperlocal.com\1763722854-GX52b3.png","D:\Papah\suzukisemarangcenter\SUZUKI_CENTER_ASSETS_FINAL\ARTICLES\1763722854-GX52b3.png",""
"COPIED","1763957007aa33.webp","D:\Papah\suzukisemarangcenter\TRADA_RAW\cms.suzukihyperlocal.com\1763957007aa33.webp","D:\Papah\suzukisemarangcenter\SUZUKI_CENTER_ASSETS_FINAL\ARTICLES\1763957007aa33.webp",""
"COPIED","1765524414af97.webp","D:\Papah\suzukisemarangcenter\TRADA_RAW\cms.suzukihyperlocal.com\1765524414af97.webp","D:\Papah\suzukisemarangcenter\SUZUKI_CENTER_ASSETS_FINAL\ARTICLES\1765524414af97.webp",""
"COPIED","17663929511479.webp","D:\Papah\suzukisemarangcenter\TRADA_RAW\cms.suzukihyperlocal.com\17663929511479.webp","D:\Papah\suzukisemarangcenter\SUZUKI_CENTER_ASSETS_FINAL\ARTICLES\17663929511479.webp",""
"COPIED","17665563019eb9.webp","D:\Papah\suzukisemarangcenter\TRADA_RAW\cms.suzukihyperlocal.com\17665563019eb9.webp","D:\Papah\suzukisemarangcenter\SUZUKI_CENTER_ASSETS_FINAL\ARTICLES\17665563019eb9.webp",""
"COPIED","17682064131ff5.webp","D:\Papah\suzukisemarangcenter\TRADA_RAW\cms.suzukihyperlocal.com\17682064131ff5.webp","D:\Papah\suzukisemarangcenter\SUZUKI_CENTER_ASSETS_FINAL\ARTICLES\17682064131ff5.webp",""
"COPIED","176888735431fe.webp","D:\Papah\suzukisemarangcenter\TRADA_RAW\cms.suzukihyperlocal.com\176888735431fe.webp","D:\Papah\suzukisemarangcenter\SUZUKI_CENTER_ASSETS_FINAL\ARTICLES\176888735431fe.webp",""
"COPIED","17694020307cf2.webp","D:\Papah\suzukisemarangcenter\TRADA_RAW\cms.suzukihyperlocal.com\17694020307cf2.webp","D:\Papah\suzukisemarangcenter\SUZUKI_CENTER_ASSETS_FINAL\ARTICLES\17694020307cf2.webp",""
"COPIED","1770247025dd25.png","D:\Papah\suzukisemarangcenter\TRADA_RAW\cms.suzukihyperlocal.com\1770247025dd25.png","D:\Papah\suzukisemarangcenter\SUZUKI_CENTER_ASSETS_FINAL\ARTICLES\1770247025dd25.png",""
"COPIED","177035362959fe.webp","D:\Papah\suzukisemarangcenter\TRADA_RAW\cms.suzukihyperlocal.com\177035362959fe.webp","D:\Papah\suzukisemarangcenter\SUZUKI_CENTER_ASSETS_FINAL\ARTICLES\177035362959fe.webp",""
"COPIED","17709722652a8c.webp","D:\Papah\suzukisemarangcenter\TRADA_RAW\cms.suzukihyperlocal.com\17709722652a8c.webp","D:\Papah\suzukisemarangcenter\SUZUKI_CENTER_ASSETS_FINAL\ARTICLES\17709722652a8c.webp",""
"COPIED","17718228191d05.webp","D:\Papah\suzukisemarangcenter\TRADA_RAW\cms.suzukihyperlocal.com\17718228191d05.webp","D:\Papah\suzukisemarangcenter\SUZUKI_CENTER_ASSETS_FINAL\ARTICLES\17718228191d05.webp",""
"COPIED","1773031806e7ea.webp","D:\Papah\suzukisemarangcenter\TRADA_RAW\cms.suzukihyperlocal.com\1773031806e7ea.webp","D:\Papah\suzukisemarangcenter\SUZUKI_CENTER_ASSETS_FINAL\ARTICLES\1773031806e7ea.webp",""
"COPIED","177365205230b5.webp","D:\Papah\suzukisemarangcenter\TRADA_RAW\cms.suzukihyperlocal.com\177365205230b5.webp","D:\Papah\suzukisemarangcenter\SUZUKI_CENTER_ASSETS_FINAL\ARTICLES\177365205230b5.webp",""
"COPIED","17748558694ef2.webp","D:\Papah\suzukisemarangcenter\TRADA_RAW\cms.suzukihyperlocal.com\17748558694ef2.webp","D:\Papah\suzukisemarangcenter\SUZUKI_CENTER_ASSETS_FINAL\ARTICLES\17748558694ef2.webp",""
"COPIED","1776061809bd7e.webp","D:\Papah\suzukisemarangcenter\TRADA_RAW\cms.suzukihyperlocal.com\1776061809bd7e.webp","D:\Papah\suzukisemarangcenter\SUZUKI_CENTER_ASSETS_FINAL\ARTICLES\1776061809bd7e.webp",""
"COPIED","17767578352a16.webp","D:\Papah\suzukisemarangcenter\TRADA_RAW\cms.suzukihyperlocal.com\17767578352a16.webp","D:\Papah\suzukisemarangcenter\SUZUKI_CENTER_ASSETS_FINAL\ARTICLES\17767578352a16.webp",""
"COPIED","1777282697b6fa.webp","D:\Papah\suzukisemarangcenter\TRADA_RAW\cms.suzukihyperlocal.com\1777282697b6fa.webp","D:\Papah\suzukisemarangcenter\SUZUKI_CENTER_ASSETS_FINAL\ARTICLES\1777282697b6fa.webp",""
"COPIED","1778558988fd95.webp","D:\Papah\suzukisemarangcenter\TRADA_RAW\cms.suzukihyperlocal.com\1778558988fd95.webp","D:\Papah\suzukisemarangcenter\SUZUKI_CENTER_ASSETS_FINAL\ARTICLES\1778558988fd95.webp",""
"COPIED","17792627947743.webp","D:\Papah\suzukisemarangcenter\TRADA_RAW\cms.suzukihyperlocal.com\17792627947743.webp","D:\Papah\suzukisemarangcenter\SUZUKI_CENTER_ASSETS_FINAL\ARTICLES\17792627947743.webp",""
"COPIED","17796990421342.webp","D:\Papah\suzukisemarangcenter\TRADA_RAW\cms.suzukihyperlocal.com\17796990421342.webp","D:\Papah\suzukisemarangcenter\SUZUKI_CENTER_ASSETS_FINAL\ARTICLES\17796990421342.webp",""
"COPIED","178097557822c0.webp","D:\Papah\suzukisemarangcenter\TRADA_RAW\cms.suzukihyperlocal.com\178097557822c0.webp","D:\Papah\suzukisemarangcenter\SUZUKI_CENTER_ASSETS_FINAL\ARTICLES\178097557822c0.webp",""
"COPIED","1781679124371d.webp","D:\Papah\suzukisemarangcenter\TRADA_RAW\cms.suzukihyperlocal.com\1781679124371d.webp","D:\Papah\suzukisemarangcenter\SUZUKI_CENTER_ASSETS_FINAL\ARTICLES\1781679124371d.webp",""
"COPIED","1782270256155e.webp","D:\Papah\suzukisemarangcenter\TRADA_RAW\cms.suzukihyperlocal.com\1782270256155e.webp","D:\Papah\suzukisemarangcenter\SUZUKI_CENTER_ASSETS_FINAL\ARTICLES\1782270256155e.webp",""
"COPIED","1783678528_6a50c6401d445dc66.webp","D:\Papah\suzukisemarangcenter\TRADA_RAW\cms.suzukihyperlocal.com\1783678528_6a50c6401d445dc66.webp","D:\Papah\suzukisemarangcenter\SUZUKI_CENTER_ASSETS_FINAL\ARTICLES\1783678528_6a50c6401d445dc66.webp",""
"COPIED","1784621908_6a5f2b54cf4fcb824.webp","D:\Papah\suzukisemarangcenter\TRADA_RAW\cms.suzukihyperlocal.com\1784621908_6a5f2b54cf4fcb824.webp","D:\Papah\suzukisemarangcenter\SUZUKI_CENTER_ASSETS_FINAL\ARTICLES\1784621908_6a5f2b54cf4fcb824.webp",""
"COPIED","1785135079_6a66ffe7e30bb70f9.webp","D:\Papah\suzukisemarangcenter\TRADA_RAW\cms.suzukihyperlocal.com\1785135079_6a66ffe7e30bb70f9.webp","D:\Papah\suzukisemarangcenter\SUZUKI_CENTER_ASSETS_FINAL\ARTICLES\1785135079_6a66ffe7e30bb70f9.webp",""
"COPIED","1785320004_6a69d244ef0d5cb2c.jpg","D:\Papah\suzukisemarangcenter\TRADA_RAW\cms.suzukihyperlocal.com\1785320004_6a69d244ef0d5cb2c.jpg","D:\Papah\suzukisemarangcenter\SUZUKI_CENTER_ASSETS_FINAL\ARTICLES\1785320004_6a69d244ef0d5cb2c.jpg",""
"COPIED","1785320247_6a69d3376753d58a5.jpg","D:\Papah\suzukisemarangcenter\TRADA_RAW\cms.suzukihyperlocal.com\1785320247_6a69d3376753d58a5.jpg","D:\Papah\suzukisemarangcenter\SUZUKI_CENTER_ASSETS_FINAL\ARTICLES\1785320247_6a69d3376753d58a5.jpg",""
"COPIED","1785332527_6a6a032fcc56d9eb7.png","D:\Papah\suzukisemarangcenter\TRADA_RAW\cms.suzukihyperlocal.com\1785332527_6a6a032fcc56d9eb7.png","D:\Papah\suzukisemarangcenter\SUZUKI_CENTER_ASSETS_FINAL\ARTICLES\1785332527_6a6a032fcc56d9eb7.png",""
"COPIED","1785332693_6a6a03d5d02aaadbb.png","D:\Papah\suzukisemarangcenter\TRADA_RAW\cms.suzukihyperlocal.com\1785332693_6a6a03d5d02aaadbb.png","D:\Papah\suzukisemarangcenter\SUZUKI_CENTER_ASSETS_FINAL\ARTICLES\1785332693_6a6a03d5d02aaadbb.png",""
"COPIED","1785332746_6a6a040ac7028a1d0.png","D:\Papah\suzukisemarangcenter\TRADA_RAW\cms.suzukihyperlocal.com\1785332746_6a6a040ac7028a1d0.png","D:\Papah\suzukisemarangcenter\SUZUKI_CENTER_ASSETS_FINAL\ARTICLES\1785332746_6a6a040ac7028a1d0.png",""
"COPIED","1785332800_6a6a0440b71285a6c.png","D:\Papah\suzukisemarangcenter\TRADA_RAW\cms.suzukihyperlocal.com\1785332800_6a6a0440b71285a6c.png","D:\Papah\suzukisemarangcenter\SUZUKI_CENTER_ASSETS_FINAL\ARTICLES\1785332800_6a6a0440b71285a6c.png",""
"COPIED","1785332936_6a6a04c89f5e9ca33.png","D:\Papah\suzukisemarangcenter\TRADA_RAW\cms.suzukihyperlocal.com\1785332936_6a6a04c89f5e9ca33.png","D:\Papah\suzukisemarangcenter\SUZUKI_CENTER_ASSETS_FINAL\ARTICLES\1785332936_6a6a04c89f5e9ca33.png",""
"COPIED","1785332986_6a6a04fa01c65082d.png","D:\Papah\suzukisemarangcenter\TRADA_RAW\cms.suzukihyperlocal.com\1785332986_6a6a04fa01c65082d.png","D:\Papah\suzukisemarangcenter\SUZUKI_CENTER_ASSETS_FINAL\ARTICLES\1785332986_6a6a04fa01c65082d.png",""
"COPIED","1785333076_6a6a055437992e75e.png","D:\Papah\suzukisemarangcenter\TRADA_RAW\cms.suzukihyperlocal.com\1785333076_6a6a055437992e75e.png","D:\Papah\suzukisemarangcenter\SUZUKI_CENTER_ASSETS_FINAL\ARTICLES\1785333076_6a6a055437992e75e.png",""
"COPIED","1785333133_6a6a058d58737d24f.png","D:\Papah\suzukisemarangcenter\TRADA_RAW\cms.suzukihyperlocal.com\1785333133_6a6a058d58737d24f.png","D:\Papah\suzukisemarangcenter\SUZUKI_CENTER_ASSETS_FINAL\ARTICLES\1785333133_6a6a058d58737d24f.png",""
"COPIED","1785333150_6a6a059e9ab68465b.png","D:\Papah\suzukisemarangcenter\TRADA_RAW\cms.suzukihyperlocal.com\1785333150_6a6a059e9ab68465b.png","D:\Papah\suzukisemarangcenter\SUZUKI_CENTER_ASSETS_FINAL\ARTICLES\1785333150_6a6a059e9ab68465b.png",""
"COPIED","1785333166_6a6a05aee5a0ae292.png","D:\Papah\suzukisemarangcenter\TRADA_RAW\cms.suzukihyperlocal.com\1785333166_6a6a05aee5a0ae292.png","D:\Papah\suzukisemarangcenter\SUZUKI_CENTER_ASSETS_FINAL\ARTICLES\1785333166_6a6a05aee5a0ae292.png",""
"COPIED","1785334200_6a6a09b861fcce5ef.png","D:\Papah\suzukisemarangcenter\TRADA_RAW\cms.suzukihyperlocal.com\1785334200_6a6a09b861fcce5ef.png","D:\Papah\suzukisemarangcenter\SUZUKI_CENTER_ASSETS_FINAL\ARTICLES\1785334200_6a6a09b861fcce5ef.png",""
"COPIED","1785334213_6a6a09c501fc818c5.png","D:\Papah\suzukisemarangcenter\TRADA_RAW\cms.suzukihyperlocal.com\1785334213_6a6a09c501fc818c5.png","D:\Papah\suzukisemarangcenter\SUZUKI_CENTER_ASSETS_FINAL\ARTICLES\1785334213_6a6a09c501fc818c5.png",""
"COPIED","1785334359_6a6a0a572a53096ae.png","D:\Papah\suzukisemarangcenter\TRADA_RAW\cms.suzukihyperlocal.com\1785334359_6a6a0a572a53096ae.png","D:\Papah\suzukisemarangcenter\SUZUKI_CENTER_ASSETS_FINAL\ARTICLES\1785334359_6a6a0a572a53096ae.png",""
"COPIED","1785334371_6a6a0a633a8f98533.png","D:\Papah\suzukisemarangcenter\TRADA_RAW\cms.suzukihyperlocal.com\1785334371_6a6a0a633a8f98533.png","D:\Papah\suzukisemarangcenter\SUZUKI_CENTER_ASSETS_FINAL\ARTICLES\1785334371_6a6a0a633a8f98533.png",""
"COPIED","1785334386_6a6a0a726c40e387b.png","D:\Papah\suzukisemarangcenter\TRADA_RAW\cms.suzukihyperlocal.com\1785334386_6a6a0a726c40e387b.png","D:\Papah\suzukisemarangcenter\SUZUKI_CENTER_ASSETS_FINAL\ARTICLES\1785334386_6a6a0a726c40e387b.png",""
"COPIED","1785334479_6a6a0acfc3dfeb636.png","D:\Papah\suzukisemarangcenter\TRADA_RAW\cms.suzukihyperlocal.com\1785334479_6a6a0acfc3dfeb636.png","D:\Papah\suzukisemarangcenter\SUZUKI_CENTER_ASSETS_FINAL\ARTICLES\1785334479_6a6a0acfc3dfeb636.png",""
"COPIED","1785334491_6a6a0adbe6b9fac99.png","D:\Papah\suzukisemarangcenter\TRADA_RAW\cms.suzukihyperlocal.com\1785334491_6a6a0adbe6b9fac99.png","D:\Papah\suzukisemarangcenter\SUZUKI_CENTER_ASSETS_FINAL\ARTICLES\1785334491_6a6a0adbe6b9fac99.png",""
"COPIED","1785334503_6a6a0ae769cce6569.png","D:\Papah\suzukisemarangcenter\TRADA_RAW\cms.suzukihyperlocal.com\1785334503_6a6a0ae769cce6569.png","D:\Papah\suzukisemarangcenter\SUZUKI_CENTER_ASSETS_FINAL\ARTICLES\1785334503_6a6a0ae769cce6569.png",""
"COPIED","1785334515_6a6a0af38835eea7d.png","D:\Papah\suzukisemarangcenter\TRADA_RAW\cms.suzukihyperlocal.com\1785334515_6a6a0af38835eea7d.png","D:\Papah\suzukisemarangcenter\SUZUKI_CENTER_ASSETS_FINAL\ARTICLES\1785334515_6a6a0af38835eea7d.png",""
"COPIED","1785334528_6a6a0b005c9b2912f.png","D:\Papah\suzukisemarangcenter\TRADA_RAW\cms.suzukihyperlocal.com\1785334528_6a6a0b005c9b2912f.png","D:\Papah\suzukisemarangcenter\SUZUKI_CENTER_ASSETS_FINAL\ARTICLES\1785334528_6a6a0b005c9b2912f.png",""
"COPIED","1785334539_6a6a0b0b206d26789.png","D:\Papah\suzukisemarangcenter\TRADA_RAW\cms.suzukihyperlocal.com\1785334539_6a6a0b0b206d26789.png","D:\Papah\suzukisemarangcenter\SUZUKI_CENTER_ASSETS_FINAL\ARTICLES\1785334539_6a6a0b0b206d26789.png",""
"COPIED","1785334624_6a6a0b602c456a38d.png","D:\Papah\suzukisemarangcenter\TRADA_RAW\cms.suzukihyperlocal.com\1785334624_6a6a0b602c456a38d.png","D:\Papah\suzukisemarangcenter\SUZUKI_CENTER_ASSETS_FINAL\ARTICLES\1785334624_6a6a0b602c456a38d.png",""
"COPIED","1785334639_6a6a0b6fb584ba57a.png","D:\Papah\suzukisemarangcenter\TRADA_RAW\cms.suzukihyperlocal.com\1785334639_6a6a0b6fb584ba57a.png","D:\Papah\suzukisemarangcenter\SUZUKI_CENTER_ASSETS_FINAL\ARTICLES\1785334639_6a6a0b6fb584ba57a.png",""
"COPIED","1785334779_6a6a0bfb9c2ab05cd.png","D:\Papah\suzukisemarangcenter\TRADA_RAW\cms.suzukihyperlocal.com\1785334779_6a6a0bfb9c2ab05cd.png","D:\Papah\suzukisemarangcenter\SUZUKI_CENTER_ASSETS_FINAL\ARTICLES\1785334779_6a6a0bfb9c2ab05cd.png",""
"COPIED","1785334799_6a6a0c0f577b125f8.png","D:\Papah\suzukisemarangcenter\TRADA_RAW\cms.suzukihyperlocal.com\1785334799_6a6a0c0f577b125f8.png","D:\Papah\suzukisemarangcenter\SUZUKI_CENTER_ASSETS_FINAL\ARTICLES\1785334799_6a6a0c0f577b125f8.png",""
"COPIED","1785334847_6a6a0c3f1f21c4882.png","D:\Papah\suzukisemarangcenter\TRADA_RAW\cms.suzukihyperlocal.com\1785334847_6a6a0c3f1f21c4882.png","D:\Papah\suzukisemarangcenter\SUZUKI_CENTER_ASSETS_FINAL\ARTICLES\1785334847_6a6a0c3f1f21c4882.png",""
"COPIED","1785334873_6a6a0c59adffbeeee.png","D:\Papah\suzukisemarangcenter\TRADA_RAW\cms.suzukihyperlocal.com\1785334873_6a6a0c59adffbeeee.png","D:\Papah\suzukisemarangcenter\SUZUKI_CENTER_ASSETS_FINAL\ARTICLES\1785334873_6a6a0c59adffbeeee.png",""
"COPIED","1785334902_6a6a0c76d8c44bbe0.png","D:\Papah\suzukisemarangcenter\TRADA_RAW\cms.suzukihyperlocal.com\1785334902_6a6a0c76d8c44bbe0.png","D:\Papah\suzukisemarangcenter\SUZUKI_CENTER_ASSETS_FINAL\ARTICLES\1785334902_6a6a0c76d8c44bbe0.png",""
"COPIED","1785334923_6a6a0c8b7ea05fae2.png","D:\Papah\suzukisemarangcenter\TRADA_RAW\cms.suzukihyperlocal.com\1785334923_6a6a0c8b7ea05fae2.png","D:\Papah\suzukisemarangcenter\SUZUKI_CENTER_ASSETS_FINAL\ARTICLES\1785334923_6a6a0c8b7ea05fae2.png",""
"COPIED","1785335036_6a6a0cfcb704f03bd.png","D:\Papah\suzukisemarangcenter\TRADA_RAW\cms.suzukihyperlocal.com\1785335036_6a6a0cfcb704f03bd.png","D:\Papah\suzukisemarangcenter\SUZUKI_CENTER_ASSETS_FINAL\ARTICLES\1785335036_6a6a0cfcb704f03bd.png",""
"COPIED","1785566869_6a6d96951c15798d4.png","D:\Papah\suzukisemarangcenter\TRADA_RAW\cms.suzukihyperlocal.com\1785566869_6a6d96951c15798d4.png","D:\Papah\suzukisemarangcenter\SUZUKI_CENTER_ASSETS_FINAL\ARTICLES\1785566869_6a6d96951c15798d4.png",""
"COPIED","1785567056_6a6d9750e349a977d.png","D:\Papah\suzukisemarangcenter\TRADA_RAW\cms.suzukihyperlocal.com\1785567056_6a6d9750e349a977d.png","D:\Papah\suzukisemarangcenter\SUZUKI_CENTER_ASSETS_FINAL\ARTICLES\1785567056_6a6d9750e349a977d.png",""
"COPIED","1785567092_6a6d9774c843ae973.png","D:\Papah\suzukisemarangcenter\TRADA_RAW\cms.suzukihyperlocal.com\1785567092_6a6d9774c843ae973.png","D:\Papah\suzukisemarangcenter\SUZUKI_CENTER_ASSETS_FINAL\ARTICLES\1785567092_6a6d9774c843ae973.png",""
"COPIED","1785567099_6a6d977b6bfa12d61.png","D:\Papah\suzukisemarangcenter\TRADA_RAW\cms.suzukihyperlocal.com\1785567099_6a6d977b6bfa12d61.png","D:\Papah\suzukisemarangcenter\SUZUKI_CENTER_ASSETS_FINAL\ARTICLES\1785567099_6a6d977b6bfa12d61.png",""
"COPIED","1785567108_6a6d97840d3bc4479.png","D:\Papah\suzukisemarangcenter\TRADA_RAW\cms.suzukihyperlocal.com\1785567108_6a6d97840d3bc4479.png","D:\Papah\suzukisemarangcenter\SUZUKI_CENTER_ASSETS_FINAL\ARTICLES\1785567108_6a6d97840d3bc4479.png",""
"COPIED","1785567144_6a6d97a8e51a0a480.png","D:\Papah\suzukisemarangcenter\TRADA_RAW\cms.suzukihyperlocal.com\1785567144_6a6d97a8e51a0a480.png","D:\Papah\suzukisemarangcenter\SUZUKI_CENTER_ASSETS_FINAL\ARTICLES\1785567144_6a6d97a8e51a0a480.png",""
"COPIED","1785567210_6a6d97eaf14a9b7e1.png","D:\Papah\suzukisemarangcenter\TRADA_RAW\cms.suzukihyperlocal.com\1785567210_6a6d97eaf14a9b7e1.png","D:\Papah\suzukisemarangcenter\SUZUKI_CENTER_ASSETS_FINAL\ARTICLES\1785567210_6a6d97eaf14a9b7e1.png",""
"COPIED","1785567211_6a6d97eb59d8289ef.png","D:\Papah\suzukisemarangcenter\TRADA_RAW\cms.suzukihyperlocal.com\1785567211_6a6d97eb59d8289ef.png","D:\Papah\suzukisemarangcenter\SUZUKI_CENTER_ASSETS_FINAL\ARTICLES\1785567211_6a6d97eb59d8289ef.png",""
"COPIED","1785567211_6a6d97ebf3b33da60.png","D:\Papah\suzukisemarangcenter\TRADA_RAW\cms.suzukihyperlocal.com\1785567211_6a6d97ebf3b33da60.png","D:\Papah\suzukisemarangcenter\SUZUKI_CENTER_ASSETS_FINAL\ARTICLES\1785567211_6a6d97ebf3b33da60.png",""
"COPIED","1785567212_6a6d97ec9d7aec907.png","D:\Papah\suzukisemarangcenter\TRADA_RAW\cms.suzukihyperlocal.com\1785567212_6a6d97ec9d7aec907.png","D:\Papah\suzukisemarangcenter\SUZUKI_CENTER_ASSETS_FINAL\ARTICLES\1785567212_6a6d97ec9d7aec907.png",""
"COPIED","1785567213_6a6d97ed6366f451f.png","D:\Papah\suzukisemarangcenter\TRADA_RAW\cms.suzukihyperlocal.com\1785567213_6a6d97ed6366f451f.png","D:\Papah\suzukisemarangcenter\SUZUKI_CENTER_ASSETS_FINAL\ARTICLES\1785567213_6a6d97ed6366f451f.png",""
"COPIED","1785997934_6a742a6e07c2ad75b.webp","D:\Papah\suzukisemarangcenter\TRADA_RAW\cms.suzukihyperlocal.com\1785997934_6a742a6e07c2ad75b.webp","D:\Papah\suzukisemarangcenter\SUZUKI_CENTER_ASSETS_FINAL\ARTICLES\1785997934_6a742a6e07c2ad75b.webp",""
"COPIED","1785999887_6a74320f27ff56f08.webp","D:\Papah\suzukisemarangcenter\TRADA_RAW\cms.suzukihyperlocal.com\1785999887_6a74320f27ff56f08.webp","D:\Papah\suzukisemarangcenter\SUZUKI_CENTER_ASSETS_FINAL\ARTICLES\1785999887_6a74320f27ff56f08.webp",""
"COPIED","1786155183_6a7690af74b515c57.webp","D:\Papah\suzukisemarangcenter\TRADA_RAW\cms.suzukihyperlocal.com\1786155183_6a7690af74b515c57.webp","D:\Papah\suzukisemarangcenter\SUZUKI_CENTER_ASSETS_FINAL\ARTICLES\1786155183_6a7690af74b515c57.webp",""
"COPIED","1786421738_6a7aa1ea9033ee68d.webp","D:\Papah\suzukisemarangcenter\TRADA_RAW\cms.suzukihyperlocal.com\1786421738_6a7aa1ea9033ee68d.webp","D:\Papah\suzukisemarangcenter\SUZUKI_CENTER_ASSETS_FINAL\ARTICLES\1786421738_6a7aa1ea9033ee68d.webp",""
"COPIED","1786430243_6a7ac323ccdeb6e1f.webp","D:\Papah\suzukisemarangcenter\TRADA_RAW\cms.suzukihyperlocal.com\1786430243_6a7ac323ccdeb6e1f.webp","D:\Papah\suzukisemarangcenter\SUZUKI_CENTER_ASSETS_FINAL\ARTICLES\1786430243_6a7ac323ccdeb6e1f.webp",""
"COPIED","1__Ertiga09209d63.jpg","D:\Papah\suzukisemarangcenter\TRADA_RAW\cms.suzukihyperlocal.com\1__Ertiga09209d63.jpg","D:\Papah\suzukisemarangcenter\SUZUKI_CENTER_ASSETS_FINAL\PRODUCTS\ERTIGA_HYBRID\1__Ertiga09209d63.jpg",""
"COPIED","210242439_532934317845553_2673374354614852231_n3ee6.jpg","D:\Papah\suzukisemarangcenter\TRADA_RAW\cms.suzukihyperlocal.com\210242439_532934317845553_2673374354614852231_n3ee6.jpg","D:\Papah\suzukisemarangcenter\SUZUKI_CENTER_ASSETS_FINAL\ARTICLES\210242439_532934317845553_2673374354614852231_n3ee6.jpg",""
"COPIED","248db1.jpg","D:\Papah\suzukisemarangcenter\TRADA_RAW\cms.suzukihyperlocal.com\248db1.jpg","D:\Papah\suzukisemarangcenter\SUZUKI_CENTER_ASSETS_FINAL\ARCHIVE\REFERENCE\248db1.jpg",""
"COPIED","2721929477f81.jpg","D:\Papah\suzukisemarangcenter\TRADA_RAW\cms.suzukihyperlocal.com\2721929477f81.jpg","D:\Papah\suzukisemarangcenter\SUZUKI_CENTER_ASSETS_FINAL\ARTICLES\2721929477f81.jpg",""
"COPIED","336a99.jpg","D:\Papah\suzukisemarangcenter\TRADA_RAW\cms.suzukihyperlocal.com\336a99.jpg","D:\Papah\suzukisemarangcenter\SUZUKI_CENTER_ASSETS_FINAL\ARCHIVE\REFERENCE\336a99.jpg",""
"COPIED","35d061.jpg","D:\Papah\suzukisemarangcenter\TRADA_RAW\cms.suzukihyperlocal.com\35d061.jpg","D:\Papah\suzukisemarangcenter\SUZUKI_CENTER_ASSETS_FINAL\ARCHIVE\REFERENCE\35d061.jpg",""
"COPIED","60x80-pamerran-r3-xl7-Recoveredc161.jpg","D:\Papah\suzukisemarangcenter\TRADA_RAW\cms.suzukihyperlocal.com\60x80-pamerran-r3-xl7-Recoveredc161.jpg","D:\Papah\suzukisemarangcenter\SUZUKI_CENTER_ASSETS_FINAL\PRODUCTS\XL7_HYBRID\60x80-pamerran-r3-xl7-Recoveredc161.jpg",""
"COPIED","61264-giias-2022-suzuki-s-pressoa192.jpg","D:\Papah\suzukisemarangcenter\TRADA_RAW\cms.suzukihyperlocal.com\61264-giias-2022-suzuki-s-pressoa192.jpg","D:\Papah\suzukisemarangcenter\SUZUKI_CENTER_ASSETS_FINAL\PRODUCTS\S_PRESSO\61264-giias-2022-suzuki-s-pressoa192.jpg",""
"COPIED","9. 360° View Camera7de1.png","D:\Papah\suzukisemarangcenter\TRADA_RAW\cms.suzukihyperlocal.com\9. 360° View Camera7de1.png","D:\Papah\suzukisemarangcenter\SUZUKI_CENTER_ASSETS_FINAL\FEATURES_SAFETY\9. 360° View Camera7de1.png",""
"COPIED","a355f7254db665a9b35e1897d8c561104716.jpg","D:\Papah\suzukisemarangcenter\TRADA_RAW\cms.suzukihyperlocal.com\a355f7254db665a9b35e1897d8c561104716.jpg","D:\Papah\suzukisemarangcenter\SUZUKI_CENTER_ASSETS_FINAL\ARCHIVE\REFERENCE\a355f7254db665a9b35e1897d8c561104716.jpg",""
"COPIED","air_radiator_mobil_dealer_suzuki4136.jpg","D:\Papah\suzukisemarangcenter\TRADA_RAW\cms.suzukihyperlocal.com\air_radiator_mobil_dealer_suzuki4136.jpg","D:\Papah\suzukisemarangcenter\SUZUKI_CENTER_ASSETS_FINAL\ARTICLES\air_radiator_mobil_dealer_suzuki4136.jpg",""
"COPIED","air_radiator_mobil_habis_dealer_suzukie9d5.JPG","D:\Papah\suzukisemarangcenter\TRADA_RAW\cms.suzukihyperlocal.com\air_radiator_mobil_habis_dealer_suzukie9d5.JPG","D:\Papah\suzukisemarangcenter\SUZUKI_CENTER_ASSETS_FINAL\ARTICLES\air_radiator_mobil_habis_dealer_suzukie9d5.JPG",""
"COPIED","aksesoris_mobil_dealer_suzuki6e3b.png","D:\Papah\suzukisemarangcenter\TRADA_RAW\cms.suzukihyperlocal.com\aksesoris_mobil_dealer_suzuki6e3b.png","D:\Papah\suzukisemarangcenter\SUZUKI_CENTER_ASSETS_FINAL\ARTICLES\aksesoris_mobil_dealer_suzuki6e3b.png",""
"COPIED","ANE-BARUd40c.jpg","D:\Papah\suzukisemarangcenter\TRADA_RAW\cms.suzukihyperlocal.com\ANE-BARUd40c.jpg","D:\Papah\suzukisemarangcenter\SUZUKI_CENTER_ASSETS_FINAL\ARCHIVE\REFERENCE\ANE-BARUd40c.jpg",""
"COPIED","ANE_CRUISE_BLACK-CRUISEd36f.webp","D:\Papah\suzukisemarangcenter\TRADA_RAW\cms.suzukihyperlocal.com\ANE_CRUISE_BLACK-CRUISEd36f.webp","D:\Papah\suzukisemarangcenter\SUZUKI_CENTER_ASSETS_FINAL\ARCHIVE\REFERENCE\ANE_CRUISE_BLACK-CRUISEd36f.webp",""
"COPIED","Asset_1_16934.webp","D:\Papah\suzukisemarangcenter\TRADA_RAW\cms.suzukihyperlocal.com\Asset_1_16934.webp","D:\Papah\suzukisemarangcenter\SUZUKI_CENTER_ASSETS_FINAL\ARCHIVE\REFERENCE\Asset_1_16934.webp",""
"COPIED","Asset_1_17633.webp","D:\Papah\suzukisemarangcenter\TRADA_RAW\cms.suzukihyperlocal.com\Asset_1_17633.webp","D:\Papah\suzukisemarangcenter\SUZUKI_CENTER_ASSETS_FINAL\ARCHIVE\REFERENCE\Asset_1_17633.webp",""
"ARCHIVE_SKIP","auto3d82.jpg","D:\Papah\suzukisemarangcenter\TRADA_RAW\cms.suzukihyperlocal.com\auto3d82.jpg","","Archive/reference"
"COPIED","ball_joint_dealer_suzuki4761.jpg","D:\Papah\suzukisemarangcenter\TRADA_RAW\cms.suzukihyperlocal.com\ball_joint_dealer_suzuki4761.jpg","D:\Papah\suzukisemarangcenter\SUZUKI_CENTER_ASSETS_FINAL\ARTICLES\ball_joint_dealer_suzuki4761.jpg",""
"COPIED","banner-29875.jpg","D:\Papah\suzukisemarangcenter\TRADA_RAW\cms.suzukihyperlocal.com\banner-29875.jpg","D:\Papah\suzukisemarangcenter\SUZUKI_CENTER_ASSETS_FINAL\HOME\PROMO\banner-29875.jpg",""
"COPIED","bearingd3af.jpg","D:\Papah\suzukisemarangcenter\TRADA_RAW\cms.suzukihyperlocal.com\bearingd3af.jpg","D:\Papah\suzukisemarangcenter\SUZUKI_CENTER_ASSETS_FINAL\ARTICLES\bearingd3af.jpg",""
"COPIED","beli-xl7-dan-all-new-ertiga-di-suzuki-finance-dapatkan-potongan-3x-angsuran-dan-asuransi-banjir-gratis_thumb9cfe.png","D:\Papah\suzukisemarangcenter\TRADA_RAW\cms.suzukihyperlocal.com\beli-xl7-dan-all-new-ertiga-di-suzuki-finance-dapatkan-potongan-3x-angsuran-dan-asuransi-banjir-gratis_thumb9cfe.png","D:\Papah\suzukisemarangcenter\SUZUKI_CENTER_ASSETS_FINAL\PRODUCTS\XL7_HYBRID\beli-xl7-dan-all-new-ertiga-di-suzuki-finance-dapatkan-potongan-3x-angsuran-dan-asuransi-banjir-gratis_thumb9cfe.png",""
"COPIED","bensin6068.jpg","D:\Papah\suzukisemarangcenter\TRADA_RAW\cms.suzukihyperlocal.com\bensin6068.jpg","D:\Papah\suzukisemarangcenter\SUZUKI_CENTER_ASSETS_FINAL\ARTICLES\bensin6068.jpg",""
"COPIED","berkendara-aman-di-musim-hujan-agar-tenang-sampai-tujuan_thumb72b9.png","D:\Papah\suzukisemarangcenter\TRADA_RAW\cms.suzukihyperlocal.com\berkendara-aman-di-musim-hujan-agar-tenang-sampai-tujuan_thumb72b9.png","D:\Papah\suzukisemarangcenter\SUZUKI_CENTER_ASSETS_FINAL\ARTICLES\berkendara-aman-di-musim-hujan-agar-tenang-sampai-tujuan_thumb72b9.png",""
"COPIED","best80cf.jpg","D:\Papah\suzukisemarangcenter\TRADA_RAW\cms.suzukihyperlocal.com\best80cf.jpg","D:\Papah\suzukisemarangcenter\SUZUKI_CENTER_ASSETS_FINAL\ARCHIVE\REFERENCE\best80cf.jpg",""
"ARCHIVE_SKIP","bg-maina406.webp","D:\Papah\suzukisemarangcenter\TRADA_RAW\cms.suzukihyperlocal.com\bg-maina406.webp","","Archive/reference"
"COPIED","big_braket_kit_dealer_suzuki4ed3.png","D:\Papah\suzukisemarangcenter\TRADA_RAW\cms.suzukihyperlocal.com\big_braket_kit_dealer_suzuki4ed3.png","D:\Papah\suzukisemarangcenter\SUZUKI_CENTER_ASSETS_FINAL\ARCHIVE\REFERENCE\big_braket_kit_dealer_suzuki4ed3.png",""
"COPIED","black-APV_ARENA4c67.webp","D:\Papah\suzukisemarangcenter\TRADA_RAW\cms.suzukihyperlocal.com\black-APV_ARENA4c67.webp","D:\Papah\suzukisemarangcenter\SUZUKI_CENTER_ASSETS_FINAL\ARCHIVE\REFERENCE\black-APV_ARENA4c67.webp",""
"COPIED","Bluish_Black_Pearl-JIMNY_3-DOORS1136.webp","D:\Papah\suzukisemarangcenter\TRADA_RAW\cms.suzukihyperlocal.com\Bluish_Black_Pearl-JIMNY_3-DOORS1136.webp","D:\Papah\suzukisemarangcenter\SUZUKI_CENTER_ASSETS_FINAL\PRODUCTS\JIMNY\Bluish_Black_Pearl-JIMNY_3-DOORS1136.webp",""
"COPIED","Brave-Khaki-ALL_NEW_ERTIGA6e30.webp","D:\Papah\suzukisemarangcenter\TRADA_RAW\cms.suzukihyperlocal.com\Brave-Khaki-ALL_NEW_ERTIGA6e30.webp","D:\Papah\suzukisemarangcenter\SUZUKI_CENTER_ASSETS_FINAL\PRODUCTS\ERTIGA_HYBRID\Brave-Khaki-ALL_NEW_ERTIGA6e30.webp",""
"COPIED","brisk_blue_metallic-JIMNY_3-DOORS12ce.webp","D:\Papah\suzukisemarangcenter\TRADA_RAW\cms.suzukihyperlocal.com\brisk_blue_metallic-JIMNY_3-DOORS12ce.webp","D:\Papah\suzukisemarangcenter\SUZUKI_CENTER_ASSETS_FINAL\PRODUCTS\JIMNY\brisk_blue_metallic-JIMNY_3-DOORS12ce.webp",""
"COPIED","buhing_arm_mobil_rusak_dealer_suzukicb03.png","D:\Papah\suzukisemarangcenter\TRADA_RAW\cms.suzukihyperlocal.com\buhing_arm_mobil_rusak_dealer_suzukicb03.png","D:\Papah\suzukisemarangcenter\SUZUKI_CENTER_ASSETS_FINAL\ARTICLES\buhing_arm_mobil_rusak_dealer_suzukicb03.png",""
"COPIED","cara-membersihkan-velg-mobil27ea.jpg","D:\Papah\suzukisemarangcenter\TRADA_RAW\cms.suzukihyperlocal.com\cara-membersihkan-velg-mobil27ea.jpg","D:\Papah\suzukisemarangcenter\SUZUKI_CENTER_ASSETS_FINAL\ARTICLES\cara-membersihkan-velg-mobil27ea.jpg",""
"COPIED","cara-mudah-bersihkan-dashboard-tanpa-harus-ke-salon-mobil-p0irSOtzSM35b4.jpg","D:\Papah\suzukisemarangcenter\TRADA_RAW\cms.suzukihyperlocal.com\cara-mudah-bersihkan-dashboard-tanpa-harus-ke-salon-mobil-p0irSOtzSM35b4.jpg","D:\Papah\suzukisemarangcenter\SUZUKI_CENTER_ASSETS_FINAL\ARTICLES\cara-mudah-bersihkan-dashboard-tanpa-harus-ke-salon-mobil-p0irSOtzSM35b4.jpg",""
"COPIED","cara_mengkilapkan_cat_mobil_dealer_suzukie1ae.jpg","D:\Papah\suzukisemarangcenter\TRADA_RAW\cms.suzukihyperlocal.com\cara_mengkilapkan_cat_mobil_dealer_suzukie1ae.jpg","D:\Papah\suzukisemarangcenter\SUZUKI_CENTER_ASSETS_FINAL\ARTICLES\cara_mengkilapkan_cat_mobil_dealer_suzukie1ae.jpg",""
"COPIED","Carrye522.webp","D:\Papah\suzukisemarangcenter\TRADA_RAW\cms.suzukihyperlocal.com\Carrye522.webp","D:\Papah\suzukisemarangcenter\SUZUKI_CENTER_ASSETS_FINAL\PRODUCTS\NEW_CARRY\Carrye522.webp",""
"COPIED","CARRY_WEBSITE_NEW_(1)6385.webp","D:\Papah\suzukisemarangcenter\TRADA_RAW\cms.suzukihyperlocal.com\CARRY_WEBSITE_NEW_(1)6385.webp","D:\Papah\suzukisemarangcenter\SUZUKI_CENTER_ASSETS_FINAL\PRODUCTS\NEW_CARRY\CARRY_WEBSITE_NEW_(1)6385.webp",""
"COPIED","chiffon_ivory_metallic-JIMNY_3-DOORS2ed7.webp","D:\Papah\suzukisemarangcenter\TRADA_RAW\cms.suzukihyperlocal.com\chiffon_ivory_metallic-JIMNY_3-DOORS2ed7.webp","D:\Papah\suzukisemarangcenter\SUZUKI_CENTER_ASSETS_FINAL\PRODUCTS\JIMNY\chiffon_ivory_metallic-JIMNY_3-DOORS2ed7.webp",""
"ARCHIVE_SKIP","COLORINGa08e.jpg","D:\Papah\suzukisemarangcenter\TRADA_RAW\cms.suzukihyperlocal.com\COLORINGa08e.jpg","","Archive/reference"
"COPIED","Cool-Black-Metalic-ALL_NEW_ERTIGAd0d0.webp","D:\Papah\suzukisemarangcenter\TRADA_RAW\cms.suzukihyperlocal.com\Cool-Black-Metalic-ALL_NEW_ERTIGAd0d0.webp","D:\Papah\suzukisemarangcenter\SUZUKI_CENTER_ASSETS_FINAL\PRODUCTS\ERTIGA_HYBRID\Cool-Black-Metalic-ALL_NEW_ERTIGAd0d0.webp",""
"COPIED","dddddddddddddddddddddddddd3402.jpg","D:\Papah\suzukisemarangcenter\TRADA_RAW\cms.suzukihyperlocal.com\dddddddddddddddddddddddddd3402.jpg","D:\Papah\suzukisemarangcenter\SUZUKI_CENTER_ASSETS_FINAL\ARCHIVE\REFERENCE\dddddddddddddddddddddddddd3402.jpg",""
"COPIED","defogger_dealer_suzuki69a7.jpg","D:\Papah\suzukisemarangcenter\TRADA_RAW\cms.suzukihyperlocal.com\defogger_dealer_suzuki69a7.jpg","D:\Papah\suzukisemarangcenter\SUZUKI_CENTER_ASSETS_FINAL\ARTICLES\defogger_dealer_suzuki69a7.jpg",""
"COPIED","Desktop_Banner_39274.webp","D:\Papah\suzukisemarangcenter\TRADA_RAW\cms.suzukihyperlocal.com\Desktop_Banner_39274.webp","D:\Papah\suzukisemarangcenter\SUZUKI_CENTER_ASSETS_FINAL\HOME\PROMO\Desktop_Banner_39274.webp",""
"COPIED","dongkrak-hidrolikdd86.jpg","D:\Papah\suzukisemarangcenter\TRADA_RAW\cms.suzukihyperlocal.com\dongkrak-hidrolikdd86.jpg","D:\Papah\suzukisemarangcenter\SUZUKI_CENTER_ASSETS_FINAL\ARTICLES\dongkrak-hidrolikdd86.jpg",""
"COPIED","DP-MALL-Xl-Recoverede411.jpg","D:\Papah\suzukisemarangcenter\TRADA_RAW\cms.suzukihyperlocal.com\DP-MALL-Xl-Recoverede411.jpg","D:\Papah\suzukisemarangcenter\SUZUKI_CENTER_ASSETS_FINAL\PROMO\DP-MALL-Xl-Recoverede411.jpg",""
"COPIED","Eksterior01-JIMNY_5-DOORS9ff4.webp","D:\Papah\suzukisemarangcenter\TRADA_RAW\cms.suzukihyperlocal.com\Eksterior01-JIMNY_5-DOORS9ff4.webp","D:\Papah\suzukisemarangcenter\SUZUKI_CENTER_ASSETS_FINAL\PRODUCTS\JIMNY\Eksterior01-JIMNY_5-DOORS9ff4.webp",""
"COPIED","Eksterior01_(5)6a46.webp","D:\Papah\suzukisemarangcenter\TRADA_RAW\cms.suzukihyperlocal.com\Eksterior01_(5)6a46.webp","D:\Papah\suzukisemarangcenter\SUZUKI_CENTER_ASSETS_FINAL\ARCHIVE\REFERENCE\Eksterior01_(5)6a46.webp",""
"COPIED","Eksterior02-JIMNY_5-DOORSde6b.webp","D:\Papah\suzukisemarangcenter\TRADA_RAW\cms.suzukihyperlocal.com\Eksterior02-JIMNY_5-DOORSde6b.webp","D:\Papah\suzukisemarangcenter\SUZUKI_CENTER_ASSETS_FINAL\PRODUCTS\JIMNY\Eksterior02-JIMNY_5-DOORSde6b.webp",""
"COPIED","Eksterior02_(5)0cca.webp","D:\Papah\suzukisemarangcenter\TRADA_RAW\cms.suzukihyperlocal.com\Eksterior02_(5)0cca.webp","D:\Papah\suzukisemarangcenter\SUZUKI_CENTER_ASSETS_FINAL\ARCHIVE\REFERENCE\Eksterior02_(5)0cca.webp",""
"COPIED","Eksterior03-JIMNY_5-DOORS94f8.webp","D:\Papah\suzukisemarangcenter\TRADA_RAW\cms.suzukihyperlocal.com\Eksterior03-JIMNY_5-DOORS94f8.webp","D:\Papah\suzukisemarangcenter\SUZUKI_CENTER_ASSETS_FINAL\PRODUCTS\JIMNY\Eksterior03-JIMNY_5-DOORS94f8.webp",""
"COPIED","Eksterior03_(4)0c2f.webp","D:\Papah\suzukisemarangcenter\TRADA_RAW\cms.suzukihyperlocal.com\Eksterior03_(4)0c2f.webp","D:\Papah\suzukisemarangcenter\SUZUKI_CENTER_ASSETS_FINAL\ARCHIVE\REFERENCE\Eksterior03_(4)0c2f.webp",""
"COPIED","Eksterior03_(4)b028.webp","D:\Papah\suzukisemarangcenter\TRADA_RAW\cms.suzukihyperlocal.com\Eksterior03_(4)b028.webp","D:\Papah\suzukisemarangcenter\SUZUKI_CENTER_ASSETS_FINAL\ARCHIVE\REFERENCE\Eksterior03_(4)b028.webp",""
"COPIED","Eksterior04-JIMNY_5-DOORSb1b6.webp","D:\Papah\suzukisemarangcenter\TRADA_RAW\cms.suzukihyperlocal.com\Eksterior04-JIMNY_5-DOORSb1b6.webp","D:\Papah\suzukisemarangcenter\SUZUKI_CENTER_ASSETS_FINAL\PRODUCTS\JIMNY\Eksterior04-JIMNY_5-DOORSb1b6.webp",""
"COPIED","Eksterior04_(4)115f.webp","D:\Papah\suzukisemarangcenter\TRADA_RAW\cms.suzukihyperlocal.com\Eksterior04_(4)115f.webp","D:\Papah\suzukisemarangcenter\SUZUKI_CENTER_ASSETS_FINAL\ARCHIVE\REFERENCE\Eksterior04_(4)115f.webp",""
"COPIED","Eksterior04_(4)f240.webp","D:\Papah\suzukisemarangcenter\TRADA_RAW\cms.suzukihyperlocal.com\Eksterior04_(4)f240.webp","D:\Papah\suzukisemarangcenter\SUZUKI_CENTER_ASSETS_FINAL\ARCHIVE\REFERENCE\Eksterior04_(4)f240.webp",""
"COPIED","Eksterior05-JIMNY_5-DOORS667d.webp","D:\Papah\suzukisemarangcenter\TRADA_RAW\cms.suzukihyperlocal.com\Eksterior05-JIMNY_5-DOORS667d.webp","D:\Papah\suzukisemarangcenter\SUZUKI_CENTER_ASSETS_FINAL\PRODUCTS\JIMNY\Eksterior05-JIMNY_5-DOORS667d.webp",""
"COPIED","Eksterior05_(3)b653.webp","D:\Papah\suzukisemarangcenter\TRADA_RAW\cms.suzukihyperlocal.com\Eksterior05_(3)b653.webp","D:\Papah\suzukisemarangcenter\SUZUKI_CENTER_ASSETS_FINAL\ARCHIVE\REFERENCE\Eksterior05_(3)b653.webp",""
"COPIED","Ertiga8d36.jpg","D:\Papah\suzukisemarangcenter\TRADA_RAW\cms.suzukihyperlocal.com\Ertiga8d36.jpg","D:\Papah\suzukisemarangcenter\SUZUKI_CENTER_ASSETS_FINAL\PRODUCTS\ERTIGA_HYBRID\Ertiga8d36.jpg",""
"COPIED","Ertiga_(2)b248.webp","D:\Papah\suzukisemarangcenter\TRADA_RAW\cms.suzukihyperlocal.com\Ertiga_(2)b248.webp","D:\Papah\suzukisemarangcenter\SUZUKI_CENTER_ASSETS_FINAL\PRODUCTS\ERTIGA_HYBRID\Ertiga_(2)b248.webp",""
"COPIED","ext01-JIMNY_3-DOORSb3d0.webp","D:\Papah\suzukisemarangcenter\TRADA_RAW\cms.suzukihyperlocal.com\ext01-JIMNY_3-DOORSb3d0.webp","D:\Papah\suzukisemarangcenter\SUZUKI_CENTER_ASSETS_FINAL\PRODUCTS\JIMNY\ext01-JIMNY_3-DOORSb3d0.webp",""
"COPIED","ext02-JIMNY_3-DOORS6a33.webp","D:\Papah\suzukisemarangcenter\TRADA_RAW\cms.suzukihyperlocal.com\ext02-JIMNY_3-DOORS6a33.webp","D:\Papah\suzukisemarangcenter\SUZUKI_CENTER_ASSETS_FINAL\PRODUCTS\JIMNY\ext02-JIMNY_3-DOORS6a33.webp",""
"COPIED","ext03-JIMNY_3-DOORS8124.webp","D:\Papah\suzukisemarangcenter\TRADA_RAW\cms.suzukihyperlocal.com\ext03-JIMNY_3-DOORS8124.webp","D:\Papah\suzukisemarangcenter\SUZUKI_CENTER_ASSETS_FINAL\PRODUCTS\JIMNY\ext03-JIMNY_3-DOORS8124.webp",""
"COPIED","ext04-JIMNY_3-DOORSffe8.webp","D:\Papah\suzukisemarangcenter\TRADA_RAW\cms.suzukihyperlocal.com\ext04-JIMNY_3-DOORSffe8.webp","D:\Papah\suzukisemarangcenter\SUZUKI_CENTER_ASSETS_FINAL\PRODUCTS\JIMNY\ext04-JIMNY_3-DOORSffe8.webp",""
"COPIED","ext05-JIMNY_3-DOORS5f3d.webp","D:\Papah\suzukisemarangcenter\TRADA_RAW\cms.suzukihyperlocal.com\ext05-JIMNY_3-DOORS5f3d.webp","D:\Papah\suzukisemarangcenter\SUZUKI_CENTER_ASSETS_FINAL\PRODUCTS\JIMNY\ext05-JIMNY_3-DOORS5f3d.webp",""
"COPIED","ext06-JIMNY_3-DOORSf7b5.webp","D:\Papah\suzukisemarangcenter\TRADA_RAW\cms.suzukihyperlocal.com\ext06-JIMNY_3-DOORSf7b5.webp","D:\Papah\suzukisemarangcenter\SUZUKI_CENTER_ASSETS_FINAL\PRODUCTS\JIMNY\ext06-JIMNY_3-DOORSf7b5.webp",""
"COPIED","ext07-JIMNY_3-DOORS4c2d.webp","D:\Papah\suzukisemarangcenter\TRADA_RAW\cms.suzukihyperlocal.com\ext07-JIMNY_3-DOORS4c2d.webp","D:\Papah\suzukisemarangcenter\SUZUKI_CENTER_ASSETS_FINAL\PRODUCTS\JIMNY\ext07-JIMNY_3-DOORS4c2d.webp",""
"COPIED","ext08-JIMNY_3-DOORS4d63.webp","D:\Papah\suzukisemarangcenter\TRADA_RAW\cms.suzukihyperlocal.com\ext08-JIMNY_3-DOORS4d63.webp","D:\Papah\suzukisemarangcenter\SUZUKI_CENTER_ASSETS_FINAL\PRODUCTS\JIMNY\ext08-JIMNY_3-DOORS4d63.webp",""
"COPIED","ext09-JIMNY_3-DOORS085a.webp","D:\Papah\suzukisemarangcenter\TRADA_RAW\cms.suzukihyperlocal.com\ext09-JIMNY_3-DOORS085a.webp","D:\Papah\suzukisemarangcenter\SUZUKI_CENTER_ASSETS_FINAL\PRODUCTS\JIMNY\ext09-JIMNY_3-DOORS085a.webp",""
"COPIED","E_PMAgcVIAAJX4Z-Recovered-Recovered73be.jpg","D:\Papah\suzukisemarangcenter\TRADA_RAW\cms.suzukihyperlocal.com\E_PMAgcVIAAJX4Z-Recovered-Recovered73be.jpg","D:\Papah\suzukisemarangcenter\SUZUKI_CENTER_ASSETS_FINAL\ARTICLES\E_PMAgcVIAAJX4Z-Recovered-Recovered73be.jpg",""
"COPIED","FD5kbSQVQAQ-S3Ef613.jpg","D:\Papah\suzukisemarangcenter\TRADA_RAW\cms.suzukihyperlocal.com\FD5kbSQVQAQ-S3Ef613.jpg","D:\Papah\suzukisemarangcenter\SUZUKI_CENTER_ASSETS_FINAL\ARCHIVE\REFERENCE\FD5kbSQVQAQ-S3Ef613.jpg",""
"COPIED","filter_dryer_ac_mobil_dealer_suzukia40e.png","D:\Papah\suzukisemarangcenter\TRADA_RAW\cms.suzukihyperlocal.com\filter_dryer_ac_mobil_dealer_suzukia40e.png","D:\Papah\suzukisemarangcenter\SUZUKI_CENTER_ASSETS_FINAL\ARTICLES\filter_dryer_ac_mobil_dealer_suzukia40e.png",""
"COPIED","fitur_esp_mobil_dealer_suzukif3aa.jpg","D:\Papah\suzukisemarangcenter\TRADA_RAW\cms.suzukihyperlocal.com\fitur_esp_mobil_dealer_suzukif3aa.jpg","D:\Papah\suzukisemarangcenter\SUZUKI_CENTER_ASSETS_FINAL\FEATURES_SAFETY\fitur_esp_mobil_dealer_suzukif3aa.jpg",""
"ARCHIVE_SKIP","Frame_31550ab58.webp","D:\Papah\suzukisemarangcenter\TRADA_RAW\cms.suzukihyperlocal.com\Frame_31550ab58.webp","","Archive/reference"
"COPIED","fuel_filter_dealer_suzukia41a.jpg","D:\Papah\suzukisemarangcenter\TRADA_RAW\cms.suzukihyperlocal.com\fuel_filter_dealer_suzukia41a.jpg","D:\Papah\suzukisemarangcenter\SUZUKI_CENTER_ASSETS_FINAL\ARTICLES\fuel_filter_dealer_suzukia41a.jpg",""
"COPIED","fuel_pump_mobil_dealer_suzuki2190.JPG","D:\Papah\suzukisemarangcenter\TRADA_RAW\cms.suzukihyperlocal.com\fuel_pump_mobil_dealer_suzuki2190.JPG","D:\Papah\suzukisemarangcenter\SUZUKI_CENTER_ASSETS_FINAL\ARTICLES\fuel_pump_mobil_dealer_suzuki2190.JPG",""
"COPIED","fungsi_bumper_mobil_Dealer_suzukib314.jpg","D:\Papah\suzukisemarangcenter\TRADA_RAW\cms.suzukihyperlocal.com\fungsi_bumper_mobil_Dealer_suzukib314.jpg","D:\Papah\suzukisemarangcenter\SUZUKI_CENTER_ASSETS_FINAL\ARTICLES\fungsi_bumper_mobil_Dealer_suzukib314.jpg",""
"COPIED","fungsi_cairan_engine_flush_dealer_suzuki135c.png","D:\Papah\suzukisemarangcenter\TRADA_RAW\cms.suzukihyperlocal.com\fungsi_cairan_engine_flush_dealer_suzuki135c.png","D:\Papah\suzukisemarangcenter\SUZUKI_CENTER_ASSETS_FINAL\ARTICLES\fungsi_cairan_engine_flush_dealer_suzuki135c.png",""
"COPIED","Fungsi_Catalytic_Converter_Dealer_suzuki6b29.JPG","D:\Papah\suzukisemarangcenter\TRADA_RAW\cms.suzukihyperlocal.com\Fungsi_Catalytic_Converter_Dealer_suzuki6b29.JPG","D:\Papah\suzukisemarangcenter\SUZUKI_CENTER_ASSETS_FINAL\ARTICLES\Fungsi_Catalytic_Converter_Dealer_suzuki6b29.JPG",""
"COPIED","fungsi_distributor_mobil_dealer_suzuki8038.JPG","D:\Papah\suzukisemarangcenter\TRADA_RAW\cms.suzukihyperlocal.com\fungsi_distributor_mobil_dealer_suzuki8038.JPG","D:\Papah\suzukisemarangcenter\SUZUKI_CENTER_ASSETS_FINAL\ARTICLES\fungsi_distributor_mobil_dealer_suzuki8038.JPG",""
"COPIED","fungsi_filter_bensin_mobil_dealer_suzuki6739.png","D:\Papah\suzukisemarangcenter\TRADA_RAW\cms.suzukihyperlocal.com\fungsi_filter_bensin_mobil_dealer_suzuki6739.png","D:\Papah\suzukisemarangcenter\SUZUKI_CENTER_ASSETS_FINAL\ARTICLES\fungsi_filter_bensin_mobil_dealer_suzuki6739.png",""
"COPIED","fungsi_fuse_mobil_dealer_suzuki5137.JPG","D:\Papah\suzukisemarangcenter\TRADA_RAW\cms.suzukihyperlocal.com\fungsi_fuse_mobil_dealer_suzuki5137.JPG","D:\Papah\suzukisemarangcenter\SUZUKI_CENTER_ASSETS_FINAL\ARTICLES\fungsi_fuse_mobil_dealer_suzuki5137.JPG",""
"COPIED","garasi-mobila1c5.jpg","D:\Papah\suzukisemarangcenter\TRADA_RAW\cms.suzukihyperlocal.com\garasi-mobila1c5.jpg","D:\Papah\suzukisemarangcenter\SUZUKI_CENTER_ASSETS_FINAL\ARCHIVE\REFERENCE\garasi-mobila1c5.jpg",""
"COPIED","gejala_piston_mobil_rusak_dealer_suzuki3567.JPG","D:\Papah\suzukisemarangcenter\TRADA_RAW\cms.suzukihyperlocal.com\gejala_piston_mobil_rusak_dealer_suzuki3567.JPG","D:\Papah\suzukisemarangcenter\SUZUKI_CENTER_ASSETS_FINAL\ARTICLES\gejala_piston_mobil_rusak_dealer_suzuki3567.JPG",""
"COPIED","Granite-S-PRESSO950b.webp","D:\Papah\suzukisemarangcenter\TRADA_RAW\cms.suzukihyperlocal.com\Granite-S-PRESSO950b.webp","D:\Papah\suzukisemarangcenter\SUZUKI_CENTER_ASSETS_FINAL\PRODUCTS\S_PRESSO\Granite-S-PRESSO950b.webp",""
"COPIED","hero-new8d3e.webp","D:\Papah\suzukisemarangcenter\TRADA_RAW\cms.suzukihyperlocal.com\hero-new8d3e.webp","D:\Papah\suzukisemarangcenter\SUZUKI_CENTER_ASSETS_FINAL\HOME\PROMO\hero-new8d3e.webp",""
"COPIED","hero8e3d.webp","D:\Papah\suzukisemarangcenter\TRADA_RAW\cms.suzukihyperlocal.com\hero8e3d.webp","D:\Papah\suzukisemarangcenter\SUZUKI_CENTER_ASSETS_FINAL\HOME\PROMO\hero8e3d.webp",""
"COPIED","IGe026.jpg","D:\Papah\suzukisemarangcenter\TRADA_RAW\cms.suzukihyperlocal.com\IGe026.jpg","D:\Papah\suzukisemarangcenter\SUZUKI_CENTER_ASSETS_FINAL\ARCHIVE\REFERENCE\IGe026.jpg",""
"ARCHIVE_SKIP","IGNIS1ab3.jpg","D:\Papah\suzukisemarangcenter\TRADA_RAW\cms.suzukihyperlocal.com\IGNIS1ab3.jpg","","Archive/reference"
"ARCHIVE_SKIP","IGNISS6149.jpg","D:\Papah\suzukisemarangcenter\TRADA_RAW\cms.suzukihyperlocal.com\IGNISS6149.jpg","","Archive/reference"
"ARCHIVE_SKIP","ignissssss355b.jpg","D:\Papah\suzukisemarangcenter\TRADA_RAW\cms.suzukihyperlocal.com\ignissssss355b.jpg","","Archive/reference"
"COPIED","IMG_20220727_212534_(1)5067.jpg","D:\Papah\suzukisemarangcenter\TRADA_RAW\cms.suzukihyperlocal.com\IMG_20220727_212534_(1)5067.jpg","D:\Papah\suzukisemarangcenter\SUZUKI_CENTER_ASSETS_FINAL\ARCHIVE\REFERENCE\IMG_20220727_212534_(1)5067.jpg",""
"COPIED","indikator_mobil2a51.png","D:\Papah\suzukisemarangcenter\TRADA_RAW\cms.suzukihyperlocal.com\indikator_mobil2a51.png","D:\Papah\suzukisemarangcenter\SUZUKI_CENTER_ASSETS_FINAL\ARTICLES\indikator_mobil2a51.png",""
"COPIED","Ini_Cara_Mencegah_Kerusakan_Kaki-kaki_Mobil3b6a.webp","D:\Papah\suzukisemarangcenter\TRADA_RAW\cms.suzukihyperlocal.com\Ini_Cara_Mencegah_Kerusakan_Kaki-kaki_Mobil3b6a.webp","D:\Papah\suzukisemarangcenter\SUZUKI_CENTER_ASSETS_FINAL\ARTICLES\Ini_Cara_Mencegah_Kerusakan_Kaki-kaki_Mobil3b6a.webp",""
"COPIED","Intake-Manifold380b.jpg","D:\Papah\suzukisemarangcenter\TRADA_RAW\cms.suzukihyperlocal.com\Intake-Manifold380b.jpg","D:\Papah\suzukisemarangcenter\SUZUKI_CENTER_ASSETS_FINAL\ARTICLES\Intake-Manifold380b.jpg",""
"COPIED","interiiorr1b8eb.webp","D:\Papah\suzukisemarangcenter\TRADA_RAW\cms.suzukihyperlocal.com\interiiorr1b8eb.webp","D:\Papah\suzukisemarangcenter\SUZUKI_CENTER_ASSETS_FINAL\ARCHIVE\REFERENCE\interiiorr1b8eb.webp",""
"COPIED","Interior-18a7c.webp","D:\Papah\suzukisemarangcenter\TRADA_RAW\cms.suzukihyperlocal.com\Interior-18a7c.webp","D:\Papah\suzukisemarangcenter\SUZUKI_CENTER_ASSETS_FINAL\COMMON\INTERIOR\Interior-18a7c.webp",""
"COPIED","Interior-2fd5b.webp","D:\Papah\suzukisemarangcenter\TRADA_RAW\cms.suzukihyperlocal.com\Interior-2fd5b.webp","D:\Papah\suzukisemarangcenter\SUZUKI_CENTER_ASSETS_FINAL\COMMON\INTERIOR\Interior-2fd5b.webp",""
"COPIED","Interior-3e0f4.webp","D:\Papah\suzukisemarangcenter\TRADA_RAW\cms.suzukihyperlocal.com\Interior-3e0f4.webp","D:\Papah\suzukisemarangcenter\SUZUKI_CENTER_ASSETS_FINAL\COMMON\INTERIOR\Interior-3e0f4.webp",""
"COPIED","Interior-467c9.webp","D:\Papah\suzukisemarangcenter\TRADA_RAW\cms.suzukihyperlocal.com\Interior-467c9.webp","D:\Papah\suzukisemarangcenter\SUZUKI_CENTER_ASSETS_FINAL\COMMON\INTERIOR\Interior-467c9.webp",""
"COPIED","Interior-57771.webp","D:\Papah\suzukisemarangcenter\TRADA_RAW\cms.suzukihyperlocal.com\Interior-57771.webp","D:\Papah\suzukisemarangcenter\SUZUKI_CENTER_ASSETS_FINAL\COMMON\INTERIOR\Interior-57771.webp",""
"COPIED","Interior-62fe6.webp","D:\Papah\suzukisemarangcenter\TRADA_RAW\cms.suzukihyperlocal.com\Interior-62fe6.webp","D:\Papah\suzukisemarangcenter\SUZUKI_CENTER_ASSETS_FINAL\COMMON\INTERIOR\Interior-62fe6.webp",""
"COPIED","Interior-77c22.webp","D:\Papah\suzukisemarangcenter\TRADA_RAW\cms.suzukihyperlocal.com\Interior-77c22.webp","D:\Papah\suzukisemarangcenter\SUZUKI_CENTER_ASSETS_FINAL\COMMON\INTERIOR\Interior-77c22.webp",""
"COPIED","Interior01_(2)-JIMNY_3-DOORS1f97.webp","D:\Papah\suzukisemarangcenter\TRADA_RAW\cms.suzukihyperlocal.com\Interior01_(2)-JIMNY_3-DOORS1f97.webp","D:\Papah\suzukisemarangcenter\SUZUKI_CENTER_ASSETS_FINAL\PRODUCTS\JIMNY\Interior01_(2)-JIMNY_3-DOORS1f97.webp",""
"COPIED","Interior02_(2)-JIMNY_3-DOORS8177.webp","D:\Papah\suzukisemarangcenter\TRADA_RAW\cms.suzukihyperlocal.com\Interior02_(2)-JIMNY_3-DOORS8177.webp","D:\Papah\suzukisemarangcenter\SUZUKI_CENTER_ASSETS_FINAL\PRODUCTS\JIMNY\Interior02_(2)-JIMNY_3-DOORS8177.webp",""
"COPIED","Interior03_(2)-JIMNY_3-DOORSbbfe.webp","D:\Papah\suzukisemarangcenter\TRADA_RAW\cms.suzukihyperlocal.com\Interior03_(2)-JIMNY_3-DOORSbbfe.webp","D:\Papah\suzukisemarangcenter\SUZUKI_CENTER_ASSETS_FINAL\PRODUCTS\JIMNY\Interior03_(2)-JIMNY_3-DOORSbbfe.webp",""
"COPIED","Interior04_(1)-JIMNY_3-DOORS4895.webp","D:\Papah\suzukisemarangcenter\TRADA_RAW\cms.suzukihyperlocal.com\Interior04_(1)-JIMNY_3-DOORS4895.webp","D:\Papah\suzukisemarangcenter\SUZUKI_CENTER_ASSETS_FINAL\PRODUCTS\JIMNY\Interior04_(1)-JIMNY_3-DOORS4895.webp",""
"COPIED","Interior05_(1)1bc9.webp","D:\Papah\suzukisemarangcenter\TRADA_RAW\cms.suzukihyperlocal.com\Interior05_(1)1bc9.webp","D:\Papah\suzukisemarangcenter\SUZUKI_CENTER_ASSETS_FINAL\COMMON\INTERIOR\Interior05_(1)1bc9.webp",""
"COPIED","interior20d3f.webp","D:\Papah\suzukisemarangcenter\TRADA_RAW\cms.suzukihyperlocal.com\interior20d3f.webp","D:\Papah\suzukisemarangcenter\SUZUKI_CENTER_ASSETS_FINAL\COMMON\INTERIOR\interior20d3f.webp",""
"COPIED","interior3215d.webp","D:\Papah\suzukisemarangcenter\TRADA_RAW\cms.suzukihyperlocal.com\interior3215d.webp","D:\Papah\suzukisemarangcenter\SUZUKI_CENTER_ASSETS_FINAL\COMMON\INTERIOR\interior3215d.webp",""
"COPIED","interior40013.webp","D:\Papah\suzukisemarangcenter\TRADA_RAW\cms.suzukihyperlocal.com\interior40013.webp","D:\Papah\suzukisemarangcenter\SUZUKI_CENTER_ASSETS_FINAL\COMMON\INTERIOR\interior40013.webp",""
"COPIED","Interior5a6a.webp","D:\Papah\suzukisemarangcenter\TRADA_RAW\cms.suzukihyperlocal.com\Interior5a6a.webp","D:\Papah\suzukisemarangcenter\SUZUKI_CENTER_ASSETS_FINAL\COMMON\INTERIOR\Interior5a6a.webp",""
"COPIED","interior7e2fe.webp","D:\Papah\suzukisemarangcenter\TRADA_RAW\cms.suzukihyperlocal.com\interior7e2fe.webp","D:\Papah\suzukisemarangcenter\SUZUKI_CENTER_ASSETS_FINAL\COMMON\INTERIOR\interior7e2fe.webp",""
"COPIED","interior8d4d5.webp","D:\Papah\suzukisemarangcenter\TRADA_RAW\cms.suzukihyperlocal.com\interior8d4d5.webp","D:\Papah\suzukisemarangcenter\SUZUKI_CENTER_ASSETS_FINAL\COMMON\INTERIOR\interior8d4d5.webp",""
"COPIED","interiorrr03e5c0.webp","D:\Papah\suzukisemarangcenter\TRADA_RAW\cms.suzukihyperlocal.com\interiorrr03e5c0.webp","D:\Papah\suzukisemarangcenter\SUZUKI_CENTER_ASSETS_FINAL\COMMON\INTERIOR\interiorrr03e5c0.webp",""
"COPIED","interiorrr044c17.webp","D:\Papah\suzukisemarangcenter\TRADA_RAW\cms.suzukihyperlocal.com\interiorrr044c17.webp","D:\Papah\suzukisemarangcenter\SUZUKI_CENTER_ASSETS_FINAL\COMMON\INTERIOR\interiorrr044c17.webp",""
"COPIED","Interior_1-JIMNY_5-DOORS0ec6.webp","D:\Papah\suzukisemarangcenter\TRADA_RAW\cms.suzukihyperlocal.com\Interior_1-JIMNY_5-DOORS0ec6.webp","D:\Papah\suzukisemarangcenter\SUZUKI_CENTER_ASSETS_FINAL\PRODUCTS\JIMNY\Interior_1-JIMNY_5-DOORS0ec6.webp",""
"COPIED","Interior_2-JIMNY_5-DOORS3999.webp","D:\Papah\suzukisemarangcenter\TRADA_RAW\cms.suzukihyperlocal.com\Interior_2-JIMNY_5-DOORS3999.webp","D:\Papah\suzukisemarangcenter\SUZUKI_CENTER_ASSETS_FINAL\PRODUCTS\JIMNY\Interior_2-JIMNY_5-DOORS3999.webp",""
"COPIED","Interior_3-JIMNY_5-DOORS71d6.webp","D:\Papah\suzukisemarangcenter\TRADA_RAW\cms.suzukihyperlocal.com\Interior_3-JIMNY_5-DOORS71d6.webp","D:\Papah\suzukisemarangcenter\SUZUKI_CENTER_ASSETS_FINAL\PRODUCTS\JIMNY\Interior_3-JIMNY_5-DOORS71d6.webp",""
"COPIED","Interior_4-JIMNY_5-DOORS5857.webp","D:\Papah\suzukisemarangcenter\TRADA_RAW\cms.suzukihyperlocal.com\Interior_4-JIMNY_5-DOORS5857.webp","D:\Papah\suzukisemarangcenter\SUZUKI_CENTER_ASSETS_FINAL\PRODUCTS\JIMNY\Interior_4-JIMNY_5-DOORS5857.webp",""
"COPIED","Interior_5-JIMNY_5-DOORS9e39.webp","D:\Papah\suzukisemarangcenter\TRADA_RAW\cms.suzukihyperlocal.com\Interior_5-JIMNY_5-DOORS9e39.webp","D:\Papah\suzukisemarangcenter\SUZUKI_CENTER_ASSETS_FINAL\PRODUCTS\JIMNY\Interior_5-JIMNY_5-DOORS9e39.webp",""
"COPIED","Interior_6-JIMNY_5-DOORS436f.webp","D:\Papah\suzukisemarangcenter\TRADA_RAW\cms.suzukihyperlocal.com\Interior_6-JIMNY_5-DOORS436f.webp","D:\Papah\suzukisemarangcenter\SUZUKI_CENTER_ASSETS_FINAL\PRODUCTS\JIMNY\Interior_6-JIMNY_5-DOORS436f.webp",""
"COPIED","Interior_7-JIMNY_5-DOORSba04.webp","D:\Papah\suzukisemarangcenter\TRADA_RAW\cms.suzukihyperlocal.com\Interior_7-JIMNY_5-DOORSba04.webp","D:\Papah\suzukisemarangcenter\SUZUKI_CENTER_ASSETS_FINAL\PRODUCTS\JIMNY\Interior_7-JIMNY_5-DOORSba04.webp",""
"COPIED","Interior_8-JIMNY_5-DOORS59ea.webp","D:\Papah\suzukisemarangcenter\TRADA_RAW\cms.suzukihyperlocal.com\Interior_8-JIMNY_5-DOORS59ea.webp","D:\Papah\suzukisemarangcenter\SUZUKI_CENTER_ASSETS_FINAL\PRODUCTS\JIMNY\Interior_8-JIMNY_5-DOORS59ea.webp",""
"COPIED","interiot627d3.webp","D:\Papah\suzukisemarangcenter\TRADA_RAW\cms.suzukihyperlocal.com\interiot627d3.webp","D:\Papah\suzukisemarangcenter\SUZUKI_CENTER_ASSETS_FINAL\ARCHIVE\REFERENCE\interiot627d3.webp",""
"COPIED","Jenis_Pintu_Mobil_Dealer_Suzuki99f6.jpg","D:\Papah\suzukisemarangcenter\TRADA_RAW\cms.suzukihyperlocal.com\Jenis_Pintu_Mobil_Dealer_Suzuki99f6.jpg","D:\Papah\suzukisemarangcenter\SUZUKI_CENTER_ASSETS_FINAL\ARTICLES\Jenis_Pintu_Mobil_Dealer_Suzuki99f6.jpg",""
"COPIED","jenis_sim_dealer_suzukiee2a.jpg","D:\Papah\suzukisemarangcenter\TRADA_RAW\cms.suzukihyperlocal.com\jenis_sim_dealer_suzukiee2a.jpg","D:\Papah\suzukisemarangcenter\SUZUKI_CENTER_ASSETS_FINAL\ARTICLES\jenis_sim_dealer_suzukiee2a.jpg",""
"COPIED","kabel_busi_mobil_dealer_suzuki6404.png","D:\Papah\suzukisemarangcenter\TRADA_RAW\cms.suzukihyperlocal.com\kabel_busi_mobil_dealer_suzuki6404.png","D:\Papah\suzukisemarangcenter\SUZUKI_CENTER_ASSETS_FINAL\ARCHIVE\REFERENCE\kabel_busi_mobil_dealer_suzuki6404.png",""
"COPIED","kartini-2c177.jpg","D:\Papah\suzukisemarangcenter\TRADA_RAW\cms.suzukihyperlocal.com\kartini-2c177.jpg","D:\Papah\suzukisemarangcenter\SUZUKI_CENTER_ASSETS_FINAL\ARCHIVE\REFERENCE\kartini-2c177.jpg",""
"COPIED","kilas-balik-suzuki-indonesia-2020-tetap-pacu-kinerja-meski-pandemi-melanda067f.jpg","D:\Papah\suzukisemarangcenter\TRADA_RAW\cms.suzukihyperlocal.com\kilas-balik-suzuki-indonesia-2020-tetap-pacu-kinerja-meski-pandemi-melanda067f.jpg","D:\Papah\suzukisemarangcenter\SUZUKI_CENTER_ASSETS_FINAL\ARCHIVE\REFERENCE\kilas-balik-suzuki-indonesia-2020-tetap-pacu-kinerja-meski-pandemi-melanda067f.jpg",""
"COPIED","kinetic_yellow-JIMNY_3-DOORS5318.webp","D:\Papah\suzukisemarangcenter\TRADA_RAW\cms.suzukihyperlocal.com\kinetic_yellow-JIMNY_3-DOORS5318.webp","D:\Papah\suzukisemarangcenter\SUZUKI_CENTER_ASSETS_FINAL\PRODUCTS\JIMNY\kinetic_yellow-JIMNY_3-DOORS5318.webp",""
"COPIED","KOMITMEN8064.jpg","D:\Papah\suzukisemarangcenter\TRADA_RAW\cms.suzukihyperlocal.com\KOMITMEN8064.jpg","D:\Papah\suzukisemarangcenter\SUZUKI_CENTER_ASSETS_FINAL\ARCHIVE\REFERENCE\KOMITMEN8064.jpg",""
"COPIED","komponen_mobil_manual_dealer_suzuki26ad.png","D:\Papah\suzukisemarangcenter\TRADA_RAW\cms.suzukihyperlocal.com\komponen_mobil_manual_dealer_suzuki26ad.png","D:\Papah\suzukisemarangcenter\SUZUKI_CENTER_ASSETS_FINAL\ARTICLES\komponen_mobil_manual_dealer_suzuki26ad.png",""
"COPIED","kontes-modifikasi-digital-suzuki-terus-berinovasi-berakhir-inilah-para-pemenangnya85dd.jpg","D:\Papah\suzukisemarangcenter\TRADA_RAW\cms.suzukihyperlocal.com\kontes-modifikasi-digital-suzuki-terus-berinovasi-berakhir-inilah-para-pemenangnya85dd.jpg","D:\Papah\suzukisemarangcenter\SUZUKI_CENTER_ASSETS_FINAL\ARCHIVE\REFERENCE\kontes-modifikasi-digital-suzuki-terus-berinovasi-berakhir-inilah-para-pemenangnya85dd.jpg",""
"COPIED","lokasi_latihan_mobil_dealer_suzuki3db1.png","D:\Papah\suzukisemarangcenter\TRADA_RAW\cms.suzukihyperlocal.com\lokasi_latihan_mobil_dealer_suzuki3db1.png","D:\Papah\suzukisemarangcenter\SUZUKI_CENTER_ASSETS_FINAL\ARTICLES\lokasi_latihan_mobil_dealer_suzuki3db1.png",""
"COPIED","loker-1ed69.jpg","D:\Papah\suzukisemarangcenter\TRADA_RAW\cms.suzukihyperlocal.com\loker-1ed69.jpg","D:\Papah\suzukisemarangcenter\SUZUKI_CENTER_ASSETS_FINAL\ARCHIVE\REFERENCE\loker-1ed69.jpg",""
"COPIED","loker-20d07.jpg","D:\Papah\suzukisemarangcenter\TRADA_RAW\cms.suzukihyperlocal.com\loker-20d07.jpg","D:\Papah\suzukisemarangcenter\SUZUKI_CENTER_ASSETS_FINAL\ARCHIVE\REFERENCE\loker-20d07.jpg",""
"COPIED","LOKER410f.jpg","D:\Papah\suzukisemarangcenter\TRADA_RAW\cms.suzukihyperlocal.com\LOKER410f.jpg","D:\Papah\suzukisemarangcenter\SUZUKI_CENTER_ASSETS_FINAL\ARCHIVE\REFERENCE\LOKER410f.jpg",""
"COPIED","manfaat_mobil_listrik_dealer_suzuki4687.png","D:\Papah\suzukisemarangcenter\TRADA_RAW\cms.suzukihyperlocal.com\manfaat_mobil_listrik_dealer_suzuki4687.png","D:\Papah\suzukisemarangcenter\SUZUKI_CENTER_ASSETS_FINAL\ARTICLES\manfaat_mobil_listrik_dealer_suzuki4687.png",""
"COPIED","masker1b3dc.jpg","D:\Papah\suzukisemarangcenter\TRADA_RAW\cms.suzukihyperlocal.com\masker1b3dc.jpg","D:\Papah\suzukisemarangcenter\SUZUKI_CENTER_ASSETS_FINAL\ARCHIVE\REFERENCE\masker1b3dc.jpg",""
"COPIED","mechanic-hand-checking-fixing-broken-car-car-service-garage_146671-19718177b.jpg","D:\Papah\suzukisemarangcenter\TRADA_RAW\cms.suzukihyperlocal.com\mechanic-hand-checking-fixing-broken-car-car-service-garage_146671-19718177b.jpg","D:\Papah\suzukisemarangcenter\SUZUKI_CENTER_ASSETS_FINAL\ARCHIVE\REFERENCE\mechanic-hand-checking-fixing-broken-car-car-service-garage_146671-19718177b.jpg",""
"COPIED","medium_grey-JIMNY_3-DOORS5cac.webp","D:\Papah\suzukisemarangcenter\TRADA_RAW\cms.suzukihyperlocal.com\medium_grey-JIMNY_3-DOORS5cac.webp","D:\Papah\suzukisemarangcenter\SUZUKI_CENTER_ASSETS_FINAL\PRODUCTS\JIMNY\medium_grey-JIMNY_3-DOORS5cac.webp",""
"COPIED","mekanik-Handalcf74.jpg","D:\Papah\suzukisemarangcenter\TRADA_RAW\cms.suzukihyperlocal.com\mekanik-Handalcf74.jpg","D:\Papah\suzukisemarangcenter\SUZUKI_CENTER_ASSETS_FINAL\ARCHIVE\REFERENCE\mekanik-Handalcf74.jpg",""
"COPIED","Mello-Deep-Red-ALL_NEW_ERTIGAd3d4.webp","D:\Papah\suzukisemarangcenter\TRADA_RAW\cms.suzukihyperlocal.com\Mello-Deep-Red-ALL_NEW_ERTIGAd3d4.webp","D:\Papah\suzukisemarangcenter\SUZUKI_CENTER_ASSETS_FINAL\PRODUCTS\ERTIGA_HYBRID\Mello-Deep-Red-ALL_NEW_ERTIGAd3d4.webp",""
"COPIED","menderek_mobil_mogok_dealer_suzuki972c.png","D:\Papah\suzukisemarangcenter\TRADA_RAW\cms.suzukihyperlocal.com\menderek_mobil_mogok_dealer_suzuki972c.png","D:\Papah\suzukisemarangcenter\SUZUKI_CENTER_ASSETS_FINAL\ARTICLES\menderek_mobil_mogok_dealer_suzuki972c.png",""
"COPIED","mengatasi_storing_audio_mobil_dealer_suzukib152.jpg","D:\Papah\suzukisemarangcenter\TRADA_RAW\cms.suzukihyperlocal.com\mengatasi_storing_audio_mobil_dealer_suzukib152.jpg","D:\Papah\suzukisemarangcenter\SUZUKI_CENTER_ASSETS_FINAL\ARTICLES\mengatasi_storing_audio_mobil_dealer_suzukib152.jpg",""
"COPIED","mengemudi_dijalan_becek8bd7.jpg","D:\Papah\suzukisemarangcenter\TRADA_RAW\cms.suzukihyperlocal.com\mengemudi_dijalan_becek8bd7.jpg","D:\Papah\suzukisemarangcenter\SUZUKI_CENTER_ASSETS_FINAL\ARTICLES\mengemudi_dijalan_becek8bd7.jpg",""
"COPIED","menjaga-mobil-agar-tetap-amanc114.jpg","D:\Papah\suzukisemarangcenter\TRADA_RAW\cms.suzukihyperlocal.com\menjaga-mobil-agar-tetap-amanc114.jpg","D:\Papah\suzukisemarangcenter\SUZUKI_CENTER_ASSETS_FINAL\ARTICLES\menjaga-mobil-agar-tetap-amanc114.jpg",""
"COPIED","merawat-pintu-mobil34bc.jpg","D:\Papah\suzukisemarangcenter\TRADA_RAW\cms.suzukihyperlocal.com\merawat-pintu-mobil34bc.jpg","D:\Papah\suzukisemarangcenter\SUZUKI_CENTER_ASSETS_FINAL\ARTICLES\merawat-pintu-mobil34bc.jpg",""
"COPIED","Metalic-Magma-Gray-Primary-ALL_NEW_ERTIGAa908.webp","D:\Papah\suzukisemarangcenter\TRADA_RAW\cms.suzukihyperlocal.com\Metalic-Magma-Gray-Primary-ALL_NEW_ERTIGAa908.webp","D:\Papah\suzukisemarangcenter\SUZUKI_CENTER_ASSETS_FINAL\PRODUCTS\ERTIGA_HYBRID\Metalic-Magma-Gray-Primary-ALL_NEW_ERTIGAa908.webp",""
"COPIED","minyak-rem1edd.jpg","D:\Papah\suzukisemarangcenter\TRADA_RAW\cms.suzukihyperlocal.com\minyak-rem1edd.jpg","D:\Papah\suzukisemarangcenter\SUZUKI_CENTER_ASSETS_FINAL\ARTICLES\minyak-rem1edd.jpg",""
"COPIED","minyak_rem_dealer_suzuki081a.png","D:\Papah\suzukisemarangcenter\TRADA_RAW\cms.suzukihyperlocal.com\minyak_rem_dealer_suzuki081a.png","D:\Papah\suzukisemarangcenter\SUZUKI_CENTER_ASSETS_FINAL\ARCHIVE\REFERENCE\minyak_rem_dealer_suzuki081a.png",""
"COPIED","mobil-suzuki-produksi-2021-kini-dilengkapi-alat-pemadam-api-ringan_thumb22aa.png","D:\Papah\suzukisemarangcenter\TRADA_RAW\cms.suzukihyperlocal.com\mobil-suzuki-produksi-2021-kini-dilengkapi-alat-pemadam-api-ringan_thumb22aa.png","D:\Papah\suzukisemarangcenter\SUZUKI_CENTER_ASSETS_FINAL\ARTICLES\mobil-suzuki-produksi-2021-kini-dilengkapi-alat-pemadam-api-ringan_thumb22aa.png",""
"COPIED","MOBILE50a2.jpg","D:\Papah\suzukisemarangcenter\TRADA_RAW\cms.suzukihyperlocal.com\MOBILE50a2.jpg","D:\Papah\suzukisemarangcenter\SUZUKI_CENTER_ASSETS_FINAL\ARCHIVE\REFERENCE\MOBILE50a2.jpg",""
"COPIED","mobl_berwarna_hitam_xl7_dealer_suzuki7ed5.png","D:\Papah\suzukisemarangcenter\TRADA_RAW\cms.suzukihyperlocal.com\mobl_berwarna_hitam_xl7_dealer_suzuki7ed5.png","D:\Papah\suzukisemarangcenter\SUZUKI_CENTER_ASSETS_FINAL\PRODUCTS\XL7_HYBRID\mobl_berwarna_hitam_xl7_dealer_suzuki7ed5.png",""
"COPIED","New-Prime-Graphite-Grey-NEW_CARRY_PICK-UP6209.webp","D:\Papah\suzukisemarangcenter\TRADA_RAW\cms.suzukihyperlocal.com\New-Prime-Graphite-Grey-NEW_CARRY_PICK-UP6209.webp","D:\Papah\suzukisemarangcenter\SUZUKI_CENTER_ASSETS_FINAL\PRODUCTS\NEW_CARRY\New-Prime-Graphite-Grey-NEW_CARRY_PICK-UP6209.webp",""
"COPIED","NKRI-22234.jpg","D:\Papah\suzukisemarangcenter\TRADA_RAW\cms.suzukihyperlocal.com\NKRI-22234.jpg","D:\Papah\suzukisemarangcenter\SUZUKI_CENTER_ASSETS_FINAL\ARCHIVE\REFERENCE\NKRI-22234.jpg",""
"COPIED","off-road-tire-on-car-extreme-sport-SBI-30109074287fc.jpg","D:\Papah\suzukisemarangcenter\TRADA_RAW\cms.suzukihyperlocal.com\off-road-tire-on-car-extreme-sport-SBI-30109074287fc.jpg","D:\Papah\suzukisemarangcenter\SUZUKI_CENTER_ASSETS_FINAL\ARCHIVE\REFERENCE\off-road-tire-on-car-extreme-sport-SBI-30109074287fc.jpg",""
"COPIED","pajak_progresif_dealer_suzukiab47.jpg","D:\Papah\suzukisemarangcenter\TRADA_RAW\cms.suzukihyperlocal.com\pajak_progresif_dealer_suzukiab47.jpg","D:\Papah\suzukisemarangcenter\SUZUKI_CENTER_ASSETS_FINAL\ARCHIVE\REFERENCE\pajak_progresif_dealer_suzukiab47.jpg",""
"COPIED","PAKET-SERVIS-ARUS-BALIK5569.jpg","D:\Papah\suzukisemarangcenter\TRADA_RAW\cms.suzukihyperlocal.com\PAKET-SERVIS-ARUS-BALIK5569.jpg","D:\Papah\suzukisemarangcenter\SUZUKI_CENTER_ASSETS_FINAL\ARCHIVE\REFERENCE\PAKET-SERVIS-ARUS-BALIK5569.jpg",""
"COPIED","paket-servis6cff.jpg","D:\Papah\suzukisemarangcenter\TRADA_RAW\cms.suzukihyperlocal.com\paket-servis6cff.jpg","D:\Papah\suzukisemarangcenter\SUZUKI_CENTER_ASSETS_FINAL\ARCHIVE\REFERENCE\paket-servis6cff.jpg",""
"COPIED","parkir_mobil_matic_dealer_suzukie6e1.png","D:\Papah\suzukisemarangcenter\TRADA_RAW\cms.suzukihyperlocal.com\parkir_mobil_matic_dealer_suzukie6e1.png","D:\Papah\suzukisemarangcenter\SUZUKI_CENTER_ASSETS_FINAL\ARTICLES\parkir_mobil_matic_dealer_suzukie6e1.png",""
"COPIED","Pearl-Snow-White-ALL_NEW_ERTIGA34e4.webp","D:\Papah\suzukisemarangcenter\TRADA_RAW\cms.suzukihyperlocal.com\Pearl-Snow-White-ALL_NEW_ERTIGA34e4.webp","D:\Papah\suzukisemarangcenter\SUZUKI_CENTER_ASSETS_FINAL\PRODUCTS\ERTIGA_HYBRID\Pearl-Snow-White-ALL_NEW_ERTIGA34e4.webp",""
"COPIED","pearl-snow-white-SGX1d7b.png","D:\Papah\suzukisemarangcenter\TRADA_RAW\cms.suzukihyperlocal.com\pearl-snow-white-SGX1d7b.png","D:\Papah\suzukisemarangcenter\SUZUKI_CENTER_ASSETS_FINAL\PRODUCTS\FRONX\pearl-snow-white-SGX1d7b.png",""
"COPIED","pearl_pure_white-JIMNY_3-DOORSf4bb.webp","D:\Papah\suzukisemarangcenter\TRADA_RAW\cms.suzukihyperlocal.com\pearl_pure_white-JIMNY_3-DOORSf4bb.webp","D:\Papah\suzukisemarangcenter\SUZUKI_CENTER_ASSETS_FINAL\PRODUCTS\JIMNY\pearl_pure_white-JIMNY_3-DOORSf4bb.webp",""
"COPIED","PEARL_SNOW_WHITE-CRUISEa509.webp","D:\Papah\suzukisemarangcenter\TRADA_RAW\cms.suzukihyperlocal.com\PEARL_SNOW_WHITE-CRUISEa509.webp","D:\Papah\suzukisemarangcenter\SUZUKI_CENTER_ASSETS_FINAL\PRODUCTS\FRONX\PEARL_SNOW_WHITE-CRUISEa509.webp",""
"COPIED","pedal_kopling_dealer_suzuki95eb.JPG","D:\Papah\suzukisemarangcenter\TRADA_RAW\cms.suzukihyperlocal.com\pedal_kopling_dealer_suzuki95eb.JPG","D:\Papah\suzukisemarangcenter\SUZUKI_CENTER_ASSETS_FINAL\ARTICLES\pedal_kopling_dealer_suzuki95eb.JPG",""
"COPIED","Pelanggan-482c0.jpg","D:\Papah\suzukisemarangcenter\TRADA_RAW\cms.suzukihyperlocal.com\Pelanggan-482c0.jpg","D:\Papah\suzukisemarangcenter\SUZUKI_CENTER_ASSETS_FINAL\ARCHIVE\REFERENCE\Pelanggan-482c0.jpg",""
"COPIED","pentingnya-fitur-smart-e-mirror-pada-suzuki-xl7_thumb404e.png","D:\Papah\suzukisemarangcenter\TRADA_RAW\cms.suzukihyperlocal.com\pentingnya-fitur-smart-e-mirror-pada-suzuki-xl7_thumb404e.png","D:\Papah\suzukisemarangcenter\SUZUKI_CENTER_ASSETS_FINAL\PRODUCTS\XL7_HYBRID\pentingnya-fitur-smart-e-mirror-pada-suzuki-xl7_thumb404e.png",""
"COPIED","penyebab_bunyi_gluduk_dealer_suzuki8007.jpg","D:\Papah\suzukisemarangcenter\TRADA_RAW\cms.suzukihyperlocal.com\penyebab_bunyi_gluduk_dealer_suzuki8007.jpg","D:\Papah\suzukisemarangcenter\SUZUKI_CENTER_ASSETS_FINAL\ARTICLES\penyebab_bunyi_gluduk_dealer_suzuki8007.jpg",""
"COPIED","penyebab_kopling_mobil_keras_dealer_suzukib144.JPG","D:\Papah\suzukisemarangcenter\TRADA_RAW\cms.suzukihyperlocal.com\penyebab_kopling_mobil_keras_dealer_suzukib144.JPG","D:\Papah\suzukisemarangcenter\SUZUKI_CENTER_ASSETS_FINAL\ARTICLES\penyebab_kopling_mobil_keras_dealer_suzukib144.JPG",""
"COPIED","power_steering_mobil_dealer_suzukica1e.jpg","D:\Papah\suzukisemarangcenter\TRADA_RAW\cms.suzukihyperlocal.com\power_steering_mobil_dealer_suzukica1e.jpg","D:\Papah\suzukisemarangcenter\SUZUKI_CENTER_ASSETS_FINAL\ARTICLES\power_steering_mobil_dealer_suzukica1e.jpg",""
"COPIED","PPNBM-0-harga-naikb1ab.jpg","D:\Papah\suzukisemarangcenter\TRADA_RAW\cms.suzukihyperlocal.com\PPNBM-0-harga-naikb1ab.jpg","D:\Papah\suzukisemarangcenter\SUZUKI_CENTER_ASSETS_FINAL\ARCHIVE\REFERENCE\PPNBM-0-harga-naikb1ab.jpg",""
"COPIED","PPNBMaa6f.jpg","D:\Papah\suzukisemarangcenter\TRADA_RAW\cms.suzukihyperlocal.com\PPNBMaa6f.jpg","D:\Papah\suzukisemarangcenter\SUZUKI_CENTER_ASSETS_FINAL\ARCHIVE\REFERENCE\PPNBMaa6f.jpg",""
"COPIED","PU-50%ae13.jpg","D:\Papah\suzukisemarangcenter\TRADA_RAW\cms.suzukihyperlocal.com\PU-50%ae13.jpg","D:\Papah\suzukisemarangcenter\SUZUKI_CENTER_ASSETS_FINAL\ARCHIVE\REFERENCE\PU-50%ae13.jpg",""
"COPIED","PU-Imlek0b0d.jpg","D:\Papah\suzukisemarangcenter\TRADA_RAW\cms.suzukihyperlocal.com\PU-Imlek0b0d.jpg","D:\Papah\suzukisemarangcenter\SUZUKI_CENTER_ASSETS_FINAL\ARCHIVE\REFERENCE\PU-Imlek0b0d.jpg",""
"COPIED","PU-USAHA9656.jpg","D:\Papah\suzukisemarangcenter\TRADA_RAW\cms.suzukihyperlocal.com\PU-USAHA9656.jpg","D:\Papah\suzukisemarangcenter\SUZUKI_CENTER_ASSETS_FINAL\ARCHIVE\REFERENCE\PU-USAHA9656.jpg",""
"COPIED","PU46bc.jpg","D:\Papah\suzukisemarangcenter\TRADA_RAW\cms.suzukihyperlocal.com\PU46bc.jpg","D:\Papah\suzukisemarangcenter\SUZUKI_CENTER_ASSETS_FINAL\ARCHIVE\REFERENCE\PU46bc.jpg",""
"COPIED","radiator_flush_dealer_suzukidd7a.png","D:\Papah\suzukisemarangcenter\TRADA_RAW\cms.suzukihyperlocal.com\radiator_flush_dealer_suzukidd7a.png","D:\Papah\suzukisemarangcenter\SUZUKI_CENTER_ASSETS_FINAL\ARTICLES\radiator_flush_dealer_suzukidd7a.png",""
"COPIED","Rajanya-Pick-upc138.jpg","D:\Papah\suzukisemarangcenter\TRADA_RAW\cms.suzukihyperlocal.com\Rajanya-Pick-upc138.jpg","D:\Papah\suzukisemarangcenter\SUZUKI_CENTER_ASSETS_FINAL\ARCHIVE\REFERENCE\Rajanya-Pick-upc138.jpg",""
"COPIED","Real-Black-NEW_CARRY_PICK-UPe84c.webp","D:\Papah\suzukisemarangcenter\TRADA_RAW\cms.suzukihyperlocal.com\Real-Black-NEW_CARRY_PICK-UPe84c.webp","D:\Papah\suzukisemarangcenter\SUZUKI_CENTER_ASSETS_FINAL\PRODUCTS\NEW_CARRY\Real-Black-NEW_CARRY_PICK-UPe84c.webp",""
"COPIED","red-APV_ARENA9435.webp","D:\Papah\suzukisemarangcenter\TRADA_RAW\cms.suzukihyperlocal.com\red-APV_ARENA9435.webp","D:\Papah\suzukisemarangcenter\SUZUKI_CENTER_ASSETS_FINAL\ARCHIVE\REFERENCE\red-APV_ARENA9435.webp",""
"COPIED","Red-S-PRESSO6c73.webp","D:\Papah\suzukisemarangcenter\TRADA_RAW\cms.suzukihyperlocal.com\Red-S-PRESSO6c73.webp","D:\Papah\suzukisemarangcenter\SUZUKI_CENTER_ASSETS_FINAL\PRODUCTS\S_PRESSO\Red-S-PRESSO6c73.webp",""
"COPIED","rem_cakram_Dealer_suzukiee99.JPG","D:\Papah\suzukisemarangcenter\TRADA_RAW\cms.suzukihyperlocal.com\rem_cakram_Dealer_suzukiee99.JPG","D:\Papah\suzukisemarangcenter\SUZUKI_CENTER_ASSETS_FINAL\ARTICLES\rem_cakram_Dealer_suzukiee99.JPG",""
"COPIED","rocker_arm_dealer_suzuki83cb.jpg","D:\Papah\suzukisemarangcenter\TRADA_RAW\cms.suzukihyperlocal.com\rocker_arm_dealer_suzuki83cb.jpg","D:\Papah\suzukisemarangcenter\SUZUKI_CENTER_ASSETS_FINAL\ARTICLES\rocker_arm_dealer_suzuki83cb.jpg",""
"COPIED","savana-ivory-SGXee76.png","D:\Papah\suzukisemarangcenter\TRADA_RAW\cms.suzukihyperlocal.com\savana-ivory-SGXee76.png","D:\Papah\suzukisemarangcenter\SUZUKI_CENTER_ASSETS_FINAL\PRODUCTS\FRONX\savana-ivory-SGXee76.png",""
"COPIED","semakind6c9.jpg","D:\Papah\suzukisemarangcenter\TRADA_RAW\cms.suzukihyperlocal.com\semakind6c9.jpg","D:\Papah\suzukisemarangcenter\SUZUKI_CENTER_ASSETS_FINAL\ARCHIVE\REFERENCE\semakind6c9.jpg",""
"COPIED","sensor_ect_dealer_suzuki_(1)8e4f.jpg","D:\Papah\suzukisemarangcenter\TRADA_RAW\cms.suzukihyperlocal.com\sensor_ect_dealer_suzuki_(1)8e4f.jpg","D:\Papah\suzukisemarangcenter\SUZUKI_CENTER_ASSETS_FINAL\ARTICLES\sensor_ect_dealer_suzuki_(1)8e4f.jpg",""
"COPIED","servis-2c3b7.jpg","D:\Papah\suzukisemarangcenter\TRADA_RAW\cms.suzukihyperlocal.com\servis-2c3b7.jpg","D:\Papah\suzukisemarangcenter\SUZUKI_CENTER_ASSETS_FINAL\ARCHIVE\REFERENCE\servis-2c3b7.jpg",""
"COPIED","Silky-Silver-ALL_NEW_ERTIGA26ac.webp","D:\Papah\suzukisemarangcenter\TRADA_RAW\cms.suzukihyperlocal.com\Silky-Silver-ALL_NEW_ERTIGA26ac.webp","D:\Papah\suzukisemarangcenter\SUZUKI_CENTER_ASSETS_FINAL\PRODUCTS\ERTIGA_HYBRID\Silky-Silver-ALL_NEW_ERTIGA26ac.webp",""
"COPIED","Silky-Silver-NEW_CARRY_PICK-UP5b0e.webp","D:\Papah\suzukisemarangcenter\TRADA_RAW\cms.suzukihyperlocal.com\Silky-Silver-NEW_CARRY_PICK-UP5b0e.webp","D:\Papah\suzukisemarangcenter\SUZUKI_CENTER_ASSETS_FINAL\PRODUCTS\NEW_CARRY\Silky-Silver-NEW_CARRY_PICK-UP5b0e.webp",""
"COPIED","Silkysilver-S-PRESSOb2d0.webp","D:\Papah\suzukisemarangcenter\TRADA_RAW\cms.suzukihyperlocal.com\Silkysilver-S-PRESSOb2d0.webp","D:\Papah\suzukisemarangcenter\SUZUKI_CENTER_ASSETS_FINAL\PRODUCTS\S_PRESSO\Silkysilver-S-PRESSOb2d0.webp",""
"COPIED","silky_silver_metallic-JIMNY_3-DOORS0b68.webp","D:\Papah\suzukisemarangcenter\TRADA_RAW\cms.suzukihyperlocal.com\silky_silver_metallic-JIMNY_3-DOORS0b68.webp","D:\Papah\suzukisemarangcenter\SUZUKI_CENTER_ASSETS_FINAL\PRODUCTS\JIMNY\silky_silver_metallic-JIMNY_3-DOORS0b68.webp",""
"COPIED","silver-APV_ARENA9b6a.webp","D:\Papah\suzukisemarangcenter\TRADA_RAW\cms.suzukihyperlocal.com\silver-APV_ARENA9b6a.webp","D:\Papah\suzukisemarangcenter\SUZUKI_CENTER_ASSETS_FINAL\ARCHIVE\REFERENCE\silver-APV_ARENA9b6a.webp",""
"COPIED","sistem_pengisian_mobil_dealer_suzuki06de.jpg","D:\Papah\suzukisemarangcenter\TRADA_RAW\cms.suzukihyperlocal.com\sistem_pengisian_mobil_dealer_suzuki06de.jpg","D:\Papah\suzukisemarangcenter\SUZUKI_CENTER_ASSETS_FINAL\ARTICLES\sistem_pengisian_mobil_dealer_suzuki06de.jpg",""
"COPIED","Sizzle_Orange-White-S-PRESSOdc39.webp","D:\Papah\suzukisemarangcenter\TRADA_RAW\cms.suzukihyperlocal.com\Sizzle_Orange-White-S-PRESSOdc39.webp","D:\Papah\suzukisemarangcenter\SUZUKI_CENTER_ASSETS_FINAL\PRODUCTS\S_PRESSO\Sizzle_Orange-White-S-PRESSOdc39.webp",""
"COPIED","ssda68.jpg","D:\Papah\suzukisemarangcenter\TRADA_RAW\cms.suzukihyperlocal.com\ssda68.jpg","D:\Papah\suzukisemarangcenter\SUZUKI_CENTER_ASSETS_FINAL\ARCHIVE\REFERENCE\ssda68.jpg",""
"COPIED","SST1121.jpg","D:\Papah\suzukisemarangcenter\TRADA_RAW\cms.suzukihyperlocal.com\SST1121.jpg","D:\Papah\suzukisemarangcenter\SUZUKI_CENTER_ASSETS_FINAL\ARCHIVE\REFERENCE\SST1121.jpg",""
"COPIED","sufi-1fef4.jpg","D:\Papah\suzukisemarangcenter\TRADA_RAW\cms.suzukihyperlocal.com\sufi-1fef4.jpg","D:\Papah\suzukisemarangcenter\SUZUKI_CENTER_ASSETS_FINAL\ARCHIVE\REFERENCE\sufi-1fef4.jpg",""
"COPIED","Sultan-Sayur1c9a.jpg","D:\Papah\suzukisemarangcenter\TRADA_RAW\cms.suzukihyperlocal.com\Sultan-Sayur1c9a.jpg","D:\Papah\suzukisemarangcenter\SUZUKI_CENTER_ASSETS_FINAL\ARCHIVE\REFERENCE\Sultan-Sayur1c9a.jpg",""
"COPIED","suzuki-berikan-servis-kendaraan-gratis-bagi-korban-banjir-kalimantan-selatan_thumb09f8.png","D:\Papah\suzukisemarangcenter\TRADA_RAW\cms.suzukihyperlocal.com\suzuki-berikan-servis-kendaraan-gratis-bagi-korban-banjir-kalimantan-selatan_thumb09f8.png","D:\Papah\suzukisemarangcenter\SUZUKI_CENTER_ASSETS_FINAL\ARTICLES\suzuki-berikan-servis-kendaraan-gratis-bagi-korban-banjir-kalimantan-selatan_thumb09f8.png",""
"COPIED","Suzuki-Ertiga-Hybrid-GX-Hero-[FLIP]-BRAVE-KHAKI-[FIX-LAYERS]_1-GX83ca.webp","D:\Papah\suzukisemarangcenter\TRADA_RAW\cms.suzukihyperlocal.com\Suzuki-Ertiga-Hybrid-GX-Hero-[FLIP]-BRAVE-KHAKI-[FIX-LAYERS]_1-GX83ca.webp","D:\Papah\suzukisemarangcenter\SUZUKI_CENTER_ASSETS_FINAL\PRODUCTS\ERTIGA_HYBRID\Suzuki-Ertiga-Hybrid-GX-Hero-[FLIP]-BRAVE-KHAKI-[FIX-LAYERS]_1-GX83ca.webp",""
"COPIED","Suzuki-Ertiga-Hybrid-GX-Hero-[FLIP]-COOL-BLACK-[FIX-LAYERS]_1-GXfc6d.webp","D:\Papah\suzukisemarangcenter\TRADA_RAW\cms.suzukihyperlocal.com\Suzuki-Ertiga-Hybrid-GX-Hero-[FLIP]-COOL-BLACK-[FIX-LAYERS]_1-GXfc6d.webp","D:\Papah\suzukisemarangcenter\SUZUKI_CENTER_ASSETS_FINAL\PRODUCTS\ERTIGA_HYBRID\Suzuki-Ertiga-Hybrid-GX-Hero-[FLIP]-COOL-BLACK-[FIX-LAYERS]_1-GXfc6d.webp",""
"COPIED","Suzuki-Ertiga-Hybrid-GX-Hero-[FLIP]-MELLOW-DEEP-RED-[FIX-LAYERS]_2-GX03f6.webp","D:\Papah\suzukisemarangcenter\TRADA_RAW\cms.suzukihyperlocal.com\Suzuki-Ertiga-Hybrid-GX-Hero-[FLIP]-MELLOW-DEEP-RED-[FIX-LAYERS]_2-GX03f6.webp","D:\Papah\suzukisemarangcenter\SUZUKI_CENTER_ASSETS_FINAL\PRODUCTS\ERTIGA_HYBRID\Suzuki-Ertiga-Hybrid-GX-Hero-[FLIP]-MELLOW-DEEP-RED-[FIX-LAYERS]_2-GX03f6.webp",""
"COPIED","Suzuki-Ertiga-Hybrid-GX-Hero-[FLIP]-METALLIC-MAGMA-GREY-[FIX-LAYERS]_2-GXb147.webp","D:\Papah\suzukisemarangcenter\TRADA_RAW\cms.suzukihyperlocal.com\Suzuki-Ertiga-Hybrid-GX-Hero-[FLIP]-METALLIC-MAGMA-GREY-[FIX-LAYERS]_2-GXb147.webp","D:\Papah\suzukisemarangcenter\SUZUKI_CENTER_ASSETS_FINAL\PRODUCTS\ERTIGA_HYBRID\Suzuki-Ertiga-Hybrid-GX-Hero-[FLIP]-METALLIC-MAGMA-GREY-[FIX-LAYERS]_2-GXb147.webp",""
"COPIED","Suzuki-Ertiga-Hybrid-GX-Hero-[FLIP]-PEARL-SNOW-WHITE-[FIX-LAYERS]_1-GX40a0.webp","D:\Papah\suzukisemarangcenter\TRADA_RAW\cms.suzukihyperlocal.com\Suzuki-Ertiga-Hybrid-GX-Hero-[FLIP]-PEARL-SNOW-WHITE-[FIX-LAYERS]_1-GX40a0.webp","D:\Papah\suzukisemarangcenter\SUZUKI_CENTER_ASSETS_FINAL\PRODUCTS\ERTIGA_HYBRID\Suzuki-Ertiga-Hybrid-GX-Hero-[FLIP]-PEARL-SNOW-WHITE-[FIX-LAYERS]_1-GX40a0.webp",""
"COPIED","Suzuki-Ertiga-Hybrid-GX-Hero-[FLIP]-SILKY-SILVER-[FIX-LAYERS]_1-GXffae.webp","D:\Papah\suzukisemarangcenter\TRADA_RAW\cms.suzukihyperlocal.com\Suzuki-Ertiga-Hybrid-GX-Hero-[FLIP]-SILKY-SILVER-[FIX-LAYERS]_1-GXffae.webp","D:\Papah\suzukisemarangcenter\SUZUKI_CENTER_ASSETS_FINAL\PRODUCTS\ERTIGA_HYBRID\Suzuki-Ertiga-Hybrid-GX-Hero-[FLIP]-SILKY-SILVER-[FIX-LAYERS]_1-GXffae.webp",""
"COPIED","Suzuki-Ertiga-Hybrid-GX-Hero-[FLIP]-[FIX-LAYERS]-copy_1-GX3cf9.webp","D:\Papah\suzukisemarangcenter\TRADA_RAW\cms.suzukihyperlocal.com\Suzuki-Ertiga-Hybrid-GX-Hero-[FLIP]-[FIX-LAYERS]-copy_1-GX3cf9.webp","D:\Papah\suzukisemarangcenter\SUZUKI_CENTER_ASSETS_FINAL\PRODUCTS\ERTIGA_HYBRID\Suzuki-Ertiga-Hybrid-GX-Hero-[FLIP]-[FIX-LAYERS]-copy_1-GX3cf9.webp",""
"COPIED","suzuki-luncurkan-tampilan-baru-new-carry-pick-up4d55.jpg","D:\Papah\suzukisemarangcenter\TRADA_RAW\cms.suzukihyperlocal.com\suzuki-luncurkan-tampilan-baru-new-carry-pick-up4d55.jpg","D:\Papah\suzukisemarangcenter\SUZUKI_CENTER_ASSETS_FINAL\PRODUCTS\NEW_CARRY\suzuki-luncurkan-tampilan-baru-new-carry-pick-up4d55.jpg",""
"COPIED","tachometer_mobil_suzuki_dealer_suzuki4683.jpg","D:\Papah\suzukisemarangcenter\TRADA_RAW\cms.suzukihyperlocal.com\tachometer_mobil_suzuki_dealer_suzuki4683.jpg","D:\Papah\suzukisemarangcenter\SUZUKI_CENTER_ASSETS_FINAL\ARTICLES\tachometer_mobil_suzuki_dealer_suzuki4683.jpg",""
"COPIED","tanda_tombol_dashboard_bermasalah41e0.webp","D:\Papah\suzukisemarangcenter\TRADA_RAW\cms.suzukihyperlocal.com\tanda_tombol_dashboard_bermasalah41e0.webp","D:\Papah\suzukisemarangcenter\SUZUKI_CENTER_ASSETS_FINAL\ARTICLES\tanda_tombol_dashboard_bermasalah41e0.webp",""
"COPIED","thumbnail_GXf9a9.webp","D:\Papah\suzukisemarangcenter\TRADA_RAW\cms.suzukihyperlocal.com\thumbnail_GXf9a9.webp","D:\Papah\suzukisemarangcenter\SUZUKI_CENTER_ASSETS_FINAL\ARTICLES\thumbnail_GXf9a9.webp",""
"COPIED","tips-agar-posisi-duduk-nyaman-dan-aman-saat-berkendara_thumbce32.png","D:\Papah\suzukisemarangcenter\TRADA_RAW\cms.suzukihyperlocal.com\tips-agar-posisi-duduk-nyaman-dan-aman-saat-berkendara_thumbce32.png","D:\Papah\suzukisemarangcenter\SUZUKI_CENTER_ASSETS_FINAL\ARTICLES\tips-agar-posisi-duduk-nyaman-dan-aman-saat-berkendara_thumbce32.png",""
"COPIED","transmisi_mobil_dealer_suzuki0c15.jpg","D:\Papah\suzukisemarangcenter\TRADA_RAW\cms.suzukihyperlocal.com\transmisi_mobil_dealer_suzuki0c15.jpg","D:\Papah\suzukisemarangcenter\SUZUKI_CENTER_ASSETS_FINAL\ARTICLES\transmisi_mobil_dealer_suzuki0c15.jpg",""
"COPIED","Untitled-1-Recovered-Recovered-Recovered5058.jpg","D:\Papah\suzukisemarangcenter\TRADA_RAW\cms.suzukihyperlocal.com\Untitled-1-Recovered-Recovered-Recovered5058.jpg","D:\Papah\suzukisemarangcenter\SUZUKI_CENTER_ASSETS_FINAL\ARTICLES\Untitled-1-Recovered-Recovered-Recovered5058.jpg",""
"ARCHIVE_SKIP","website81d9.jpg","D:\Papah\suzukisemarangcenter\TRADA_RAW\cms.suzukihyperlocal.com\website81d9.jpg","","Archive/reference"
"COPIED","WhatsApp-Image-2022-06-23-at-14.15.266945.jpeg","D:\Papah\suzukisemarangcenter\TRADA_RAW\cms.suzukihyperlocal.com\WhatsApp-Image-2022-06-23-at-14.15.266945.jpeg","D:\Papah\suzukisemarangcenter\SUZUKI_CENTER_ASSETS_FINAL\BRAND_UI\ICONS\WhatsApp-Image-2022-06-23-at-14.15.266945.jpeg",""
"COPIED","White-NEW_CARRY_PICK-UP95de.webp","D:\Papah\suzukisemarangcenter\TRADA_RAW\cms.suzukihyperlocal.com\White-NEW_CARRY_PICK-UP95de.webp","D:\Papah\suzukisemarangcenter\SUZUKI_CENTER_ASSETS_FINAL\PRODUCTS\NEW_CARRY\White-NEW_CARRY_PICK-UP95de.webp",""
"COPIED","White-S-PRESSO3060.webp","D:\Papah\suzukisemarangcenter\TRADA_RAW\cms.suzukihyperlocal.com\White-S-PRESSO3060.webp","D:\Papah\suzukisemarangcenter\SUZUKI_CENTER_ASSETS_FINAL\PRODUCTS\S_PRESSO\White-S-PRESSO3060.webp",""
"COPIED","XL71d55.jpg","D:\Papah\suzukisemarangcenter\TRADA_RAW\cms.suzukihyperlocal.com\XL71d55.jpg","D:\Papah\suzukisemarangcenter\SUZUKI_CENTER_ASSETS_FINAL\PRODUCTS\XL7_HYBRID\XL71d55.jpg",""
"COPIED","suzukilogo-pp-removebg-preview.png","D:\Papah\suzukisemarangcenter\TRADA_RAW\cms.suzukihyperlocal.com\images\defaults\suzukilogo-pp-removebg-preview.png","D:\Papah\suzukisemarangcenter\SUZUKI_CENTER_ASSETS_FINAL\BRAND_UI\ICONS\suzukilogo-pp-removebg-preview.png",""
"COPIED","total-penjualan-bulan-agustus-2022-meningkat-suzuki-xl7-jadi-salah-satu-kontributor-positif1664342992_thumb.png","D:\Papah\suzukisemarangcenter\TRADA_RAW\d2fgf7u961ce77.cloudfront.net\uploads\news\total-penjualan-bulan-agustus-2022-meningkat-suzuki-xl7-jadi-salah-satu-kontributor-positif1664342992_thumb.png","D:\Papah\suzukisemarangcenter\SUZUKI_CENTER_ASSETS_FINAL\PRODUCTS\XL7_HYBRID\total-penjualan-bulan-agustus-2022-meningkat-suzuki-xl7-jadi-salah-satu-kontributor-positif1664342992_thumb.png",""
"ARCHIVE_SKIP","unnamed.jpg","D:\Papah\suzukisemarangcenter\TRADA_RAW\lh6.googleusercontent.com\unnamed.jpg","","Archive/reference"
"COPIED","la-brands-400.svg","D:\Papah\suzukisemarangcenter\TRADA_RAW\maxst.icons8.com\vue-static\landings\line-awesome\line-awesome\1.3.0\fonts\la-brands-400.svg","D:\Papah\suzukisemarangcenter\SUZUKI_CENTER_ASSETS_FINAL\BRAND_UI\ICONS\la-brands-400.svg",""
"COPIED","la-regular-400.svg","D:\Papah\suzukisemarangcenter\TRADA_RAW\maxst.icons8.com\vue-static\landings\line-awesome\line-awesome\1.3.0\fonts\la-regular-400.svg","D:\Papah\suzukisemarangcenter\SUZUKI_CENTER_ASSETS_FINAL\BRAND_UI\ICONS\la-regular-400.svg",""
"COPIED","la-solid-900.svg","D:\Papah\suzukisemarangcenter\TRADA_RAW\maxst.icons8.com\vue-static\landings\line-awesome\line-awesome\1.3.0\fonts\la-solid-900.svg","D:\Papah\suzukisemarangcenter\SUZUKI_CENTER_ASSETS_FINAL\BRAND_UI\ICONS\la-solid-900.svg",""
"COPIED","54982-suzuki-baleno-giias-2022-suaradotcom-manuel-j-nainggolan.jpg","D:\Papah\suzukisemarangcenter\TRADA_RAW\media.suara.com\pictures\653x366\2022\08\12\54982-suzuki-baleno-giias-2022-suaradotcom-manuel-j-nainggolan.jpg","D:\Papah\suzukisemarangcenter\SUZUKI_CENTER_ASSETS_FINAL\ARCHIVE\REFERENCE\54982-suzuki-baleno-giias-2022-suaradotcom-manuel-j-nainggolan.jpg",""
"COPIED","49884-giias-2022-suzuki-s-presso.jpg","D:\Papah\suzukisemarangcenter\TRADA_RAW\media.suara.com\pictures\653x366\2022\08\14\49884-giias-2022-suzuki-s-presso.jpg","D:\Papah\suzukisemarangcenter\SUZUKI_CENTER_ASSETS_FINAL\PRODUCTS\S_PRESSO\49884-giias-2022-suzuki-s-presso.jpg",""
"ARCHIVE_SKIP","car-replace-tire-and-wheels-free.jpg","D:\Papah\suzukisemarangcenter\TRADA_RAW\nmaa.co.id\wp-content\uploads\2021\03\car-replace-tire-and-wheels-free.jpg","","Archive/reference"
"ARCHIVE_SKIP","freepik-wiper-mobil-ulti-2.jpg","D:\Papah\suzukisemarangcenter\TRADA_RAW\nmaa.co.id\wp-content\uploads\2021\06\freepik-wiper-mobil-ulti-2.jpg","","Archive/reference"
"COPIED","banner.webp","D:\Papah\suzukisemarangcenter\TRADA_RAW\suzukitradajateng.co.id\assets\images\banner.webp","D:\Papah\suzukisemarangcenter\SUZUKI_CENTER_ASSETS_FINAL\HOME\PROMO\banner.webp",""
"COPIED","battery ertiga hybrid.webp","D:\Papah\suzukisemarangcenter\TRADA_RAW\suzukitradajateng.co.id\assets\images\battery ertiga hybrid.webp","D:\Papah\suzukisemarangcenter\SUZUKI_CENTER_ASSETS_FINAL\PRODUCTS\ERTIGA_HYBRID\battery ertiga hybrid.webp",""
"COPIED","ertiga-hybrid-cruise.webp","D:\Papah\suzukisemarangcenter\TRADA_RAW\suzukitradajateng.co.id\assets\images\ertiga-hybrid-cruise.webp","D:\Papah\suzukisemarangcenter\SUZUKI_CENTER_ASSETS_FINAL\PRODUCTS\ERTIGA_HYBRID\ertiga-hybrid-cruise.webp",""
"COPIED","ertiga-hybrid-gx.webp","D:\Papah\suzukisemarangcenter\TRADA_RAW\suzukitradajateng.co.id\assets\images\ertiga-hybrid-gx.webp","D:\Papah\suzukisemarangcenter\SUZUKI_CENTER_ASSETS_FINAL\PRODUCTS\ERTIGA_HYBRID\ertiga-hybrid-gx.webp",""
"COPIED","FA DI-KV1- SUZUKI NEW ERTIGA 2024-LAYER (1) 1-min.webp","D:\Papah\suzukisemarangcenter\TRADA_RAW\suzukitradajateng.co.id\assets\images\FA DI-KV1- SUZUKI NEW ERTIGA 2024-LAYER (1) 1-min.webp","D:\Papah\suzukisemarangcenter\SUZUKI_CENTER_ASSETS_FINAL\PRODUCTS\ERTIGA_HYBRID\FA DI-KV1- SUZUKI NEW ERTIGA 2024-LAYER (1) 1-min.webp",""
"COPIED","feature.webp","D:\Papah\suzukisemarangcenter\TRADA_RAW\suzukitradajateng.co.id\assets\images\feature.webp","D:\Papah\suzukisemarangcenter\SUZUKI_CENTER_ASSETS_FINAL\FEATURES_SAFETY\feature.webp",""
"ARCHIVE_SKIP","Frame 317426.webp","D:\Papah\suzukisemarangcenter\TRADA_RAW\suzukitradajateng.co.id\assets\images\Frame 317426.webp","","Archive/reference"
"ARCHIVE_SKIP","Frame 317492.webp","D:\Papah\suzukisemarangcenter\TRADA_RAW\suzukitradajateng.co.id\assets\images\Frame 317492.webp","","Archive/reference"
"ARCHIVE_SKIP","modal-bg.webp","D:\Papah\suzukisemarangcenter\TRADA_RAW\suzukitradajateng.co.id\assets\images\modal-bg.webp","","Archive/reference"
"COPIED","Arctic White Pearl + Bluish Black Pearl.png","D:\Papah\suzukisemarangcenter\TRADA_RAW\suzukitradajateng.co.id\assets\images\e-vitara\Arctic White Pearl + Bluish Black Pearl.png","D:\Papah\suzukisemarangcenter\SUZUKI_CENTER_ASSETS_FINAL\PRODUCTS\E_VITARA\Arctic White Pearl + Bluish Black Pearl.png",""
"COPIED","Bluish Black Pearl.png","D:\Papah\suzukisemarangcenter\TRADA_RAW\suzukitradajateng.co.id\assets\images\e-vitara\Bluish Black Pearl.png","D:\Papah\suzukisemarangcenter\SUZUKI_CENTER_ASSETS_FINAL\PRODUCTS\E_VITARA\Bluish Black Pearl.png",""
"COPIED","Land Breeze Green Pearl Metallic + Bluish Black Pearl.png","D:\Papah\suzukisemarangcenter\TRADA_RAW\suzukitradajateng.co.id\assets\images\e-vitara\Land Breeze Green Pearl Metallic + Bluish Black Pearl.png","D:\Papah\suzukisemarangcenter\SUZUKI_CENTER_ASSETS_FINAL\PRODUCTS\E_VITARA\Land Breeze Green Pearl Metallic + Bluish Black Pearl.png",""
"COPIED","BANNER EXTERIOR.png","D:\Papah\suzukisemarangcenter\TRADA_RAW\suzukitradajateng.co.id\assets\images\e-vitara\banner-interior-exterior\BANNER EXTERIOR.png","D:\Papah\suzukisemarangcenter\SUZUKI_CENTER_ASSETS_FINAL\PRODUCTS\E_VITARA\BANNER EXTERIOR.png",""
"COPIED","BANNER INTERIOR.png","D:\Papah\suzukisemarangcenter\TRADA_RAW\suzukitradajateng.co.id\assets\images\e-vitara\banner-interior-exterior\BANNER INTERIOR.png","D:\Papah\suzukisemarangcenter\SUZUKI_CENTER_ASSETS_FINAL\PRODUCTS\E_VITARA\BANNER INTERIOR.png",""
"COPIED","Dynamic Design to Catch Your Eye.                        Made for Every Moment on the Road.png","D:\Papah\suzukisemarangcenter\TRADA_RAW\suzukitradajateng.co.id\assets\images\e-vitara\banners\Dynamic Design to Catch Your Eye.                        Made for Every Moment on the Road.png","D:\Papah\suzukisemarangcenter\SUZUKI_CENTER_ASSETS_FINAL\PRODUCTS\E_VITARA\Dynamic Design to Catch Your Eye.                        Made for Every Moment on the Road.png",""
"COPIED","e-vitara_dekstop.png","D:\Papah\suzukisemarangcenter\TRADA_RAW\suzukitradajateng.co.id\assets\images\e-vitara\banners\e-vitara_dekstop.png","D:\Papah\suzukisemarangcenter\SUZUKI_CENTER_ASSETS_FINAL\PRODUCTS\E_VITARA\e-vitara_dekstop.png",""
"COPIED","INTEGRATED DISPLAY SYSTEM.png","D:\Papah\suzukisemarangcenter\TRADA_RAW\suzukitradajateng.co.id\assets\images\e-vitara\banners\INTEGRATED DISPLAY SYSTEM.png","D:\Papah\suzukisemarangcenter\SUZUKI_CENTER_ASSETS_FINAL\PRODUCTS\E_VITARA\INTEGRATED DISPLAY SYSTEM.png",""
"COPIED","PROGRESS IS THE ROAD WE’VE NEVER STOPPED TAKING.png","D:\Papah\suzukisemarangcenter\TRADA_RAW\suzukitradajateng.co.id\assets\images\e-vitara\banners\PROGRESS IS THE ROAD WE’VE NEVER STOPPED TAKING.png","D:\Papah\suzukisemarangcenter\SUZUKI_CENTER_ASSETS_FINAL\PRODUCTS\E_VITARA\PROGRESS IS THE ROAD WE’VE NEVER STOPPED TAKING.png",""
"COPIED","Alloy Wheel 18’.png","D:\Papah\suzukisemarangcenter\TRADA_RAW\suzukitradajateng.co.id\assets\images\e-vitara\exterior\EXTERIOR\Alloy Wheel 18’.png","D:\Papah\suzukisemarangcenter\SUZUKI_CENTER_ASSETS_FINAL\PRODUCTS\E_VITARA\Alloy Wheel 18’.png",""
"COPIED","Front LED Matrix Lamps.png","D:\Papah\suzukisemarangcenter\TRADA_RAW\suzukitradajateng.co.id\assets\images\e-vitara\exterior\EXTERIOR\Front LED Matrix Lamps.png","D:\Papah\suzukisemarangcenter\SUZUKI_CENTER_ASSETS_FINAL\PRODUCTS\E_VITARA\Front LED Matrix Lamps.png",""
"COPIED","Futuristic Front Look.png","D:\Papah\suzukisemarangcenter\TRADA_RAW\suzukitradajateng.co.id\assets\images\e-vitara\exterior\EXTERIOR\Futuristic Front Look.png","D:\Papah\suzukisemarangcenter\SUZUKI_CENTER_ASSETS_FINAL\PRODUCTS\E_VITARA\Futuristic Front Look.png",""
"COPIED","Rear LED Matrix Lamps.png","D:\Papah\suzukisemarangcenter\TRADA_RAW\suzukitradajateng.co.id\assets\images\e-vitara\exterior\EXTERIOR\Rear LED Matrix Lamps.png","D:\Papah\suzukisemarangcenter\SUZUKI_CENTER_ASSETS_FINAL\PRODUCTS\E_VITARA\Rear LED Matrix Lamps.png",""
"COPIED","6 Speakers with Inﬁnity Premium Sound System + Subwoofer.png","D:\Papah\suzukisemarangcenter\TRADA_RAW\suzukitradajateng.co.id\assets\images\e-vitara\interior\6 Speakers with Inﬁnity Premium Sound System + Subwoofer.png","D:\Papah\suzukisemarangcenter\SUZUKI_CENTER_ASSETS_FINAL\PRODUCTS\E_VITARA\6 Speakers with Inﬁnity Premium Sound System + Subwoofer.png",""
"COPIED","alloy wheel garnish18’’ satin silver_.png","D:\Papah\suzukisemarangcenter\TRADA_RAW\suzukitradajateng.co.id\assets\images\e-vitara\interior\alloy wheel garnish18’’ satin silver_.png","D:\Papah\suzukisemarangcenter\SUZUKI_CENTER_ASSETS_FINAL\PRODUCTS\E_VITARA\alloy wheel garnish18’’ satin silver_.png",""
"COPIED","ANTI PM2.5 AIR-CONDITIONER FILTER_.png","D:\Papah\suzukisemarangcenter\TRADA_RAW\suzukitradajateng.co.id\assets\images\e-vitara\interior\ANTI PM2.5 AIR-CONDITIONER FILTER_.png","D:\Papah\suzukisemarangcenter\SUZUKI_CENTER_ASSETS_FINAL\PRODUCTS\E_VITARA\ANTI PM2.5 AIR-CONDITIONER FILTER_.png",""
"COPIED","BACK DOOR SCUFF PLATE_.png","D:\Papah\suzukisemarangcenter\TRADA_RAW\suzukitradajateng.co.id\assets\images\e-vitara\interior\BACK DOOR SCUFF PLATE_.png","D:\Papah\suzukisemarangcenter\SUZUKI_CENTER_ASSETS_FINAL\PRODUCTS\E_VITARA\BACK DOOR SCUFF PLATE_.png",""
"COPIED","Custom Ambient Lighting.png","D:\Papah\suzukisemarangcenter\TRADA_RAW\suzukitradajateng.co.id\assets\images\e-vitara\interior\Custom Ambient Lighting.png","D:\Papah\suzukisemarangcenter\SUZUKI_CENTER_ASSETS_FINAL\PRODUCTS\E_VITARA\Custom Ambient Lighting.png",""
"COPIED","door handle pocket protector film_.png","D:\Papah\suzukisemarangcenter\TRADA_RAW\suzukitradajateng.co.id\assets\images\e-vitara\interior\door handle pocket protector film_.png","D:\Papah\suzukisemarangcenter\SUZUKI_CENTER_ASSETS_FINAL\PRODUCTS\E_VITARA\door handle pocket protector film_.png",""
"COPIED","Floating Centre Console.png","D:\Papah\suzukisemarangcenter\TRADA_RAW\suzukitradajateng.co.id\assets\images\e-vitara\interior\Floating Centre Console.png","D:\Papah\suzukisemarangcenter\SUZUKI_CENTER_ASSETS_FINAL\PRODUCTS\E_VITARA\Floating Centre Console.png",""
"COPIED","Front Center USB Port (Type A & C).png","D:\Papah\suzukisemarangcenter\TRADA_RAW\suzukitradajateng.co.id\assets\images\e-vitara\interior\Front Center USB Port (Type A & C).png","D:\Papah\suzukisemarangcenter\SUZUKI_CENTER_ASSETS_FINAL\PRODUCTS\E_VITARA\Front Center USB Port (Type A & C).png",""
"COPIED","LUGGAGE MAT TRAY_.png","D:\Papah\suzukisemarangcenter\TRADA_RAW\suzukitradajateng.co.id\assets\images\e-vitara\interior\LUGGAGE MAT TRAY_.png","D:\Papah\suzukisemarangcenter\SUZUKI_CENTER_ASSETS_FINAL\PRODUCTS\E_VITARA\LUGGAGE MAT TRAY_.png",""
"COPIED","Luggage Space.png","D:\Papah\suzukisemarangcenter\TRADA_RAW\suzukitradajateng.co.id\assets\images\e-vitara\interior\Luggage Space.png","D:\Papah\suzukisemarangcenter\SUZUKI_CENTER_ASSETS_FINAL\PRODUCTS\E_VITARA\Luggage Space.png",""
"COPIED","MULTI ROOF RACK_.png","D:\Papah\suzukisemarangcenter\TRADA_RAW\suzukitradajateng.co.id\assets\images\e-vitara\interior\MULTI ROOF RACK_.png","D:\Papah\suzukisemarangcenter\SUZUKI_CENTER_ASSETS_FINAL\PRODUCTS\E_VITARA\MULTI ROOF RACK_.png",""
"COPIED","Panoramic Glass Roof.png","D:\Papah\suzukisemarangcenter\TRADA_RAW\suzukitradajateng.co.id\assets\images\e-vitara\interior\Panoramic Glass Roof.png","D:\Papah\suzukisemarangcenter\SUZUKI_CENTER_ASSETS_FINAL\PRODUCTS\E_VITARA\Panoramic Glass Roof.png",""
"COPIED","Rear Passenger USB Port (Type A & C).png","D:\Papah\suzukisemarangcenter\TRADA_RAW\suzukitradajateng.co.id\assets\images\e-vitara\interior\Rear Passenger USB Port (Type A & C).png","D:\Papah\suzukisemarangcenter\SUZUKI_CENTER_ASSETS_FINAL\PRODUCTS\E_VITARA\Rear Passenger USB Port (Type A & C).png",""
"COPIED","Side Sill Scuff_.png","D:\Papah\suzukisemarangcenter\TRADA_RAW\suzukitradajateng.co.id\assets\images\e-vitara\interior\Side Sill Scuff_.png","D:\Papah\suzukisemarangcenter\SUZUKI_CENTER_ASSETS_FINAL\PRODUCTS\E_VITARA\Side Sill Scuff_.png",""
"COPIED","SIDE UNDER GARNISH_.png","D:\Papah\suzukisemarangcenter\TRADA_RAW\suzukitradajateng.co.id\assets\images\e-vitara\interior\SIDE UNDER GARNISH_.png","D:\Papah\suzukisemarangcenter\SUZUKI_CENTER_ASSETS_FINAL\PRODUCTS\E_VITARA\SIDE UNDER GARNISH_.png",""
"COPIED","Squircle Steering Wheel.png","D:\Papah\suzukisemarangcenter\TRADA_RAW\suzukitradajateng.co.id\assets\images\e-vitara\interior\Squircle Steering Wheel.png","D:\Papah\suzukisemarangcenter\SUZUKI_CENTER_ASSETS_FINAL\PRODUCTS\E_VITARA\Squircle Steering Wheel.png",""
"COPIED","ULTIMATE COMFORT.png","D:\Papah\suzukisemarangcenter\TRADA_RAW\suzukitradajateng.co.id\assets\images\e-vitara\interior\ULTIMATE COMFORT.png","D:\Papah\suzukisemarangcenter\SUZUKI_CENTER_ASSETS_FINAL\PRODUCTS\E_VITARA\ULTIMATE COMFORT.png",""
"COPIED","Utility, Reﬁned for Maximum Ease.png","D:\Papah\suzukisemarangcenter\TRADA_RAW\suzukitradajateng.co.id\assets\images\e-vitara\interior\Utility, Reﬁned for Maximum Ease.png","D:\Papah\suzukisemarangcenter\SUZUKI_CENTER_ASSETS_FINAL\PRODUCTS\E_VITARA\Utility, Reﬁned for Maximum Ease.png",""
"COPIED","Wheel Lock Nut Set_.png","D:\Papah\suzukisemarangcenter\TRADA_RAW\suzukitradajateng.co.id\assets\images\e-vitara\interior\Wheel Lock Nut Set_.png","D:\Papah\suzukisemarangcenter\SUZUKI_CENTER_ASSETS_FINAL\PRODUCTS\E_VITARA\Wheel Lock Nut Set_.png",""
"COPIED","Wireless Charger.png","D:\Papah\suzukisemarangcenter\TRADA_RAW\suzukitradajateng.co.id\assets\images\e-vitara\interior\Wireless Charger.png","D:\Papah\suzukisemarangcenter\SUZUKI_CENTER_ASSETS_FINAL\PRODUCTS\E_VITARA\Wireless Charger.png",""
"COPIED","Adaptive Cruise Control (ACC).png","D:\Papah\suzukisemarangcenter\TRADA_RAW\suzukitradajateng.co.id\assets\images\e-vitara\safety_support\SAFETY SUPPORT\Adaptive Cruise Control (ACC).png","D:\Papah\suzukisemarangcenter\SUZUKI_CENTER_ASSETS_FINAL\PRODUCTS\E_VITARA\Adaptive Cruise Control (ACC).png",""
"COPIED","Adaptive High Beam System (AHS).png","D:\Papah\suzukisemarangcenter\TRADA_RAW\suzukitradajateng.co.id\assets\images\e-vitara\safety_support\SAFETY SUPPORT\Adaptive High Beam System (AHS).png","D:\Papah\suzukisemarangcenter\SUZUKI_CENTER_ASSETS_FINAL\PRODUCTS\E_VITARA\Adaptive High Beam System (AHS).png",""
"COPIED","Blind Spot Monitor (BSM).png","D:\Papah\suzukisemarangcenter\TRADA_RAW\suzukitradajateng.co.id\assets\images\e-vitara\safety_support\SAFETY SUPPORT\Blind Spot Monitor (BSM).png","D:\Papah\suzukisemarangcenter\SUZUKI_CENTER_ASSETS_FINAL\PRODUCTS\E_VITARA\Blind Spot Monitor (BSM).png",""
"COPIED","Dual Sensor Brake Support II (DSBS II).png","D:\Papah\suzukisemarangcenter\TRADA_RAW\suzukitradajateng.co.id\assets\images\e-vitara\safety_support\SAFETY SUPPORT\Dual Sensor Brake Support II (DSBS II).png","D:\Papah\suzukisemarangcenter\SUZUKI_CENTER_ASSETS_FINAL\PRODUCTS\E_VITARA\Dual Sensor Brake Support II (DSBS II).png",""
"COPIED","Lane Departure Prevention (LDP).png","D:\Papah\suzukisemarangcenter\TRADA_RAW\suzukitradajateng.co.id\assets\images\e-vitara\safety_support\SAFETY SUPPORT\Lane Departure Prevention (LDP).png","D:\Papah\suzukisemarangcenter\SUZUKI_CENTER_ASSETS_FINAL\PRODUCTS\E_VITARA\Lane Departure Prevention (LDP).png",""
"COPIED","Lane Keep Assist (LKA).png","D:\Papah\suzukisemarangcenter\TRADA_RAW\suzukitradajateng.co.id\assets\images\e-vitara\safety_support\SAFETY SUPPORT\Lane Keep Assist (LKA).png","D:\Papah\suzukisemarangcenter\SUZUKI_CENTER_ASSETS_FINAL\PRODUCTS\E_VITARA\Lane Keep Assist (LKA).png",""
"COPIED","Multiple Collision Braking.png","D:\Papah\suzukisemarangcenter\TRADA_RAW\suzukitradajateng.co.id\assets\images\e-vitara\safety_support\SAFETY SUPPORT\Multiple Collision Braking.png","D:\Papah\suzukisemarangcenter\SUZUKI_CENTER_ASSETS_FINAL\PRODUCTS\E_VITARA\Multiple Collision Braking.png",""
"COPIED","Rear Crossing Traﬃc Alert (RCTA).png","D:\Papah\suzukisemarangcenter\TRADA_RAW\suzukitradajateng.co.id\assets\images\e-vitara\safety_support\SAFETY SUPPORT\Rear Crossing Traﬃc Alert (RCTA).png","D:\Papah\suzukisemarangcenter\SUZUKI_CENTER_ASSETS_FINAL\PRODUCTS\E_VITARA\Rear Crossing Traﬃc Alert (RCTA).png",""
"COPIED","SAFETY SUPPORT.png","D:\Papah\suzukisemarangcenter\TRADA_RAW\suzukitradajateng.co.id\assets\images\e-vitara\safety_support\SAFETY SUPPORT\SAFETY SUPPORT.png","D:\Papah\suzukisemarangcenter\SUZUKI_CENTER_ASSETS_FINAL\PRODUCTS\E_VITARA\SAFETY SUPPORT.png",""
"COPIED","Battery & Range.png","D:\Papah\suzukisemarangcenter\TRADA_RAW\suzukitradajateng.co.id\assets\images\e-vitara\slideshow\Battery & Range.png","D:\Papah\suzukisemarangcenter\SUZUKI_CENTER_ASSETS_FINAL\PRODUCTS\E_VITARA\Battery & Range.png",""
"COPIED","Charging, Designed for Convenience.png","D:\Papah\suzukisemarangcenter\TRADA_RAW\suzukitradajateng.co.id\assets\images\e-vitara\slideshow\Charging, Designed for Convenience.png","D:\Papah\suzukisemarangcenter\SUZUKI_CENTER_ASSETS_FINAL\PRODUCTS\E_VITARA\Charging, Designed for Convenience.png",""
"COPIED","Driving Engineered Control, Conﬁdent Performance.png","D:\Papah\suzukisemarangcenter\TRADA_RAW\suzukitradajateng.co.id\assets\images\e-vitara\slideshow\Driving Engineered Control, Conﬁdent Performance.png","D:\Papah\suzukisemarangcenter\SUZUKI_CENTER_ASSETS_FINAL\PRODUCTS\E_VITARA\Driving Engineered Control, Conﬁdent Performance.png",""
"COPIED","heartect.png","D:\Papah\suzukisemarangcenter\TRADA_RAW\suzukitradajateng.co.id\assets\images\e-vitara\slideshow\heartect.png","D:\Papah\suzukisemarangcenter\SUZUKI_CENTER_ASSETS_FINAL\PRODUCTS\E_VITARA\heartect.png",""
"COPIED","1.webp","D:\Papah\suzukisemarangcenter\TRADA_RAW\suzukitradajateng.co.id\assets\images\exterior\grand-vitara\gx\1.webp","D:\Papah\suzukisemarangcenter\SUZUKI_CENTER_ASSETS_FINAL\PRODUCTS\GRAND_VITARA\1.webp",""
"COPIED","2.webp","D:\Papah\suzukisemarangcenter\TRADA_RAW\suzukitradajateng.co.id\assets\images\exterior\grand-vitara\gx\2.webp","D:\Papah\suzukisemarangcenter\SUZUKI_CENTER_ASSETS_FINAL\PRODUCTS\GRAND_VITARA\2.webp",""
"COPIED","3.webp","D:\Papah\suzukisemarangcenter\TRADA_RAW\suzukitradajateng.co.id\assets\images\exterior\grand-vitara\gx\3.webp","D:\Papah\suzukisemarangcenter\SUZUKI_CENTER_ASSETS_FINAL\PRODUCTS\GRAND_VITARA\3.webp",""
"COPIED","4.webp","D:\Papah\suzukisemarangcenter\TRADA_RAW\suzukitradajateng.co.id\assets\images\exterior\grand-vitara\gx\4.webp","D:\Papah\suzukisemarangcenter\SUZUKI_CENTER_ASSETS_FINAL\PRODUCTS\GRAND_VITARA\4.webp",""
"COPIED","7.webp","D:\Papah\suzukisemarangcenter\TRADA_RAW\suzukitradajateng.co.id\assets\images\exterior\grand-vitara\gx\7.webp","D:\Papah\suzukisemarangcenter\SUZUKI_CENTER_ASSETS_FINAL\PRODUCTS\GRAND_VITARA\7.webp",""
"COPIED","8.webp","D:\Papah\suzukisemarangcenter\TRADA_RAW\suzukitradajateng.co.id\assets\images\exterior\grand-vitara\gx\8.webp","D:\Papah\suzukisemarangcenter\SUZUKI_CENTER_ASSETS_FINAL\PRODUCTS\GRAND_VITARA\8.webp",""
"COPIED","exterior-105e1f.webp","D:\Papah\suzukisemarangcenter\TRADA_RAW\suzukitradajateng.co.id\assets\images\exterior\gx\exterior-105e1f.webp","D:\Papah\suzukisemarangcenter\SUZUKI_CENTER_ASSETS_FINAL\COMMON\EXTERIOR\exterior-105e1f.webp",""
"COPIED","exterior-15e1f.webp","D:\Papah\suzukisemarangcenter\TRADA_RAW\suzukitradajateng.co.id\assets\images\exterior\gx\exterior-15e1f.webp","D:\Papah\suzukisemarangcenter\SUZUKI_CENTER_ASSETS_FINAL\COMMON\EXTERIOR\exterior-15e1f.webp",""
"COPIED","exterior-25e1f.webp","D:\Papah\suzukisemarangcenter\TRADA_RAW\suzukitradajateng.co.id\assets\images\exterior\gx\exterior-25e1f.webp","D:\Papah\suzukisemarangcenter\SUZUKI_CENTER_ASSETS_FINAL\COMMON\EXTERIOR\exterior-25e1f.webp",""
"COPIED","exterior-35e1f.webp","D:\Papah\suzukisemarangcenter\TRADA_RAW\suzukitradajateng.co.id\assets\images\exterior\gx\exterior-35e1f.webp","D:\Papah\suzukisemarangcenter\SUZUKI_CENTER_ASSETS_FINAL\COMMON\EXTERIOR\exterior-35e1f.webp",""
"COPIED","exterior-45e1f.webp","D:\Papah\suzukisemarangcenter\TRADA_RAW\suzukitradajateng.co.id\assets\images\exterior\gx\exterior-45e1f.webp","D:\Papah\suzukisemarangcenter\SUZUKI_CENTER_ASSETS_FINAL\COMMON\EXTERIOR\exterior-45e1f.webp",""
"COPIED","exterior-55e1f.webp","D:\Papah\suzukisemarangcenter\TRADA_RAW\suzukitradajateng.co.id\assets\images\exterior\gx\exterior-55e1f.webp","D:\Papah\suzukisemarangcenter\SUZUKI_CENTER_ASSETS_FINAL\COMMON\EXTERIOR\exterior-55e1f.webp",""
"COPIED","exterior-65e1f.webp","D:\Papah\suzukisemarangcenter\TRADA_RAW\suzukitradajateng.co.id\assets\images\exterior\gx\exterior-65e1f.webp","D:\Papah\suzukisemarangcenter\SUZUKI_CENTER_ASSETS_FINAL\COMMON\EXTERIOR\exterior-65e1f.webp",""
"COPIED","exterior-75e1f.webp","D:\Papah\suzukisemarangcenter\TRADA_RAW\suzukitradajateng.co.id\assets\images\exterior\gx\exterior-75e1f.webp","D:\Papah\suzukisemarangcenter\SUZUKI_CENTER_ASSETS_FINAL\COMMON\EXTERIOR\exterior-75e1f.webp",""
"COPIED","exterior-85e1f.webp","D:\Papah\suzukisemarangcenter\TRADA_RAW\suzukitradajateng.co.id\assets\images\exterior\gx\exterior-85e1f.webp","D:\Papah\suzukisemarangcenter\SUZUKI_CENTER_ASSETS_FINAL\COMMON\EXTERIOR\exterior-85e1f.webp",""
"COPIED","exterior-95e1f.webp","D:\Papah\suzukisemarangcenter\TRADA_RAW\suzukitradajateng.co.id\assets\images\exterior\gx\exterior-95e1f.webp","D:\Papah\suzukisemarangcenter\SUZUKI_CENTER_ASSETS_FINAL\COMMON\EXTERIOR\exterior-95e1f.webp",""
"FAILED","exterior-15e1f.webp","D:\Papah\suzukisemarangcenter\TRADA_RAW\suzukitradajateng.co.id\assets\images\exterior\ss\exterior-15e1f.webp","D:\Papah\suzukisemarangcenter\SUZUKI_CENTER_ASSETS_FINAL\COMMON\EXTERIOR\exterior-15e1f.webp","Error formatting a string: Input string was not in a correct format.."
"FAILED","exterior-25e1f.webp","D:\Papah\suzukisemarangcenter\TRADA_RAW\suzukitradajateng.co.id\assets\images\exterior\ss\exterior-25e1f.webp","D:\Papah\suzukisemarangcenter\SUZUKI_CENTER_ASSETS_FINAL\COMMON\EXTERIOR\exterior-25e1f.webp","Error formatting a string: Input string was not in a correct format.."
"FAILED","exterior-35e1f.webp","D:\Papah\suzukisemarangcenter\TRADA_RAW\suzukitradajateng.co.id\assets\images\exterior\ss\exterior-35e1f.webp","D:\Papah\suzukisemarangcenter\SUZUKI_CENTER_ASSETS_FINAL\COMMON\EXTERIOR\exterior-35e1f.webp","Error formatting a string: Input string was not in a correct format.."
"FAILED","exterior-45e1f.webp","D:\Papah\suzukisemarangcenter\TRADA_RAW\suzukitradajateng.co.id\assets\images\exterior\ss\exterior-45e1f.webp","D:\Papah\suzukisemarangcenter\SUZUKI_CENTER_ASSETS_FINAL\COMMON\EXTERIOR\exterior-45e1f.webp","Error formatting a string: Input string was not in a correct format.."
"FAILED","exterior-55e1f.webp","D:\Papah\suzukisemarangcenter\TRADA_RAW\suzukitradajateng.co.id\assets\images\exterior\ss\exterior-55e1f.webp","D:\Papah\suzukisemarangcenter\SUZUKI_CENTER_ASSETS_FINAL\COMMON\EXTERIOR\exterior-55e1f.webp","Error formatting a string: Input string was not in a correct format.."
"FAILED","exterior-65e1f.webp","D:\Papah\suzukisemarangcenter\TRADA_RAW\suzukitradajateng.co.id\assets\images\exterior\ss\exterior-65e1f.webp","D:\Papah\suzukisemarangcenter\SUZUKI_CENTER_ASSETS_FINAL\COMMON\EXTERIOR\exterior-65e1f.webp","Error formatting a string: Input string was not in a correct format.."
"FAILED","exterior-75e1f.webp","D:\Papah\suzukisemarangcenter\TRADA_RAW\suzukitradajateng.co.id\assets\images\exterior\ss\exterior-75e1f.webp","D:\Papah\suzukisemarangcenter\SUZUKI_CENTER_ASSETS_FINAL\COMMON\EXTERIOR\exterior-75e1f.webp","Error formatting a string: Input string was not in a correct format.."
"FAILED","exterior-85e1f.webp","D:\Papah\suzukisemarangcenter\TRADA_RAW\suzukitradajateng.co.id\assets\images\exterior\ss\exterior-85e1f.webp","D:\Papah\suzukisemarangcenter\SUZUKI_CENTER_ASSETS_FINAL\COMMON\EXTERIOR\exterior-85e1f.webp","Error formatting a string: Input string was not in a correct format.."
"COPIED","Adaptive cruise control.png","D:\Papah\suzukisemarangcenter\TRADA_RAW\suzukitradajateng.co.id\assets\images\fronx-safety-support\Adaptive cruise control.png","D:\Papah\suzukisemarangcenter\SUZUKI_CENTER_ASSETS_FINAL\PRODUCTS\FRONX\Adaptive cruise control.png",""
"COPIED","BSM.png","D:\Papah\suzukisemarangcenter\TRADA_RAW\suzukitradajateng.co.id\assets\images\fronx-safety-support\BSM.png","D:\Papah\suzukisemarangcenter\SUZUKI_CENTER_ASSETS_FINAL\PRODUCTS\FRONX\BSM.png",""
"COPIED","DSBSII.png","D:\Papah\suzukisemarangcenter\TRADA_RAW\suzukitradajateng.co.id\assets\images\fronx-safety-support\DSBSII.png","D:\Papah\suzukisemarangcenter\SUZUKI_CENTER_ASSETS_FINAL\PRODUCTS\FRONX\DSBSII.png",""
"COPIED","High Beam Assist.png","D:\Papah\suzukisemarangcenter\TRADA_RAW\suzukitradajateng.co.id\assets\images\fronx-safety-support\High Beam Assist.png","D:\Papah\suzukisemarangcenter\SUZUKI_CENTER_ASSETS_FINAL\PRODUCTS\FRONX\High Beam Assist.png",""
"COPIED","HILL HOLD CONTROL.png","D:\Papah\suzukisemarangcenter\TRADA_RAW\suzukitradajateng.co.id\assets\images\fronx-safety-support\HILL HOLD CONTROL.png","D:\Papah\suzukisemarangcenter\SUZUKI_CENTER_ASSETS_FINAL\PRODUCTS\FRONX\HILL HOLD CONTROL.png",""
"COPIED","lane departure prevention.png","D:\Papah\suzukisemarangcenter\TRADA_RAW\suzukitradajateng.co.id\assets\images\fronx-safety-support\lane departure prevention.png","D:\Papah\suzukisemarangcenter\SUZUKI_CENTER_ASSETS_FINAL\PRODUCTS\FRONX\lane departure prevention.png",""
"COPIED","lane departure warning.png","D:\Papah\suzukisemarangcenter\TRADA_RAW\suzukitradajateng.co.id\assets\images\fronx-safety-support\lane departure warning.png","D:\Papah\suzukisemarangcenter\SUZUKI_CENTER_ASSETS_FINAL\PRODUCTS\FRONX\lane departure warning.png",""
"COPIED","lane keep asisstant.png","D:\Papah\suzukisemarangcenter\TRADA_RAW\suzukitradajateng.co.id\assets\images\fronx-safety-support\lane keep asisstant.png","D:\Papah\suzukisemarangcenter\SUZUKI_CENTER_ASSETS_FINAL\PRODUCTS\FRONX\lane keep asisstant.png",""
"COPIED","PARKING SENSOR.png","D:\Papah\suzukisemarangcenter\TRADA_RAW\suzukitradajateng.co.id\assets\images\fronx-safety-support\PARKING SENSOR.png","D:\Papah\suzukisemarangcenter\SUZUKI_CENTER_ASSETS_FINAL\PRODUCTS\FRONX\PARKING SENSOR.png",""
"COPIED","rear cross traffic alert.png","D:\Papah\suzukisemarangcenter\TRADA_RAW\suzukitradajateng.co.id\assets\images\fronx-safety-support\rear cross traffic alert.png","D:\Papah\suzukisemarangcenter\SUZUKI_CENTER_ASSETS_FINAL\PRODUCTS\FRONX\rear cross traffic alert.png",""
"COPIED","vehicle swaying warning.png","D:\Papah\suzukisemarangcenter\TRADA_RAW\suzukitradajateng.co.id\assets\images\fronx-safety-support\vehicle swaying warning.png","D:\Papah\suzukisemarangcenter\SUZUKI_CENTER_ASSETS_FINAL\PRODUCTS\FRONX\vehicle swaying warning.png",""
"FAILED","1.webp","D:\Papah\suzukisemarangcenter\TRADA_RAW\suzukitradajateng.co.id\assets\images\interior\grand-vitara\gx\1.webp","D:\Papah\suzukisemarangcenter\SUZUKI_CENTER_ASSETS_FINAL\PRODUCTS\GRAND_VITARA\1.webp","Error formatting a string: Input string was not in a correct format.."
"COPIED","10.webp","D:\Papah\suzukisemarangcenter\TRADA_RAW\suzukitradajateng.co.id\assets\images\interior\grand-vitara\gx\10.webp","D:\Papah\suzukisemarangcenter\SUZUKI_CENTER_ASSETS_FINAL\PRODUCTS\GRAND_VITARA\10.webp",""
"COPIED","11.webp","D:\Papah\suzukisemarangcenter\TRADA_RAW\suzukitradajateng.co.id\assets\images\interior\grand-vitara\gx\11.webp","D:\Papah\suzukisemarangcenter\SUZUKI_CENTER_ASSETS_FINAL\PRODUCTS\GRAND_VITARA\11.webp",""
"COPIED","12.webp","D:\Papah\suzukisemarangcenter\TRADA_RAW\suzukitradajateng.co.id\assets\images\interior\grand-vitara\gx\12.webp","D:\Papah\suzukisemarangcenter\SUZUKI_CENTER_ASSETS_FINAL\PRODUCTS\GRAND_VITARA\12.webp",""
"COPIED","13.webp","D:\Papah\suzukisemarangcenter\TRADA_RAW\suzukitradajateng.co.id\assets\images\interior\grand-vitara\gx\13.webp","D:\Papah\suzukisemarangcenter\SUZUKI_CENTER_ASSETS_FINAL\PRODUCTS\GRAND_VITARA\13.webp",""
"COPIED","14.webp","D:\Papah\suzukisemarangcenter\TRADA_RAW\suzukitradajateng.co.id\assets\images\interior\grand-vitara\gx\14.webp","D:\Papah\suzukisemarangcenter\SUZUKI_CENTER_ASSETS_FINAL\PRODUCTS\GRAND_VITARA\14.webp",""
"COPIED","15.webp","D:\Papah\suzukisemarangcenter\TRADA_RAW\suzukitradajateng.co.id\assets\images\interior\grand-vitara\gx\15.webp","D:\Papah\suzukisemarangcenter\SUZUKI_CENTER_ASSETS_FINAL\PRODUCTS\GRAND_VITARA\15.webp",""
"COPIED","16.webp","D:\Papah\suzukisemarangcenter\TRADA_RAW\suzukitradajateng.co.id\assets\images\interior\grand-vitara\gx\16.webp","D:\Papah\suzukisemarangcenter\SUZUKI_CENTER_ASSETS_FINAL\PRODUCTS\GRAND_VITARA\16.webp",""
"COPIED","17 inch Dual - Tone Alloy Wheels.png","D:\Papah\suzukisemarangcenter\TRADA_RAW\suzukitradajateng.co.id\assets\images\interior\grand-vitara\gx\17 inch Dual - Tone Alloy Wheels.png","D:\Papah\suzukisemarangcenter\SUZUKI_CENTER_ASSETS_FINAL\PRODUCTS\GRAND_VITARA\17 inch Dual - Tone Alloy Wheels.png",""
"COPIED","17.webp","D:\Papah\suzukisemarangcenter\TRADA_RAW\suzukitradajateng.co.id\assets\images\interior\grand-vitara\gx\17.webp","D:\Papah\suzukisemarangcenter\SUZUKI_CENTER_ASSETS_FINAL\PRODUCTS\GRAND_VITARA\17.webp",""
"COPIED","18.webp","D:\Papah\suzukisemarangcenter\TRADA_RAW\suzukitradajateng.co.id\assets\images\interior\grand-vitara\gx\18.webp","D:\Papah\suzukisemarangcenter\SUZUKI_CENTER_ASSETS_FINAL\PRODUCTS\GRAND_VITARA\18.webp",""
"COPIED","19.webp","D:\Papah\suzukisemarangcenter\TRADA_RAW\suzukitradajateng.co.id\assets\images\interior\grand-vitara\gx\19.webp","D:\Papah\suzukisemarangcenter\SUZUKI_CENTER_ASSETS_FINAL\PRODUCTS\GRAND_VITARA\19.webp",""
"FAILED","2.webp","D:\Papah\suzukisemarangcenter\TRADA_RAW\suzukitradajateng.co.id\assets\images\interior\grand-vitara\gx\2.webp","D:\Papah\suzukisemarangcenter\SUZUKI_CENTER_ASSETS_FINAL\PRODUCTS\GRAND_VITARA\2.webp","Error formatting a string: Input string was not in a correct format.."
"COPIED","20.webp","D:\Papah\suzukisemarangcenter\TRADA_RAW\suzukitradajateng.co.id\assets\images\interior\grand-vitara\gx\20.webp","D:\Papah\suzukisemarangcenter\SUZUKI_CENTER_ASSETS_FINAL\PRODUCTS\GRAND_VITARA\20.webp",""
"COPIED","21.webp","D:\Papah\suzukisemarangcenter\TRADA_RAW\suzukitradajateng.co.id\assets\images\interior\grand-vitara\gx\21.webp","D:\Papah\suzukisemarangcenter\SUZUKI_CENTER_ASSETS_FINAL\PRODUCTS\GRAND_VITARA\21.webp",""
"COPIED","22.webp","D:\Papah\suzukisemarangcenter\TRADA_RAW\suzukitradajateng.co.id\assets\images\interior\grand-vitara\gx\22.webp","D:\Papah\suzukisemarangcenter\SUZUKI_CENTER_ASSETS_FINAL\PRODUCTS\GRAND_VITARA\22.webp",""
"COPIED","23.webp","D:\Papah\suzukisemarangcenter\TRADA_RAW\suzukitradajateng.co.id\assets\images\interior\grand-vitara\gx\23.webp","D:\Papah\suzukisemarangcenter\SUZUKI_CENTER_ASSETS_FINAL\PRODUCTS\GRAND_VITARA\23.webp",""
"COPIED","24.webp","D:\Papah\suzukisemarangcenter\TRADA_RAW\suzukitradajateng.co.id\assets\images\interior\grand-vitara\gx\24.webp","D:\Papah\suzukisemarangcenter\SUZUKI_CENTER_ASSETS_FINAL\PRODUCTS\GRAND_VITARA\24.webp",""
"COPIED","25.webp","D:\Papah\suzukisemarangcenter\TRADA_RAW\suzukitradajateng.co.id\assets\images\interior\grand-vitara\gx\25.webp","D:\Papah\suzukisemarangcenter\SUZUKI_CENTER_ASSETS_FINAL\PRODUCTS\GRAND_VITARA\25.webp",""
"COPIED","26.webp","D:\Papah\suzukisemarangcenter\TRADA_RAW\suzukitradajateng.co.id\assets\images\interior\grand-vitara\gx\26.webp","D:\Papah\suzukisemarangcenter\SUZUKI_CENTER_ASSETS_FINAL\PRODUCTS\GRAND_VITARA\26.webp",""
"FAILED","3.webp","D:\Papah\suzukisemarangcenter\TRADA_RAW\suzukitradajateng.co.id\assets\images\interior\grand-vitara\gx\3.webp","D:\Papah\suzukisemarangcenter\SUZUKI_CENTER_ASSETS_FINAL\PRODUCTS\GRAND_VITARA\3.webp","Error formatting a string: Input string was not in a correct format.."
"FAILED","4.webp","D:\Papah\suzukisemarangcenter\TRADA_RAW\suzukitradajateng.co.id\assets\images\interior\grand-vitara\gx\4.webp","D:\Papah\suzukisemarangcenter\SUZUKI_CENTER_ASSETS_FINAL\PRODUCTS\GRAND_VITARA\4.webp","Error formatting a string: Input string was not in a correct format.."
"COPIED","6.webp","D:\Papah\suzukisemarangcenter\TRADA_RAW\suzukitradajateng.co.id\assets\images\interior\grand-vitara\gx\6.webp","D:\Papah\suzukisemarangcenter\SUZUKI_CENTER_ASSETS_FINAL\PRODUCTS\GRAND_VITARA\6.webp",""
"COPIED","7 inch Digital TFT Color Multi-Information Display.png","D:\Papah\suzukisemarangcenter\TRADA_RAW\suzukitradajateng.co.id\assets\images\interior\grand-vitara\gx\7 inch Digital TFT Color Multi-Information Display.png","D:\Papah\suzukisemarangcenter\SUZUKI_CENTER_ASSETS_FINAL\PRODUCTS\GRAND_VITARA\7 inch Digital TFT Color Multi-Information Display.png",""
"FAILED","7.webp","D:\Papah\suzukisemarangcenter\TRADA_RAW\suzukitradajateng.co.id\assets\images\interior\grand-vitara\gx\7.webp","D:\Papah\suzukisemarangcenter\SUZUKI_CENTER_ASSETS_FINAL\PRODUCTS\GRAND_VITARA\7.webp","Error formatting a string: Input string was not in a correct format.."
"FAILED","8.webp","D:\Papah\suzukisemarangcenter\TRADA_RAW\suzukitradajateng.co.id\assets\images\interior\grand-vitara\gx\8.webp","D:\Papah\suzukisemarangcenter\SUZUKI_CENTER_ASSETS_FINAL\PRODUCTS\GRAND_VITARA\8.webp","Error formatting a string: Input string was not in a correct format.."
"COPIED","9.webp","D:\Papah\suzukisemarangcenter\TRADA_RAW\suzukitradajateng.co.id\assets\images\interior\grand-vitara\gx\9.webp","D:\Papah\suzukisemarangcenter\SUZUKI_CENTER_ASSETS_FINAL\PRODUCTS\GRAND_VITARA\9.webp",""
"COPIED","Apple CarPlay & Android Auto.png","D:\Papah\suzukisemarangcenter\TRADA_RAW\suzukitradajateng.co.id\assets\images\interior\grand-vitara\gx\Apple CarPlay & Android Auto.png","D:\Papah\suzukisemarangcenter\SUZUKI_CENTER_ASSETS_FINAL\PRODUCTS\GRAND_VITARA\Apple CarPlay & Android Auto.png",""
"COPIED","Auto Climate AC.png","D:\Papah\suzukisemarangcenter\TRADA_RAW\suzukitradajateng.co.id\assets\images\interior\grand-vitara\gx\Auto Climate AC.png","D:\Papah\suzukisemarangcenter\SUZUKI_CENTER_ASSETS_FINAL\PRODUCTS\GRAND_VITARA\Auto Climate AC.png",""
"COPIED","Cabin Lamp (LED).png","D:\Papah\suzukisemarangcenter\TRADA_RAW\suzukitradajateng.co.id\assets\images\interior\grand-vitara\gx\Cabin Lamp (LED).png","D:\Papah\suzukisemarangcenter\SUZUKI_CENTER_ASSETS_FINAL\PRODUCTS\GRAND_VITARA\Cabin Lamp (LED).png",""
"COPIED","Excellent Comfort.png","D:\Papah\suzukisemarangcenter\TRADA_RAW\suzukitradajateng.co.id\assets\images\interior\grand-vitara\gx\Excellent Comfort.png","D:\Papah\suzukisemarangcenter\SUZUKI_CENTER_ASSETS_FINAL\PRODUCTS\GRAND_VITARA\Excellent Comfort.png",""
"COPIED","Panoramic Sunroof.png","D:\Papah\suzukisemarangcenter\TRADA_RAW\suzukitradajateng.co.id\assets\images\interior\grand-vitara\gx\Panoramic Sunroof.png","D:\Papah\suzukisemarangcenter\SUZUKI_CENTER_ASSETS_FINAL\PRODUCTS\GRAND_VITARA\Panoramic Sunroof.png",""
"COPIED","Spot Map Lamp (LED).png","D:\Papah\suzukisemarangcenter\TRADA_RAW\suzukitradajateng.co.id\assets\images\interior\grand-vitara\gx\Spot Map Lamp (LED).png","D:\Papah\suzukisemarangcenter\SUZUKI_CENTER_ASSETS_FINAL\PRODUCTS\GRAND_VITARA\Spot Map Lamp (LED).png",""
"COPIED","Ventilated Seats.png","D:\Papah\suzukisemarangcenter\TRADA_RAW\suzukitradajateng.co.id\assets\images\interior\grand-vitara\gx\Ventilated Seats.png","D:\Papah\suzukisemarangcenter\SUZUKI_CENTER_ASSETS_FINAL\PRODUCTS\GRAND_VITARA\Ventilated Seats.png",""
"COPIED","interior-15e1f.webp","D:\Papah\suzukisemarangcenter\TRADA_RAW\suzukitradajateng.co.id\assets\images\interior\gx\interior-15e1f.webp","D:\Papah\suzukisemarangcenter\SUZUKI_CENTER_ASSETS_FINAL\COMMON\INTERIOR\interior-15e1f.webp",""
"COPIED","interior-25e1f.webp","D:\Papah\suzukisemarangcenter\TRADA_RAW\suzukitradajateng.co.id\assets\images\interior\gx\interior-25e1f.webp","D:\Papah\suzukisemarangcenter\SUZUKI_CENTER_ASSETS_FINAL\COMMON\INTERIOR\interior-25e1f.webp",""
"COPIED","interior-35e1f.webp","D:\Papah\suzukisemarangcenter\TRADA_RAW\suzukitradajateng.co.id\assets\images\interior\gx\interior-35e1f.webp","D:\Papah\suzukisemarangcenter\SUZUKI_CENTER_ASSETS_FINAL\COMMON\INTERIOR\interior-35e1f.webp",""
"COPIED","interior-45e1f.webp","D:\Papah\suzukisemarangcenter\TRADA_RAW\suzukitradajateng.co.id\assets\images\interior\gx\interior-45e1f.webp","D:\Papah\suzukisemarangcenter\SUZUKI_CENTER_ASSETS_FINAL\COMMON\INTERIOR\interior-45e1f.webp",""
"COPIED","interior-65e1f.webp","D:\Papah\suzukisemarangcenter\TRADA_RAW\suzukitradajateng.co.id\assets\images\interior\gx\interior-65e1f.webp","D:\Papah\suzukisemarangcenter\SUZUKI_CENTER_ASSETS_FINAL\COMMON\INTERIOR\interior-65e1f.webp",""
"COPIED","interior-75e1f.webp","D:\Papah\suzukisemarangcenter\TRADA_RAW\suzukitradajateng.co.id\assets\images\interior\gx\interior-75e1f.webp","D:\Papah\suzukisemarangcenter\SUZUKI_CENTER_ASSETS_FINAL\COMMON\INTERIOR\interior-75e1f.webp",""
"COPIED","interior-85e1f.webp","D:\Papah\suzukisemarangcenter\TRADA_RAW\suzukitradajateng.co.id\assets\images\interior\gx\interior-85e1f.webp","D:\Papah\suzukisemarangcenter\SUZUKI_CENTER_ASSETS_FINAL\COMMON\INTERIOR\interior-85e1f.webp",""
"COPIED","interior-95e1f.webp","D:\Papah\suzukisemarangcenter\TRADA_RAW\suzukitradajateng.co.id\assets\images\interior\gx\interior-95e1f.webp","D:\Papah\suzukisemarangcenter\SUZUKI_CENTER_ASSETS_FINAL\COMMON\INTERIOR\interior-95e1f.webp",""
"FAILED","interior-15e1f.webp","D:\Papah\suzukisemarangcenter\TRADA_RAW\suzukitradajateng.co.id\assets\images\interior\ss\interior-15e1f.webp","D:\Papah\suzukisemarangcenter\SUZUKI_CENTER_ASSETS_FINAL\COMMON\INTERIOR\interior-15e1f.webp","Error formatting a string: Input string was not in a correct format.."
"FAILED","interior-25e1f.webp","D:\Papah\suzukisemarangcenter\TRADA_RAW\suzukitradajateng.co.id\assets\images\interior\ss\interior-25e1f.webp","D:\Papah\suzukisemarangcenter\SUZUKI_CENTER_ASSETS_FINAL\COMMON\INTERIOR\interior-25e1f.webp","Error formatting a string: Input string was not in a correct format.."
"FAILED","interior-35e1f.webp","D:\Papah\suzukisemarangcenter\TRADA_RAW\suzukitradajateng.co.id\assets\images\interior\ss\interior-35e1f.webp","D:\Papah\suzukisemarangcenter\SUZUKI_CENTER_ASSETS_FINAL\COMMON\INTERIOR\interior-35e1f.webp","Error formatting a string: Input string was not in a correct format.."
"FAILED","interior-45e1f.webp","D:\Papah\suzukisemarangcenter\TRADA_RAW\suzukitradajateng.co.id\assets\images\interior\ss\interior-45e1f.webp","D:\Papah\suzukisemarangcenter\SUZUKI_CENTER_ASSETS_FINAL\COMMON\INTERIOR\interior-45e1f.webp","Error formatting a string: Input string was not in a correct format.."
"COPIED","interior-55e1f.webp","D:\Papah\suzukisemarangcenter\TRADA_RAW\suzukitradajateng.co.id\assets\images\interior\ss\interior-55e1f.webp","D:\Papah\suzukisemarangcenter\SUZUKI_CENTER_ASSETS_FINAL\COMMON\INTERIOR\interior-55e1f.webp",""
"FAILED","interior-65e1f.webp","D:\Papah\suzukisemarangcenter\TRADA_RAW\suzukitradajateng.co.id\assets\images\interior\ss\interior-65e1f.webp","D:\Papah\suzukisemarangcenter\SUZUKI_CENTER_ASSETS_FINAL\COMMON\INTERIOR\interior-65e1f.webp","Error formatting a string: Input string was not in a correct format.."
"FAILED","interior-75e1f.webp","D:\Papah\suzukisemarangcenter\TRADA_RAW\suzukitradajateng.co.id\assets\images\interior\ss\interior-75e1f.webp","D:\Papah\suzukisemarangcenter\SUZUKI_CENTER_ASSETS_FINAL\COMMON\INTERIOR\interior-75e1f.webp","Error formatting a string: Input string was not in a correct format.."
"FAILED","interior-85e1f.webp","D:\Papah\suzukisemarangcenter\TRADA_RAW\suzukitradajateng.co.id\assets\images\interior\ss\interior-85e1f.webp","D:\Papah\suzukisemarangcenter\SUZUKI_CENTER_ASSETS_FINAL\COMMON\INTERIOR\interior-85e1f.webp","Error formatting a string: Input string was not in a correct format.."
"ARCHIVE_SKIP","arrow-right.png","D:\Papah\suzukisemarangcenter\TRADA_RAW\suzukitradajateng.co.id\assets\img\arrow-right.png","","Archive/reference"
"ARCHIVE_SKIP","bg_breadcrumb.png","D:\Papah\suzukisemarangcenter\TRADA_RAW\suzukitradajateng.co.id\assets\img\bg_breadcrumb.png","","Archive/reference"
"COPIED","bg_hubungi-sales.png","D:\Papah\suzukisemarangcenter\TRADA_RAW\suzukitradajateng.co.id\assets\img\bg_hubungi-sales.png","D:\Papah\suzukisemarangcenter\SUZUKI_CENTER_ASSETS_FINAL\ARCHIVE\REFERENCE\bg_hubungi-sales.png",""
"ARCHIVE_SKIP","bg_page.png","D:\Papah\suzukisemarangcenter\TRADA_RAW\suzukitradajateng.co.id\assets\img\bg_page.png","","Archive/reference"
"ARCHIVE_SKIP","bg_produk-pilihan.png","D:\Papah\suzukisemarangcenter\TRADA_RAW\suzukitradajateng.co.id\assets\img\bg_produk-pilihan.png","","Archive/reference"
"ARCHIVE_SKIP","bg_stack-shadow_center.png","D:\Papah\suzukisemarangcenter\TRADA_RAW\suzukitradajateng.co.id\assets\img\bg_stack-shadow_center.png","","Archive/reference"
"ARCHIVE_SKIP","bg_stack-shadow_left.png","D:\Papah\suzukisemarangcenter\TRADA_RAW\suzukitradajateng.co.id\assets\img\bg_stack-shadow_left.png","","Archive/reference"
"ARCHIVE_SKIP","bg_stack-shadow_right.png","D:\Papah\suzukisemarangcenter\TRADA_RAW\suzukitradajateng.co.id\assets\img\bg_stack-shadow_right.png","","Archive/reference"
"COPIED","favicon.ico","D:\Papah\suzukisemarangcenter\TRADA_RAW\suzukitradajateng.co.id\assets\img\favicon.ico","D:\Papah\suzukisemarangcenter\SUZUKI_CENTER_ASSETS_FINAL\BRAND_UI\ICONS\favicon.ico",""
"COPIED","favicon_16_suzuki.png","D:\Papah\suzukisemarangcenter\TRADA_RAW\suzukitradajateng.co.id\assets\img\favicon_16_suzuki.png","D:\Papah\suzukisemarangcenter\SUZUKI_CENTER_ASSETS_FINAL\BRAND_UI\ICONS\favicon_16_suzuki.png",""
"COPIED","favicon_180_suzuki.png","D:\Papah\suzukisemarangcenter\TRADA_RAW\suzukitradajateng.co.id\assets\img\favicon_180_suzuki.png","D:\Papah\suzukisemarangcenter\SUZUKI_CENTER_ASSETS_FINAL\BRAND_UI\ICONS\favicon_180_suzuki.png",""
"COPIED","favicon_192_suzuki.png","D:\Papah\suzukisemarangcenter\TRADA_RAW\suzukitradajateng.co.id\assets\img\favicon_192_suzuki.png","D:\Papah\suzukisemarangcenter\SUZUKI_CENTER_ASSETS_FINAL\BRAND_UI\ICONS\favicon_192_suzuki.png",""
"COPIED","favicon_32_suzuki.png","D:\Papah\suzukisemarangcenter\TRADA_RAW\suzukitradajateng.co.id\assets\img\favicon_32_suzuki.png","D:\Papah\suzukisemarangcenter\SUZUKI_CENTER_ASSETS_FINAL\BRAND_UI\ICONS\favicon_32_suzuki.png",""
"COPIED","favicon_512_suzuki.png","D:\Papah\suzukisemarangcenter\TRADA_RAW\suzukitradajateng.co.id\assets\img\favicon_512_suzuki.png","D:\Papah\suzukisemarangcenter\SUZUKI_CENTER_ASSETS_FINAL\BRAND_UI\ICONS\favicon_512_suzuki.png",""
"COPIED","floating_icon_c_calc.png","D:\Papah\suzukisemarangcenter\TRADA_RAW\suzukitradajateng.co.id\assets\img\floating_icon_c_calc.png","D:\Papah\suzukisemarangcenter\SUZUKI_CENTER_ASSETS_FINAL\BRAND_UI\ICONS\floating_icon_c_calc.png",""
"COPIED","floating_icon_d_test-drive.png","D:\Papah\suzukisemarangcenter\TRADA_RAW\suzukitradajateng.co.id\assets\img\floating_icon_d_test-drive.png","D:\Papah\suzukisemarangcenter\SUZUKI_CENTER_ASSETS_FINAL\BRAND_UI\ICONS\floating_icon_d_test-drive.png",""
"COPIED","floating_icon_e_booking-service.png","D:\Papah\suzukisemarangcenter\TRADA_RAW\suzukitradajateng.co.id\assets\img\floating_icon_e_booking-service.png","D:\Papah\suzukisemarangcenter\SUZUKI_CENTER_ASSETS_FINAL\BRAND_UI\ICONS\floating_icon_e_booking-service.png",""
"COPIED","hero-angle.png","D:\Papah\suzukisemarangcenter\TRADA_RAW\suzukitradajateng.co.id\assets\img\hero-angle.png","D:\Papah\suzukisemarangcenter\SUZUKI_CENTER_ASSETS_FINAL\HOME\PROMO\hero-angle.png",""
"COPIED","icon_otp.png","D:\Papah\suzukisemarangcenter\TRADA_RAW\suzukitradajateng.co.id\assets\img\icon_otp.png","D:\Papah\suzukisemarangcenter\SUZUKI_CENTER_ASSETS_FINAL\BRAND_UI\ICONS\icon_otp.png",""
"COPIED","icon_top-bar_down.png","D:\Papah\suzukisemarangcenter\TRADA_RAW\suzukitradajateng.co.id\assets\img\icon_top-bar_down.png","D:\Papah\suzukisemarangcenter\SUZUKI_CENTER_ASSETS_FINAL\BRAND_UI\ICONS\icon_top-bar_down.png",""
"COPIED","icon_top-bar_marker.png","D:\Papah\suzukisemarangcenter\TRADA_RAW\suzukitradajateng.co.id\assets\img\icon_top-bar_marker.png","D:\Papah\suzukisemarangcenter\SUZUKI_CENTER_ASSETS_FINAL\BRAND_UI\ICONS\icon_top-bar_marker.png",""
"ARCHIVE_SKIP","line.png","D:\Papah\suzukisemarangcenter\TRADA_RAW\suzukitradajateng.co.id\assets\img\line.png","","Archive/reference"
"COPIED","parts.png","D:\Papah\suzukisemarangcenter\TRADA_RAW\suzukitradajateng.co.id\assets\img\parts.png","D:\Papah\suzukisemarangcenter\SUZUKI_CENTER_ASSETS_FINAL\ARCHIVE\REFERENCE\parts.png",""
"COPIED","putih_logo_splash.webp","D:\Papah\suzukisemarangcenter\TRADA_RAW\suzukitradajateng.co.id\assets\img\putih_logo_splash.webp","D:\Papah\suzukisemarangcenter\SUZUKI_CENTER_ASSETS_FINAL\BRAND_UI\ICONS\putih_logo_splash.webp",""
"COPIED","sales.png","D:\Papah\suzukisemarangcenter\TRADA_RAW\suzukitradajateng.co.id\assets\img\sales.png","D:\Papah\suzukisemarangcenter\SUZUKI_CENTER_ASSETS_FINAL\ARCHIVE\REFERENCE\sales.png",""
"COPIED","servis.png","D:\Papah\suzukisemarangcenter\TRADA_RAW\suzukitradajateng.co.id\assets\img\servis.png","D:\Papah\suzukisemarangcenter\SUZUKI_CENTER_ASSETS_FINAL\ARCHIVE\REFERENCE\servis.png",""
"COPIED","splash-mb.jpg","D:\Papah\suzukisemarangcenter\TRADA_RAW\suzukitradajateng.co.id\assets\img\splash-mb.jpg","D:\Papah\suzukisemarangcenter\SUZUKI_CENTER_ASSETS_FINAL\HOME\PROMO\splash-mb.jpg",""
"COPIED","sujuki.png","D:\Papah\suzukisemarangcenter\TRADA_RAW\suzukitradajateng.co.id\assets\img\sujuki.png","D:\Papah\suzukisemarangcenter\SUZUKI_CENTER_ASSETS_FINAL\ARCHIVE\REFERENCE\sujuki.png",""
"COPIED","toggler-icon.svg","D:\Papah\suzukisemarangcenter\TRADA_RAW\suzukitradajateng.co.id\assets\img\toggler-icon.svg","D:\Papah\suzukisemarangcenter\SUZUKI_CENTER_ASSETS_FINAL\BRAND_UI\ICONS\toggler-icon.svg",""
"COPIED","grand-vitara.png","D:\Papah\suzukisemarangcenter\TRADA_RAW\suzukitradajateng.co.id\assets\img\v2\grand-vitara.png","D:\Papah\suzukisemarangcenter\SUZUKI_CENTER_ASSETS_FINAL\PRODUCTS\GRAND_VITARA\grand-vitara.png",""
"COPIED","xl7-exterior-kv.png","D:\Papah\suzukisemarangcenter\TRADA_RAW\suzukitradajateng.co.id\assets\img\v2\xl7-exterior-kv.png","D:\Papah\suzukisemarangcenter\SUZUKI_CENTER_ASSETS_FINAL\PRODUCTS\XL7_HYBRID\xl7-exterior-kv.png",""
"COPIED","xl7-interior-kv.png","D:\Papah\suzukisemarangcenter\TRADA_RAW\suzukitradajateng.co.id\assets\img\v2\xl7-interior-kv.png","D:\Papah\suzukisemarangcenter\SUZUKI_CENTER_ASSETS_FINAL\PRODUCTS\XL7_HYBRID\xl7-interior-kv.png",""
"COPIED","about-new.webp","D:\Papah\suzukisemarangcenter\TRADA_RAW\suzukitradajateng.co.id\assets\img\v2\banner\about-new.webp","D:\Papah\suzukisemarangcenter\SUZUKI_CENTER_ASSETS_FINAL\HOME\PROMO\about-new.webp",""
"COPIED","banner-new-mb.webp","D:\Papah\suzukisemarangcenter\TRADA_RAW\suzukitradajateng.co.id\assets\img\v2\banner\banner-new-mb.webp","D:\Papah\suzukisemarangcenter\SUZUKI_CENTER_ASSETS_FINAL\HOME\PROMO\banner-new-mb.webp",""
"COPIED","banner-new.webp","D:\Papah\suzukisemarangcenter\TRADA_RAW\suzukitradajateng.co.id\assets\img\v2\banner\banner-new.webp","D:\Papah\suzukisemarangcenter\SUZUKI_CENTER_ASSETS_FINAL\HOME\PROMO\banner-new.webp",""
"COPIED","page-contact.webp","D:\Papah\suzukisemarangcenter\TRADA_RAW\suzukitradajateng.co.id\assets\img\v2\banner\page-contact.webp","D:\Papah\suzukisemarangcenter\SUZUKI_CENTER_ASSETS_FINAL\HOME\PROMO\page-contact.webp",""
"COPIED","page-news.webp","D:\Papah\suzukisemarangcenter\TRADA_RAW\suzukitradajateng.co.id\assets\img\v2\banner\page-news.webp","D:\Papah\suzukisemarangcenter\SUZUKI_CENTER_ASSETS_FINAL\HOME\PROMO\page-news.webp",""
"COPIED","page-part.webp","D:\Papah\suzukisemarangcenter\TRADA_RAW\suzukitradajateng.co.id\assets\img\v2\banner\page-part.webp","D:\Papah\suzukisemarangcenter\SUZUKI_CENTER_ASSETS_FINAL\HOME\PROMO\page-part.webp",""
"COPIED","page-service.webp","D:\Papah\suzukisemarangcenter\TRADA_RAW\suzukitradajateng.co.id\assets\img\v2\banner\page-service.webp","D:\Papah\suzukisemarangcenter\SUZUKI_CENTER_ASSETS_FINAL\HOME\PROMO\page-service.webp",""
"COPIED","page-simulasi-kredit.webp","D:\Papah\suzukisemarangcenter\TRADA_RAW\suzukitradajateng.co.id\assets\img\v2\banner\page-simulasi-kredit.webp","D:\Papah\suzukisemarangcenter\SUZUKI_CENTER_ASSETS_FINAL\HOME\PROMO\page-simulasi-kredit.webp",""
"COPIED","privacy-banner.webp","D:\Papah\suzukisemarangcenter\TRADA_RAW\suzukitradajateng.co.id\assets\img\v2\banner\privacy-banner.webp","D:\Papah\suzukisemarangcenter\SUZUKI_CENTER_ASSETS_FINAL\HOME\PROMO\privacy-banner.webp",""
"COPIED","produk-new.webp","D:\Papah\suzukisemarangcenter\TRADA_RAW\suzukitradajateng.co.id\assets\img\v2\banner\produk-new.webp","D:\Papah\suzukisemarangcenter\SUZUKI_CENTER_ASSETS_FINAL\HOME\PROMO\produk-new.webp",""
"COPIED","hub-sales.jpg","D:\Papah\suzukisemarangcenter\TRADA_RAW\suzukitradajateng.co.id\assets\img\v2\icon\hub-sales.jpg","D:\Papah\suzukisemarangcenter\SUZUKI_CENTER_ASSETS_FINAL\BRAND_UI\ICONS\hub-sales.jpg",""
"COPIED","hub-sales.webp","D:\Papah\suzukisemarangcenter\TRADA_RAW\suzukitradajateng.co.id\assets\img\v2\icon\hub-sales.webp","D:\Papah\suzukisemarangcenter\SUZUKI_CENTER_ASSETS_FINAL\BRAND_UI\ICONS\hub-sales.webp",""
"COPIED","jadwal-service.jpg","D:\Papah\suzukisemarangcenter\TRADA_RAW\suzukitradajateng.co.id\assets\img\v2\icon\jadwal-service.jpg","D:\Papah\suzukisemarangcenter\SUZUKI_CENTER_ASSETS_FINAL\BRAND_UI\ICONS\jadwal-service.jpg",""
"COPIED","jadwal-service.webp","D:\Papah\suzukisemarangcenter\TRADA_RAW\suzukitradajateng.co.id\assets\img\v2\icon\jadwal-service.webp","D:\Papah\suzukisemarangcenter\SUZUKI_CENTER_ASSETS_FINAL\BRAND_UI\ICONS\jadwal-service.webp",""
"COPIED","pesan-part.jpg","D:\Papah\suzukisemarangcenter\TRADA_RAW\suzukitradajateng.co.id\assets\img\v2\icon\pesan-part.jpg","D:\Papah\suzukisemarangcenter\SUZUKI_CENTER_ASSETS_FINAL\BRAND_UI\ICONS\pesan-part.jpg",""
"COPIED","pesan-part.webp","D:\Papah\suzukisemarangcenter\TRADA_RAW\suzukitradajateng.co.id\assets\img\v2\icon\pesan-part.webp","D:\Papah\suzukisemarangcenter\SUZUKI_CENTER_ASSETS_FINAL\BRAND_UI\ICONS\pesan-part.webp",""
"COPIED","simulasi-kredit.jpg","D:\Papah\suzukisemarangcenter\TRADA_RAW\suzukitradajateng.co.id\assets\img\v2\icon\simulasi-kredit.jpg","D:\Papah\suzukisemarangcenter\SUZUKI_CENTER_ASSETS_FINAL\BRAND_UI\ICONS\simulasi-kredit.jpg",""
"COPIED","simulasi-kredit.webp","D:\Papah\suzukisemarangcenter\TRADA_RAW\suzukitradajateng.co.id\assets\img\v2\icon\simulasi-kredit.webp","D:\Papah\suzukisemarangcenter\SUZUKI_CENTER_ASSETS_FINAL\BRAND_UI\ICONS\simulasi-kredit.webp",""
"COPIED","news-1.webp","D:\Papah\suzukisemarangcenter\TRADA_RAW\suzukitradajateng.co.id\assets\img\v2\post\news-1.webp","D:\Papah\suzukisemarangcenter\SUZUKI_CENTER_ASSETS_FINAL\ARTICLES\news-1.webp",""
"COPIED","ertiga.webp","D:\Papah\suzukisemarangcenter\TRADA_RAW\suzukitradajateng.co.id\assets\img\v2\product\ertiga.webp","D:\Papah\suzukisemarangcenter\SUZUKI_CENTER_ASSETS_FINAL\PRODUCTS\ERTIGA_HYBRID\ertiga.webp",""
"ARCHIVE_SKIP","seat.svg","D:\Papah\suzukisemarangcenter\TRADA_RAW\suzukitradajateng.co.id\assets\img\v2\product-page\seat.svg","","Archive/reference"
"ARCHIVE_SKIP","transmisi.svg","D:\Papah\suzukisemarangcenter\TRADA_RAW\suzukitradajateng.co.id\assets\img\v2\product-page\transmisi.svg","","Archive/reference"
"ARCHIVE_SKIP","arrow-down.svg","D:\Papah\suzukisemarangcenter\TRADA_RAW\suzukitradajateng.co.id\assets\img\v2\svg\arrow-down.svg","","Archive/reference"
"ARCHIVE_SKIP","arrow-right-outlet.svg","D:\Papah\suzukisemarangcenter\TRADA_RAW\suzukitradajateng.co.id\assets\img\v2\svg\arrow-right-outlet.svg","","Archive/reference"
"ARCHIVE_SKIP","arrow-right.svg","D:\Papah\suzukisemarangcenter\TRADA_RAW\suzukitradajateng.co.id\assets\img\v2\svg\arrow-right.svg","","Archive/reference"
"ARCHIVE_SKIP","date.svg","D:\Papah\suzukisemarangcenter\TRADA_RAW\suzukitradajateng.co.id\assets\img\v2\svg\date.svg","","Archive/reference"
"ARCHIVE_SKIP","fb.svg","D:\Papah\suzukisemarangcenter\TRADA_RAW\suzukitradajateng.co.id\assets\img\v2\svg\fb.svg","","Archive/reference"
"ARCHIVE_SKIP","ig.svg","D:\Papah\suzukisemarangcenter\TRADA_RAW\suzukitradajateng.co.id\assets\img\v2\svg\ig.svg","","Archive/reference"
"COPIED","logo.svg","D:\Papah\suzukisemarangcenter\TRADA_RAW\suzukitradajateng.co.id\assets\img\v2\svg\logo.svg","D:\Papah\suzukisemarangcenter\SUZUKI_CENTER_ASSETS_FINAL\BRAND_UI\ICONS\logo.svg",""
"ARCHIVE_SKIP","plus.svg","D:\Papah\suzukisemarangcenter\TRADA_RAW\suzukitradajateng.co.id\assets\img\v2\svg\plus.svg","","Archive/reference"
"ARCHIVE_SKIP","right-bc.svg","D:\Papah\suzukisemarangcenter\TRADA_RAW\suzukitradajateng.co.id\assets\img\v2\svg\right-bc.svg","","Archive/reference"
"ARCHIVE_SKIP","share.svg","D:\Papah\suzukisemarangcenter\TRADA_RAW\suzukitradajateng.co.id\assets\img\v2\svg\share.svg","","Archive/reference"
"ARCHIVE_SKIP","telephone.svg","D:\Papah\suzukisemarangcenter\TRADA_RAW\suzukitradajateng.co.id\assets\img\v2\svg\telephone.svg","","Archive/reference"
"ARCHIVE_SKIP","user.svg","D:\Papah\suzukisemarangcenter\TRADA_RAW\suzukitradajateng.co.id\assets\img\v2\svg\user.svg","","Archive/reference"
"ARCHIVE_SKIP","wa.svg","D:\Papah\suzukisemarangcenter\TRADA_RAW\suzukitradajateng.co.id\assets\img\v2\svg\wa.svg","","Archive/reference"
"ARCHIVE_SKIP","yt.svg","D:\Papah\suzukisemarangcenter\TRADA_RAW\suzukitradajateng.co.id\assets\img\v2\svg\yt.svg","","Archive/reference"
"ARCHIVE_SKIP","email-v2.svg","D:\Papah\suzukisemarangcenter\TRADA_RAW\suzukitradajateng.co.id\assets\svg\email-v2.svg","","Archive/reference"
"ARCHIVE_SKIP","fb-v2.svg","D:\Papah\suzukisemarangcenter\TRADA_RAW\suzukitradajateng.co.id\assets\svg\fb-v2.svg","","Archive/reference"
"ARCHIVE_SKIP","telegram-v2.svg","D:\Papah\suzukisemarangcenter\TRADA_RAW\suzukitradajateng.co.id\assets\svg\telegram-v2.svg","","Archive/reference"
"ARCHIVE_SKIP","wa-v2.svg","D:\Papah\suzukisemarangcenter\TRADA_RAW\suzukitradajateng.co.id\assets\svg\wa-v2.svg","","Archive/reference"
"ARCHIVE_SKIP","x-v2.svg","D:\Papah\suzukisemarangcenter\TRADA_RAW\suzukitradajateng.co.id\assets\svg\x-v2.svg","","Archive/reference"
"COPIED","131914304_s.jpg","D:\Papah\suzukisemarangcenter\TRADA_RAW\www.suzuki.co.id\uploads\image\131914304_s.jpg","D:\Papah\suzukisemarangcenter\SUZUKI_CENTER_ASSETS_FINAL\ARTICLES\131914304_s.jpg",""
"ARCHIVE_SKIP","Suzuki_Digimod_Contest_-_Pemenang_Favorit_1__1_.jpg","D:\Papah\suzukisemarangcenter\TRADA_RAW\www.suzuki.co.id\uploads\image\Suzuki_Digimod_Contest_-_Pemenang_Favorit_1__1_.jpg","","Archive/reference"
"ARCHIVE_SKIP","Suzuki_Digimod_Contest_-_Pemenang_Favorit_2__1_.jpg","D:\Papah\suzukisemarangcenter\TRADA_RAW\www.suzuki.co.id\uploads\image\Suzuki_Digimod_Contest_-_Pemenang_Favorit_2__1_.jpg","","Archive/reference"
"ARCHIVE_SKIP","Suzuki_Digimod_Contest_-_Pemenang_Favorit_3__1_.jpg","D:\Papah\suzukisemarangcenter\TRADA_RAW\www.suzuki.co.id\uploads\image\Suzuki_Digimod_Contest_-_Pemenang_Favorit_3__1_.jpg","","Archive/reference"
"ARCHIVE_SKIP","Suzuki_Digimod_Contest_-_Pemenang_Utama__1_.jpg","D:\Papah\suzukisemarangcenter\TRADA_RAW\www.suzuki.co.id\uploads\image\Suzuki_Digimod_Contest_-_Pemenang_Utama__1_.jpg","","Archive/reference"
